0 1 0
2 3 0
2 4 0
5 6 0
7 0 172800
7 6 172800
6 7 172800
7 8 172800
7 4 172800
9 10 259200
4 0 345600
4 6 345600
4 5 345600
4 7 345600
4 8 345600
11 12 432000
12 11 432000
6 12 518400
5 12 518400
12 5 518400
9 2 604800
2 9 604800
9 13 604800
14 2 864000
2 14 864000
15 12 950400
12 15 950400
16 5 1036800
2 0 1296000
16 0 1468800
0 16 1468800
5 17 1555200
17 5 1555200
0 9 1728000
18 5 1814400
15 0 1814400
0 2 1814400
0 15 1814400
18 0 1900800
19 20 1900800
20 19 1900800
9 0 1987200
8 0 2073600
17 14 2160000
21 19 2246400
19 21 2246400
22 17 2332800
21 22 2332800
22 21 2332800
22 23 2332800
10 9 2419200
10 24 2419200
2 17 2505600
17 2 2505600
23 22 2851200
25 14 2851200
26 14 2851200
14 25 2851200
14 26 2851200
20 27 2937600
27 20 2937600
20 7 3024000
7 20 3024000
20 17 3110400
17 20 3110400
14 17 3456000
12 28 3542400
7 22 3542400
22 7 3542400
29 12 3628800
12 29 3628800
29 6 3628800
30 0 3715200
0 30 3715200
7 17 3974400
31 18 4233600
18 32 4233600
18 31 4233600
13 17 4233600
17 13 4233600
31 22 4233600
22 31 4233600
12 33 4320000
27 34 4320000
35 17 4406400
17 24 4406400
17 35 4406400
36 37 4406400
16 10 4406400
10 16 4406400
29 38 4406400
39 0 4492800
0 39 4492800
39 40 4579200
27 40 4579200
40 39 4579200
40 27 4579200
28 12 4579200
37 36 4665600
31 10 4665600
10 31 4665600
36 0 4838400
0 36 4838400
27 12 4838400
12 27 4838400
37 41 4924800
31 13 4924800
13 31 4924800
42 27 5011200
43 27 5011200
27 42 5011200
27 43 5011200
44 31 5011200
31 44 5011200
32 18 5356800
32 27 5356800
27 32 5356800
32 45 5356800
45 32 5356800
9 22 5443200
22 9 5443200
32 46 5529600
46 32 5616000
47 17 5702400
48 1 5702400
1 48 5702400
49 31 5702400
31 49 5702400
32 1 5788800
1 32 5788800
50 0 5961600
0 50 5961600
51 50 5961600
51 40 6134400
22 12 6220800
12 22 6220800
27 52 6220800
33 12 6307200
53 40 6393600
40 53 6393600
48 36 6480000
36 48 6480000
54 17 6652800
17 54 6652800
36 27 6739200
27 36 6739200
27 55 6739200
10 17 6825600
56 17 6825600
17 56 6825600
57 37 6825600
37 57 6825600
57 40 6912000
40 57 6912000
57 58 6912000
57 38 6912000
54 22 6998400
22 54 6998400
59 22 7084800
22 59 7084800
5 59 7084800
5 16 7084800
51 0 7257600
51 17 7257600
17 51 7257600
40 30 7344000
53 43 7344000
43 53 7344000
53 10 7344000
10 53 7344000
58 38 7344000
35 0 7430400
0 6 7430400
0 10 7430400
0 35 7430400
38 0 7516800
60 17 7516800
17 60 7516800
38 10 7516800
38 22 7516800
38 5 7516800
38 58 7516800
38 13 7516800
38 29 7516800
38 57 7516800
38 1 7516800
28 55 7603200
37 27 7603200
52 27 7603200
27 37 7603200
61 10 7689600
62 61 7689600
63 61 7689600
61 62 7689600
61 63 7689600
64 6 7862400
6 64 7862400
39 20 7862400
20 39 7862400
55 28 7948800
55 27 7948800
13 64 7948800
64 13 7948800
46 1 7948800
56 0 8035200
51 64 8035200
65 64 8035200
64 51 8035200
64 65 8035200
66 17 8121600
17 66 8121600
66 27 8121600
27 66 8121600
51 37 8121600
37 51 8121600
1 46 8121600
51 56 8121600
56 51 8121600
17 40 8208000
17 67 8208000
40 51 8208000
67 17 8294400
64 7 8294400
39 64 8294400
68 64 8294400
64 68 8294400
65 67 8294400
67 65 8294400
55 0 8380800
0 55 8380800
69 6 8380800
6 69 8380800
69 64 8380800
64 69 8380800
55 70 8380800
70 55 8380800
69 55 8380800
55 35 8380800
55 69 8380800
64 71 8467200
71 64 8467200
34 64 8467200
55 65 8467200
65 55 8467200
72 0 8553600
0 72 8553600
40 73 8553600
74 27 8553600
27 74 8553600
75 6 8553600
10 61 8553600
7 64 8553600
73 27 8640000
27 73 8640000
43 76 8640000
55 6 8640000
6 55 8640000
55 71 8640000
71 55 8640000
64 61 8640000
61 64 8640000
77 64 8640000
64 77 8640000
64 78 8640000
64 34 8640000
79 80 8640000
39 80 8640000
80 79 8640000
81 55 8640000
55 81 8640000
78 34 8640000
30 17 8726400
17 30 8726400
82 27 8726400
27 82 8726400
80 64 8726400
64 80 8726400
59 0 8812800
0 56 8812800
0 59 8812800
83 40 8812800
40 83 8812800
64 27 8812800
27 64 8812800
76 43 8812800
84 17 8899200
17 84 8899200
59 7 8899200
7 59 8899200
64 39 8899200
59 80 8899200
80 59 8899200
39 75 8899200
59 75 8899200
75 59 8899200
75 39 8899200
64 43 8985600
43 64 8985600
17 0 9072000
0 17 9072000
85 27 9072000
27 85 9072000
80 6 9072000
6 80 9072000
82 64 9072000
64 82 9072000
34 27 9158400
41 70 9158400
70 41 9158400
86 6 9244800
6 86 9244800
78 86 9244800
86 78 9244800
87 27 9331200
27 87 9331200
55 43 9331200
88 40 9417600
40 43 9417600
40 88 9417600
27 89 9417600
86 37 9417600
37 86 9417600
23 90 9417600
90 23 9417600
86 61 9417600
61 86 9417600
91 64 9417600
64 91 9417600
77 86 9417600
86 77 9417600
17 86 9504000
84 71 9504000
71 84 9504000
23 92 9504000
93 84 9504000
84 93 9504000
34 0 9590400
71 94 9590400
94 71 9590400
95 80 9590400
80 95 9590400
44 34 9590400
34 44 9590400
0 24 9676800
74 40 9676800
40 74 9676800
89 27 9676800
77 6 9676800
6 77 9676800
70 71 9676800
71 70 9676800
96 86 9676800
86 96 9676800
97 71 9763200
71 97 9763200
64 98 9763200
98 64 9763200
70 62 9763200
97 62 9763200
62 70 9763200
62 97 9763200
97 64 9763200
64 97 9763200
99 17 9849600
39 17 9849600
41 17 9849600
17 99 9849600
17 39 9849600
69 37 9849600
37 69 9849600
100 17 9936000
101 17 9936000
17 100 9936000
17 101 9936000
92 23 9936000
102 17 10022400
17 102 10022400
103 43 10022400
43 103 10022400
39 71 10022400
104 43 10195200
61 43 10195200
43 55 10195200
43 104 10195200
43 61 10195200
6 0 10281600
55 17 10281600
98 40 10281600
40 98 10281600
90 43 10281600
43 90 10281600
70 105 10281600
105 70 10281600
40 94 10368000
17 18 10454400
106 17 10454400
17 106 10454400
107 40 10454400
108 40 10454400
40 107 10454400
40 108 10454400
107 94 10454400
94 107 10454400
14 40 10540800
40 104 10540800
40 14 10540800
44 109 10540800
109 44 10540800
77 17 10713600
17 77 10713600
110 40 10713600
40 110 10713600
40 111 10713600
112 17 10800000
17 112 10800000
64 111 10800000
111 64 10800000
18 17 10969200
17 55 10969200
17 113 10969200
51 114 10969200
114 51 10969200
69 40 10969200
40 115 10969200
116 69 10969200
69 116 10969200
107 117 10969200
117 107 10969200
34 17 11055600
118 17 11055600
34 40 11055600
40 34 11055600
117 119 11055600
119 117 11055600
112 44 11055600
120 17 11142000
17 120 11142000
40 121 11142000
40 69 11228400
69 70 11228400
70 69 11228400
17 119 11314800
80 121 11401200
122 17 11487600
17 118 11487600
17 46 11487600
46 17 11574000
112 2 11574000
2 112 11574000
123 114 11574000
114 123 11574000
30 40 11574000
80 43 11574000
43 80 11574000
119 17 11660400
124 17 11660400
124 114 11660400
114 124 11660400
124 40 11660400
43 40 11660400
125 40 11660400
40 124 11660400
40 125 11660400
124 14 11660400
124 64 11660400
80 44 11660400
124 121 11660400
87 123 11660400
50 65 11660400
65 50 11660400
18 55 11746800
17 124 11746800
70 126 11746800
126 70 11746800
14 124 11746800
62 127 11746800
76 70 11746800
70 76 11746800
76 114 11833200
80 22 11833200
22 80 11833200
62 78 11833200
128 127 11833200
127 128 11833200
89 57 11833200
129 40 11919600
130 40 11919600
40 129 11919600
40 130 11919600
14 122 11919600
121 124 11919600
92 131 12006000
131 55 12006000
131 92 12006000
92 132 12006000
40 0 12092400
14 0 12092400
133 0 12092400
134 0 12092400
0 135 12092400
0 133 12092400
0 64 12092400
0 134 12092400
40 17 12092400
92 114 12092400
114 92 12092400
40 136 12092400
22 6 12092400
131 14 12092400
14 131 12092400
134 121 12092400
40 127 12178800
40 137 12178800
134 23 12178800
138 40 12265200
40 138 12265200
40 139 12265200
101 110 12265200
110 101 12265200
100 0 12351600
43 0 12351600
0 43 12351600
140 17 12351600
17 140 12351600
14 90 12351600
44 80 12351600
141 119 12351600
119 141 12351600
142 40 12438000
40 142 12438000
143 119 12438000
119 143 12438000
144 17 12524400
145 17 12524400
43 114 12524400
114 43 12524400
146 114 12610800
147 114 12610800
114 146 12610800
114 147 12610800
148 37 12610800
148 22 12610800
22 148 12610800
149 80 12610800
80 149 12610800
37 0 12697200
0 37 12697200
6 17 12697200
113 17 12697200
17 44 12697200
17 27 12697200
17 22 12697200
17 6 12697200
17 7 12697200
17 33 12697200
62 114 12697200
114 62 12697200
150 40 12697200
6 40 12697200
40 150 12697200
62 6 12697200
6 44 12697200
6 38 12697200
70 22 12697200
22 70 12697200
138 151 12697200
151 138 12697200
152 119 12697200
119 152 12697200
44 142 12697200
142 44 12697200
153 18 12783600
18 153 12783600
154 0 12783600
0 154 12783600
0 155 12783600
30 114 12783600
114 30 12783600
114 156 12783600
157 40 12783600
156 40 12783600
137 40 12783600
40 157 12783600
41 37 12783600
41 80 12783600
80 41 12783600
151 41 12783600
113 41 12783600
41 151 12783600
41 113 12783600
30 59 12783600
158 18 12870000
18 158 12870000
159 40 12870000
40 156 12870000
40 159 12870000
40 160 12870000
161 126 12870000
126 161 12870000
33 7 12870000
156 155 12870000
159 155 12870000
155 156 12870000
155 159 12870000
86 119 12870000
119 86 12870000
162 40 12956400
163 40 12956400
40 162 12956400
40 163 12956400
164 45 12956400
160 0 13042800
143 0 13042800
0 160 13042800
0 143 13042800
70 17 13042800
86 17 13042800
17 70 13042800
160 114 13042800
160 40 13042800
47 40 13042800
165 40 13042800
40 166 13042800
40 47 13042800
40 165 13042800
47 43 13042800
43 47 13042800
160 14 13042800
14 160 13042800
119 167 13042800
167 119 13042800
160 155 13042800
155 160 13042800
157 85 13042800
37 131 13129200
168 5 13129200
5 168 13129200
169 168 13129200
168 169 13129200
170 0 13215600
0 170 13215600
0 171 13215600
17 171 13215600
152 114 13302000
114 152 13302000
10 172 13302000
156 61 13302000
167 76 13302000
156 59 13302000
173 118 13302000
118 173 13302000
174 18 13388400
18 174 13388400
67 114 13388400
114 67 13388400
175 40 13388400
176 40 13388400
40 176 13388400
40 177 13388400
67 27 13388400
27 67 13388400
178 126 13388400
179 126 13388400
126 178 13388400
126 179 13388400
180 5 13388400
5 180 13388400
175 80 13388400
80 175 13388400
150 67 13388400
67 150 13388400
181 178 13388400
178 181 13388400
93 0 13474800
0 54 13474800
37 17 13474800
76 17 13474800
114 139 13474800
40 181 13474800
144 90 13474800
178 90 13474800
90 144 13474800
90 178 13474800
161 87 13474800
182 0 13561200
0 182 13561200
17 162 13561200
139 114 13561200
114 76 13561200
170 40 13561200
40 38 13561200
40 183 13561200
40 170 13561200
10 138 13561200
178 184 13561200
184 178 13561200
67 0 13647600
185 0 13647600
0 67 13647600
0 185 13647600
181 17 13647600
17 181 13647600
178 114 13647600
114 178 13647600
186 40 13647600
187 40 13647600
183 40 13647600
40 187 13647600
40 186 13647600
131 37 13647600
178 37 13647600
71 39 13647600
71 76 13647600
131 7 13647600
67 167 13647600
167 67 13647600
188 189 13647600
189 188 13647600
67 183 13647600
87 161 13647600
190 67 13647600
67 190 13647600
131 54 13647600
178 119 13647600
119 178 13647600
17 152 13734000
17 191 13734000
192 114 13734000
193 114 13734000
194 114 13734000
114 192 13734000
114 193 13734000
114 194 13734000
195 196 13734000
119 14 13734000
14 119 13734000
197 167 13734000
167 197 13734000
150 185 13734000
198 199 13734000
200 119 13734000
119 200 13734000
17 201 13820400
202 114 13820400
65 114 13820400
114 65 13820400
7 40 13820400
166 40 13820400
136 40 13820400
166 43 13820400
110 43 13820400
203 126 13820400
126 203 13820400
136 90 13820400
90 136 13820400
136 71 13820400
71 136 13820400
136 166 13820400
166 150 13820400
166 176 13820400
62 204 13820400
129 80 13820400
80 129 13820400
205 155 13820400
155 205 13820400
199 198 13820400
19 131 13820400
131 19 13820400
0 206 13906800
201 17 13906800
114 202 13906800
200 12 13906800
12 200 13906800
161 37 13906800
37 161 13906800
139 50 13906800
185 207 13906800
207 185 13906800
138 13 13906800
208 179 13906800
179 208 13906800
113 204 13906800
204 113 13906800
184 17 13993200
209 17 13993200
17 62 13993200
17 184 13993200
17 209 13993200
182 114 13993200
114 182 13993200
14 210 13993200
210 14 13993200
211 40 13993200
127 40 13993200
40 211 13993200
212 37 13993200
37 212 13993200
166 14 13993200
14 213 13993200
214 62 13993200
62 214 13993200
9 209 13993200
211 215 13993200
215 211 13993200
212 19 13993200
19 212 13993200
96 0 14079600
0 96 14079600
179 40 14079600
40 179 14079600
200 71 14079600
71 200 14079600
199 7 14079600
216 119 14079600
119 216 14079600
217 200 14079600
218 200 14079600
200 217 14079600
200 218 14079600
17 175 14166000
119 114 14166000
114 119 14166000
111 40 14166000
40 135 14166000
14 195 14166000
195 14 14166000
14 111 14166000
111 14 14166000
185 14 14166000
14 185 14166000
219 90 14166000
90 219 14166000
166 185 14166000
166 186 14166000
113 185 14166000
185 113 14166000
1 87 14166000
87 1 14166000
113 220 14166000
220 113 14166000
221 200 14166000
222 0 14252400
223 0 14252400
0 222 14252400
0 223 14252400
113 114 14252400
114 113 14252400
210 224 14252400
222 40 14252400
40 222 14252400
119 183 14252400
183 119 14252400
13 138 14252400
17 225 14338800
17 161 14338800
40 114 14338800
224 210 14338800
27 141 14338800
224 7 14338800
7 224 14338800
225 166 14338800
166 225 14338800
209 9 14338800
185 53 14338800
224 44 14338800
23 226 14338800
23 227 14338800
222 178 14338800
225 17 14425200
152 17 14425200
131 17 14425200
228 17 14425200
137 17 14425200
53 17 14425200
17 228 14425200
17 137 14425200
17 131 14425200
17 53 14425200
44 114 14425200
229 114 14425200
114 44 14425200
114 229 14425200
44 210 14425200
210 44 14425200
230 40 14425200
231 37 14425200
232 37 14425200
37 231 14425200
37 232 14425200
233 126 14425200
126 233 14425200
166 190 14425200
232 185 14425200
234 161 14425200
161 234 14425200
227 23 14425200
235 23 14425200
23 235 14425200
178 127 14425200
127 178 14425200
236 199 14425200
199 236 14425200
35 55 14425200
44 222 14425200
222 44 14425200
44 237 14425200
44 191 14425200
191 44 14425200
28 17 14511600
206 17 14511600
17 206 14511600
238 114 14511600
239 114 14511600
114 238 14511600
114 239 14511600
220 14 14511600
240 14 14511600
14 220 14511600
14 241 14511600
14 240 14511600
166 242 14511600
166 243 14511600
227 62 14511600
238 185 14511600
244 185 14511600
185 238 14511600
185 244 14511600
245 246 14511600
110 131 14511600
148 13 14511600
247 229 14511600
229 247 14511600
245 238 14511600
238 245 14511600
160 18 14598000
18 160 14598000
17 12 14598000
127 114 14598000
114 127 14598000
248 40 14598000
40 7 14598000
40 248 14598000
238 126 14598000
126 238 14598000
166 180 14598000
166 249 14598000
166 198 14598000
175 250 14598000
250 175 14598000
251 161 14598000
161 251 14598000
246 245 14598000
148 131 14598000
131 148 14598000
50 226 14598000
233 113 14598000
44 204 14598000
204 44 14598000
210 0 14684400
221 17 14684400
114 17 14684400
252 17 14684400
17 114 14684400
17 252 14684400
233 114 14684400
253 114 14684400
114 160 14684400
114 233 14684400
114 253 14684400
254 12 14684400
27 255 14684400
250 256 14684400
37 256 14684400
71 256 14684400
256 250 14684400
256 71 14684400
257 62 14684400
62 257 14684400
191 67 14684400
67 191 14684400
68 0 14770800
233 0 14770800
0 68 14770800
0 233 14770800
191 17 14770800
258 17 14770800
17 65 14770800
17 258 14770800
68 114 14770800
114 12 14770800
114 68 14770800
256 210 14770800
210 256 14770800
259 40 14770800
260 40 14770800
209 40 14770800
40 209 14770800
71 261 14770800
166 7 14770800
259 166 14770800
246 166 14770800
166 259 14770800
166 156 14770800
189 62 14770800
62 189 14770800
262 161 14770800
161 262 14770800
19 224 14770800
131 259 14770800
191 263 14770800
193 216 14770800
113 233 14770800
253 0 14857200
0 253 14857200
9 17 14857200
264 17 14857200
17 69 14857200
265 114 14857200
264 114 14857200
114 265 14857200
114 264 14857200
176 27 14857200
266 27 14857200
27 166 14857200
27 176 14857200
27 266 14857200
215 22 14857200
22 215 14857200
266 166 14857200
166 207 14857200
9 80 14857200
80 9 14857200
9 267 14857200
268 161 14857200
44 161 14857200
161 268 14857200
161 44 14857200
137 204 14857200
204 206 14857200
237 44 14857200
269 253 14857200
253 269 14857200
270 18 14943600
100 114 14943600
271 114 14943600
114 100 14943600
114 271 14943600
191 40 14943600
40 191 14943600
27 117 14943600
272 126 14943600
126 272 14943600
44 14 14943600
14 44 14943600
273 94 14943600
94 273 14943600
261 71 14943600
131 5 14943600
5 131 14943600
260 166 14943600
166 199 14943600
183 67 14943600
237 100 14943600
100 237 14943600
261 246 14943600
246 261 14943600
274 219 14943600
219 274 14943600
131 267 14943600
275 229 14943600
229 275 14943600
158 276 14943600
276 158 14943600
277 266 14943600
266 277 14943600
263 191 14943600
278 17 15030000
65 17 15030000
245 17 15030000
279 17 15030000
17 245 15030000
17 98 15030000
17 279 15030000
12 114 15030000
241 114 15030000
280 28 15030000
28 280 15030000
63 12 15030000
12 24 15030000
12 63 15030000
77 256 15030000
281 256 15030000
256 77 15030000
256 281 15030000
193 126 15030000
126 193 15030000
246 90 15030000
90 246 15030000
282 166 15030000
166 282 15030000
166 283 15030000
166 284 15030000
280 139 15030000
139 280 15030000
279 285 15030000
285 286 15030000
285 279 15030000
287 70 15030000
277 70 15030000
70 287 15030000
70 277 15030000
279 161 15030000
161 279 15030000
255 175 15030000
175 141 15030000
288 41 15030000
41 288 15030000
289 246 15030000
246 289 15030000
290 65 15030000
291 65 15030000
65 290 15030000
65 291 15030000
292 38 15030000
38 292 15030000
293 144 15030000
294 144 15030000
144 293 15030000
144 294 15030000
295 290 15030000
290 295 15030000
279 296 15030000
281 296 15030000
296 279 15030000
296 281 15030000
241 279 15030000
279 241 15030000
241 297 15030000
297 241 15030000
277 220 15030000
220 277 15030000
298 280 15030000
280 298 15030000
294 281 15030000
281 294 15030000
260 276 15030000
276 260 15030000
299 266 15030000
266 299 15030000
300 193 15030000
193 300 15030000
255 241 15030000
74 301 15030000
289 0 15116400
273 0 15116400
0 289 15116400
0 273 15116400
0 26 15116400
81 17 15116400
302 17 15116400
204 17 15116400
303 17 15116400
17 81 15116400
17 302 15116400
114 241 15116400
304 40 15116400
12 6 15116400
305 256 15116400
256 305 15116400
253 43 15116400
302 43 15116400
43 253 15116400
43 302 15116400
80 37 15116400
306 37 15116400
37 306 15116400
37 307 15116400
111 6 15116400
6 111 15116400
300 126 15116400
126 300 15116400
278 111 15116400
303 111 15116400
308 111 15116400
309 111 15116400
111 139 15116400
111 278 15116400
111 308 15116400
111 309 15116400
310 166 15116400
166 266 15116400
166 248 15116400
166 311 15116400
166 304 15116400
166 93 15116400
312 189 15116400
189 312 15116400
278 41 15116400
41 278 15116400
169 131 15116400
131 169 15116400
279 313 15116400
313 279 15116400
19 148 15116400
148 19 15116400
308 215 15116400
215 308 15116400
230 69 15116400
69 230 15116400
284 292 15116400
292 284 15116400
280 296 15116400
296 280 15116400
314 297 15116400
297 314 15116400
305 222 15116400
222 305 15116400
303 117 15116400
303 230 15116400
230 303 15116400
284 308 15116400
308 284 15116400
147 78 15116400
70 18 15202800
268 18 15202800
189 17 15202800
315 17 15202800
71 17 15202800
17 204 15202800
17 315 15202800
17 71 15202800
17 303 15202800
212 114 15202800
256 114 15202800
114 212 15202800
114 256 15202800
316 256 15202800
256 316 15202800
317 43 15202800
43 317 15202800
126 318 15202800
193 111 15202800
111 193 15202800
97 94 15202800
94 97 15202800
166 208 15202800
166 319 15202800
166 260 15202800
166 229 15202800
166 320 15202800
298 167 15202800
38 167 15202800
321 167 15202800
167 298 15202800
167 38 15202800
167 321 15202800
241 250 15202800
38 250 15202800
250 241 15202800
250 38 15202800
321 198 15202800
198 321 15202800
194 41 15202800
41 194 15202800
63 38 15202800
38 63 15202800
322 23 15202800
23 322 15202800
323 324 15202800
324 323 15202800
148 1 15202800
314 296 15202800
296 314 15202800
316 325 15202800
325 316 15202800
300 86 15202800
86 300 15202800
316 297 15202800
297 316 15202800
281 271 15202800
314 276 15202800
276 314 15202800
300 316 15202800
312 316 15202800
316 300 15202800
316 312 15202800
314 312 15202800
312 314 15202800
261 326 15202800
261 303 15202800
326 303 15202800
131 0 15289200
71 0 15289200
327 0 15289200
328 0 15289200
0 71 15289200
0 131 15289200
0 327 15289200
0 328 15289200
329 17 15289200
330 17 15289200
17 189 15289200
17 329 15289200
17 330 15289200
221 114 15289200
114 221 15289200
331 40 15289200
237 256 15289200
256 237 15289200
318 126 15289200
166 52 15289200
166 221 15289200
166 219 15289200
332 99 15289200
131 333 15289200
215 333 15289200
333 131 15289200
333 215 15289200
300 26 15289200
334 127 15289200
127 334 15289200
230 334 15289200
334 230 15289200
334 303 15289200
313 289 15289200
289 313 15289200
1 208 15289200
254 206 15289200
325 335 15289200
335 325 15289200
116 279 15289200
279 116 15289200
272 116 15289200
332 116 15289200
116 332 15289200
336 96 15289200
96 336 15289200
337 212 15289200
212 337 15289200
338 339 15289200
339 338 15289200
229 18 15375600
18 70 15375600
18 256 15375600
18 229 15375600
18 270 15375600
230 0 15375600
26 0 15375600
0 230 15375600
340 17 15375600
229 210 15375600
210 229 15375600
341 12 15375600
12 341 15375600
166 27 15375600
111 256 15375600
256 111 15375600
342 111 15375600
312 111 15375600
343 111 15375600
191 111 15375600
119 111 15375600
111 191 15375600
111 342 15375600
111 312 15375600
111 343 15375600
111 344 15375600
345 265 15375600
265 345 15375600
313 71 15375600
71 313 15375600
283 166 15375600
166 346 15375600
297 167 15375600
167 297 15375600
347 26 15375600
273 26 15375600
348 26 15375600
26 347 15375600
26 348 15375600
349 246 15375600
246 349 15375600
313 350 15375600
350 313 15375600
340 144 15375600
351 334 15375600
352 334 15375600
334 351 15375600
334 352 15375600
208 1 15375600
347 353 15375600
353 347 15375600
209 206 15375600
331 317 15375600
317 331 15375600
283 192 15375600
245 331 15375600
331 245 15375600
116 272 15375600
352 272 15375600
340 267 15375600
267 340 15375600
283 44 15375600
328 354 15375600
354 328 15375600
348 355 15375600
340 332 15375600
354 18 15462000
18 354 15462000
346 0 15462000
354 0 15462000
0 346 15462000
0 354 15462000
161 17 15462000
356 17 15462000
17 340 15462000
17 356 15462000
331 114 15462000
114 331 15462000
281 357 15462000
314 357 15462000
358 357 15462000
65 357 15462000
359 357 15462000
357 281 15462000
357 314 15462000
357 358 15462000
357 65 15462000
357 359 15462000
359 7 15462000
7 359 15462000
293 166 15462000
166 177 15462000
166 360 15462000
166 361 15462000
166 222 15462000
362 167 15462000
167 362 15462000
363 364 15462000
358 364 15462000
364 363 15462000
364 358 15462000
365 250 15462000
250 365 15462000
326 185 15462000
26 273 15462000
26 300 15462000
352 366 15462000
23 44 15462000
344 144 15462000
144 344 15462000
358 367 15462000
367 358 15462000
368 313 15462000
362 313 15462000
313 368 15462000
313 362 15462000
317 359 15462000
280 369 15462000
297 279 15462000
279 297 15462000
297 370 15462000
276 280 15462000
280 276 15462000
158 371 15462000
372 308 15462000
308 372 15462000
359 358 15462000
358 359 15462000
373 17 15548400
374 17 15548400
272 17 15548400
17 374 15548400
17 272 15548400
17 373 15548400
17 221 15548400
314 12 15548400
220 37 15548400
37 220 15548400
5 111 15548400
297 111 15548400
280 71 15548400
71 280 15548400
166 375 15548400
166 376 15548400
166 181 15548400
166 159 15548400
166 127 15548400
166 377 15548400
289 378 15548400
378 289 15548400
379 246 15548400
246 379 15548400
279 324 15548400
324 279 15548400
136 367 15548400
367 380 15548400
322 381 15548400
381 322 15548400
296 313 15548400
355 313 15548400
313 355 15548400
313 296 15548400
355 50 15548400
382 229 15548400
229 382 15548400
229 221 15548400
382 279 15548400
279 382 15548400
370 297 15548400
383 276 15548400
276 383 15548400
370 382 15548400
382 370 15548400
312 365 15548400
305 74 15548400
74 305 15548400
355 348 15548400
384 0 15634800
342 0 15634800
0 342 15634800
0 384 15634800
64 17 15634800
385 17 15634800
339 17 15634800
386 17 15634800
17 385 15634800
17 339 15634800
17 386 15634800
64 114 15634800
114 40 15634800
114 64 15634800
387 210 15634800
210 387 15634800
71 28 15634800
28 71 15634800
344 12 15634800
37 43 15634800
167 37 15634800
37 167 15634800
386 357 15634800
388 357 15634800
357 386 15634800
357 388 15634800
334 111 15634800
365 111 15634800
111 334 15634800
111 365 15634800
250 389 15634800
389 250 15634800
390 90 15634800
90 390 15634800
7 391 15634800
386 64 15634800
64 386 15634800
386 250 15634800
250 386 15634800
137 378 15634800
378 137 15634800
296 390 15634800
390 296 15634800
308 38 15634800
38 308 15634800
365 289 15634800
296 365 15634800
281 392 15634800
392 281 15634800
294 276 15634800
276 393 15634800
276 294 15634800
365 308 15634800
349 18 15721200
18 349 15721200
276 17 15721200
17 276 15721200
385 114 15721200
114 385 15721200
56 43 15721200
391 43 15721200
43 206 15721200
43 37 15721200
43 56 15721200
43 394 15721200
43 367 15721200
37 389 15721200
334 195 15721200
378 195 15721200
395 195 15721200
396 195 15721200
195 334 15721200
195 395 15721200
195 396 15721200
195 378 15721200
394 111 15721200
111 394 15721200
378 71 15721200
71 378 15721200
391 7 15721200
397 20 15721200
20 397 15721200
369 364 15721200
364 97 15721200
364 369 15721200
364 365 15721200
397 185 15721200
398 334 15721200
334 398 15721200
367 399 15721200
289 365 15721200
85 317 15721200
317 85 15721200
317 358 15721200
392 369 15721200
369 392 15721200
369 280 15721200
369 365 15721200
56 394 15721200
394 56 15721200
392 365 15721200
400 276 15721200
276 400 15721200
85 157 15721200
18 365 15807600
312 0 15807600
401 0 15807600
402 0 15807600
0 14 15807600
0 41 15807600
0 312 15807600
0 401 15807600
0 402 15807600
98 17 15807600
403 17 15807600
281 17 15807600
17 403 15807600
17 281 15807600
17 365 15807600
12 344 15807600
404 37 15807600
331 37 15807600
405 37 15807600
193 37 15807600
37 404 15807600
37 331 15807600
37 405 15807600
37 193 15807600
280 6 15807600
344 6 15807600
6 280 15807600
6 344 15807600
331 126 15807600
126 331 15807600
344 111 15807600
189 14 15807600
14 189 15807600
273 90 15807600
90 273 15807600
90 221 15807600
289 94 15807600
94 289 15807600
373 365 15807600
406 7 15807600
7 406 15807600
296 189 15807600
189 296 15807600
378 221 15807600
388 390 15807600
390 388 15807600
407 404 15807600
309 404 15807600
404 407 15807600
404 309 15807600
19 67 15807600
400 67 15807600
67 19 15807600
67 400 15807600
273 342 15807600
342 273 15807600
292 273 15807600
273 292 15807600
344 1 15807600
1 344 15807600
405 317 15807600
317 405 15807600
259 408 15807600
409 170 15807600
170 409 15807600
363 391 15807600
391 363 15807600
235 85 15807600
85 235 15807600
410 411 15807600
411 410 15807600
412 413 15807600
414 413 15807600
415 413 15807600
413 412 15807600
413 414 15807600
413 415 15807600
413 314 15807600
414 415 15807600
415 414 15807600
414 412 15807600
412 414 15807600
338 365 15807600
392 0 15894000
0 392 15894000
392 17 15894000
17 392 15894000
71 114 15894000
114 71 15894000
416 40 15894000
94 28 15894000
256 221 15894000
417 37 15894000
37 417 15894000
14 418 15894000
79 111 15894000
111 79 15894000
369 14 15894000
14 369 15894000
313 90 15894000
90 313 15894000
419 94 15894000
94 419 15894000
166 420 15894000
166 421 15894000
166 130 15894000
166 129 15894000
166 136 15894000
166 416 15894000
166 313 15894000
166 422 15894000
166 271 15894000
166 423 15894000
166 287 15894000
166 285 15894000
166 240 15894000
166 294 15894000
166 230 15894000
424 425 15894000
425 424 15894000
426 378 15894000
378 426 15894000
417 198 15894000
198 417 15894000
353 404 15894000
404 353 15894000
175 366 15894000
392 324 15894000
427 324 15894000
324 392 15894000
324 427 15894000
331 367 15894000
367 331 15894000
259 131 15894000
116 289 15894000
424 137 15894000
137 424 15894000
297 313 15894000
313 297 15894000
428 259 15894000
259 428 15894000
220 369 15894000
429 369 15894000
369 429 15894000
276 116 15894000
116 276 15894000
0 430 15980400
17 145 15980400
126 114 15980400
114 126 15980400
431 10 15980400
10 431 15980400
166 432 15980400
404 90 15980400
297 90 15980400
90 404 15980400
90 297 15980400
433 71 15980400
166 434 15980400
166 411 15980400
166 435 15980400
166 246 15980400
419 167 15980400
424 167 15980400
86 167 15980400
167 86 15980400
167 419 15980400
167 424 15980400
292 189 15980400
189 292 15980400
436 378 15980400
378 436 15980400
378 365 15980400
87 404 15980400
404 430 15980400
404 87 15980400
404 414 15980400
273 430 15980400
430 273 15980400
407 131 15980400
131 407 15980400
407 437 15980400
437 407 15980400
79 426 15980400
417 436 15980400
86 436 15980400
369 436 15980400
436 417 15980400
436 86 15980400
436 369 15980400
215 438 15980400
369 220 15980400
433 292 15980400
292 433 15980400
439 86 15980400
86 439 15980400
440 306 15980400
306 440 15980400
439 396 15980400
396 439 15980400
429 276 15980400
276 429 15980400
441 266 15980400
266 441 15980400
308 365 15980400
439 388 15980400
388 439 15980400
0 442 16066800
116 17 16066800
443 17 16066800
444 17 16066800
17 122 16066800
17 116 16066800
17 444 16066800
38 40 16066800
426 445 16066800
418 446 16066800
12 254 16066800
276 37 16066800
447 37 16066800
444 37 16066800
37 447 16066800
37 276 16066800
37 370 16066800
37 393 16066800
448 418 16066800
291 418 16066800
430 418 16066800
418 448 16066800
418 291 16066800
449 111 16066800
111 449 16066800
267 450 16066800
424 14 16066800
385 451 16066800
451 124 16066800
71 433 16066800
38 7 16066800
7 38 16066800
166 364 16066800
166 167 16066800
166 452 16066800
166 179 16066800
166 137 16066800
166 143 16066800
166 192 16066800
166 209 16066800
166 453 16066800
166 330 16066800
166 263 16066800
166 187 16066800
333 425 16066800
342 189 16066800
189 342 16066800
350 183 16066800
183 350 16066800
433 378 16066800
378 433 16066800
219 333 16066800
333 219 16066800
454 404 16066800
317 404 16066800
404 454 16066800
404 317 16066800
366 175 16066800
448 430 16066800
398 430 16066800
430 398 16066800
430 448 16066800
366 352 16066800
455 456 16066800
456 455 16066800
455 381 16066800
381 455 16066800
369 273 16066800
273 369 16066800
457 289 16066800
289 457 16066800
458 426 16066800
459 426 16066800
426 459 16066800
426 458 16066800
426 457 16066800
426 79 16066800
296 436 16066800
436 296 16066800
331 457 16066800
457 331 16066800
438 215 16066800
429 317 16066800
317 429 16066800
443 297 16066800
297 443 16066800
407 444 16066800
444 407 16066800
157 363 16066800
410 388 16066800
388 410 16066800
439 78 16066800
229 17 16153200
456 17 16153200
381 17 16153200
17 229 16153200
17 456 16153200
17 381 16153200
388 114 16153200
460 114 16153200
114 388 16153200
114 460 16153200
250 37 16153200
37 250 16153200
207 357 16153200
461 357 16153200
71 357 16153200
357 461 16153200
357 71 16153200
357 207 16153200
357 337 16153200
111 126 16153200
126 111 16153200
90 111 16153200
173 111 16153200
462 111 16153200
324 111 16153200
398 111 16153200
281 111 16153200
136 111 16153200
272 111 16153200
111 90 16153200
111 173 16153200
111 462 16153200
111 324 16153200
111 281 16153200
111 398 16153200
111 136 16153200
111 272 16153200
451 385 16153200
166 183 16153200
166 153 16153200
166 331 16153200
166 293 16153200
460 65 16153200
460 367 16153200
426 250 16153200
250 426 16153200
404 161 16153200
161 404 16153200
19 38 16153200
38 19 16153200
463 334 16153200
173 456 16153200
464 456 16153200
324 456 16153200
456 173 16153200
456 464 16153200
456 324 16153200
465 324 16153200
466 324 16153200
324 466 16153200
324 465 16153200
464 395 16153200
374 437 16153200
112 437 16153200
437 374 16153200
437 112 16153200
173 426 16153200
457 426 16153200
369 426 16153200
467 426 16153200
468 426 16153200
292 426 16153200
426 173 16153200
426 369 16153200
426 467 16153200
426 468 16153200
426 292 16153200
173 436 16153200
112 436 16153200
436 173 16153200
436 112 16153200
433 395 16153200
395 433 16153200
463 47 16153200
47 463 16153200
209 469 16153200
470 173 16153200
173 470 16153200
471 354 16153200
354 471 16153200
399 44 16153200
126 0 16239600
472 0 16239600
473 0 16239600
0 126 16239600
0 472 16239600
0 473 16239600
0 474 16239600
382 256 16239600
87 37 16239600
388 37 16239600
37 87 16239600
37 388 16239600
37 475 16239600
289 111 16239600
161 111 16239600
111 289 16239600
111 161 16239600
279 71 16239600
71 279 16239600
381 98 16239600
183 98 16239600
193 98 16239600
98 381 16239600
98 183 16239600
98 193 16239600
362 460 16239600
460 362 16239600
456 250 16239600
250 456 16239600
311 476 16239600
410 198 16239600
198 410 16239600
477 478 16239600
479 478 16239600
474 478 16239600
478 477 16239600
478 479 16239600
478 474 16239600
480 334 16239600
481 334 16239600
334 480 16239600
334 481 16239600
482 367 16239600
367 482 16239600
367 483 16239600
396 381 16239600
381 396 16239600
481 145 16239600
85 313 16239600
399 394 16239600
481 297 16239600
297 481 16239600
181 220 16239600
220 181 16239600
479 477 16239600
470 388 16239600
388 470 16239600
484 474 16239600
474 484 16239600
485 486 16239600
486 485 16239600
487 18 16326000
0 488 16326000
36 17 16326000
489 17 16326000
17 47 16326000
17 36 16326000
17 475 16326000
17 489 16326000
417 2 16326000
2 417 16326000
131 114 16326000
381 114 16326000
114 131 16326000
114 381 16326000
398 490 16326000
139 111 16326000
296 111 16326000
111 491 16326000
111 296 16326000
410 432 16326000
432 410 16326000
71 198 16326000
492 98 16326000
493 98 16326000
494 98 16326000
98 494 16326000
98 492 16326000
98 493 16326000
183 495 16326000
292 198 16326000
198 292 16326000
334 463 16326000
388 381 16326000
381 388 16326000
381 255 16326000
131 463 16326000
436 437 16326000
496 437 16326000
437 496 16326000
187 145 16326000
266 145 16326000
145 187 16326000
145 266 16326000
145 481 16326000
455 289 16326000
289 455 16326000
85 369 16326000
369 85 16326000
497 136 16326000
136 497 16326000
276 180 16326000
498 297 16326000
297 498 16326000
492 499 16326000
90 17 16412400
17 90 16412400
500 2 16412400
98 2 16412400
501 2 16412400
502 2 16412400
2 500 16412400
2 98 16412400
2 501 16412400
2 502 16412400
114 502 16412400
503 210 16412400
210 465 16412400
210 503 16412400
445 37 16412400
426 37 16412400
184 37 16412400
501 37 16412400
504 37 16412400
37 444 16412400
37 426 16412400
37 184 16412400
37 501 16412400
37 504 16412400
396 357 16412400
357 396 16412400
426 111 16412400
505 111 16412400
491 111 16412400
111 426 16412400
111 505 16412400
506 7 16412400
7 506 16412400
166 507 16412400
460 61 16412400
61 460 16412400
508 98 16412400
509 98 16412400
510 98 16412400
511 98 16412400
98 509 16412400
98 512 16412400
98 508 16412400
98 510 16412400
98 511 16412400
513 189 16412400
189 513 16412400
367 460 16412400
460 215 16412400
514 378 16412400
378 514 16412400
515 144 16412400
144 515 16412400
483 367 16412400
395 464 16412400
516 273 16412400
273 516 16412400
517 215 16412400
518 215 16412400
215 517 16412400
215 518 16412400
519 317 16412400
317 519 16412400
180 112 16412400
518 297 16412400
297 518 16412400
520 496 16412400
496 520 16412400
521 522 16412400
523 522 16412400
474 522 16412400
522 521 16412400
522 524 16412400
522 523 16412400
522 484 16412400
522 474 16412400
525 400 16412400
400 525 16412400
526 484 16412400
484 526 16412400
473 499 16412400
499 473 16412400
378 0 16498800
378 17 16498800
297 17 16498800
527 17 16498800
17 378 16498800
17 297 16498800
17 527 16498800
528 2 16498800
46 2 16498800
529 2 16498800
530 2 16498800
2 528 16498800
2 46 16498800
2 529 16498800
2 530 16498800
317 114 16498800
114 317 16498800
378 210 16498800
12 210 16498800
210 12 16498800
210 378 16498800
357 531 16498800
388 442 16498800
491 490 16498800
490 491 16498800
207 61 16498800
61 207 16498800
61 131 16498800
61 156 16498800
532 98 16498800
98 272 16498800
98 532 16498800
189 533 16498800
145 207 16498800
207 145 16498800
396 534 16498800
534 396 16498800
535 100 16498800
100 535 16498800
270 246 16498800
246 270 16498800
187 342 16498800
342 187 16498800
536 367 16498800
367 536 16498800
485 437 16498800
437 485 16498800
537 145 16498800
145 537 16498800
112 538 16498800
538 112 16498800
477 479 16498800
484 522 16498800
524 522 16498800
539 481 16498800
481 539 16498800
539 501 16498800
501 539 16498800
530 529 16498800
529 530 16498800
61 17 16585200
17 61 16585200
442 114 16585200
114 540 16585200
37 365 16585200
541 418 16585200
418 541 16585200
442 388 16585200
333 490 16585200
527 490 16585200
490 333 16585200
490 527 16585200
47 20 16585200
166 175 16585200
166 170 16585200
166 152 16585200
166 188 16585200
542 543 16585200
520 543 16585200
543 542 16585200
544 98 16585200
98 544 16585200
538 460 16585200
460 538 16585200
395 207 16585200
207 395 16585200
286 285 16585200
127 285 16585200
396 285 16585200
285 396 16585200
292 70 16585200
70 292 16585200
545 546 16585200
547 246 16585200
407 544 16585200
544 407 16585200
112 180 16585200
306 180 16585200
548 496 16585200
271 281 16585200
545 527 16585200
527 545 16585200
549 17 16671600
17 549 16671600
540 114 16671600
70 114 16671600
114 70 16671600
28 442 16671600
256 502 16671600
549 37 16671600
37 549 16671600
550 357 16671600
357 550 16671600
491 418 16671600
418 491 16671600
544 6 16671600
6 544 16671600
396 490 16671600
490 396 16671600
544 71 16671600
71 544 16671600
20 47 16671600
166 551 16671600
166 310 16671600
166 160 16671600
166 113 16671600
552 98 16671600
187 98 16671600
512 98 16671600
98 187 16671600
98 552 16671600
534 167 16671600
167 534 16671600
424 534 16671600
118 534 16671600
534 118 16671600
93 553 16671600
544 553 16671600
298 553 16671600
554 553 16671600
137 553 16671600
555 553 16671600
553 93 16671600
553 298 16671600
553 554 16671600
553 544 16671600
553 137 16671600
553 555 16671600
512 556 16671600
557 367 16671600
367 557 16671600
554 558 16671600
539 558 16671600
558 554 16671600
558 539 16671600
395 559 16671600
396 513 16671600
481 513 16671600
513 396 16671600
513 481 16671600
502 237 16671600
237 502 16671600
560 17 16758000
561 17 16758000
17 561 16758000
17 560 16758000
562 418 16758000
563 6 16758000
6 563 16758000
560 14 16758000
167 14 16758000
14 560 16758000
14 167 16758000
237 90 16758000
90 237 16758000
562 71 16758000
71 562 16758000
166 238 16758000
564 543 16758000
157 543 16758000
543 157 16758000
543 564 16758000
565 98 16758000
98 565 16758000
558 566 16758000
512 566 16758000
566 558 16758000
566 512 16758000
184 534 16758000
534 184 16758000
567 478 16758000
478 567 16758000
568 512 16758000
569 512 16758000
512 569 16758000
512 568 16758000
290 544 16758000
298 544 16758000
495 544 16758000
544 290 16758000
544 298 16758000
544 495 16758000
50 355 16758000
270 13 16758000
559 395 16758000
570 325 16758000
325 570 16758000
571 237 16758000
237 571 16758000
147 298 16758000
298 147 16758000
572 562 16758000
562 572 16758000
175 0 16844400
474 0 16844400
0 7 16844400
0 29 16844400
0 175 16844400
12 17 16844400
459 17 16844400
17 488 16844400
17 459 16844400
390 114 16844400
114 390 16844400
12 450 16844400
145 418 16844400
554 6 16844400
427 6 16844400
6 554 16844400
6 427 16844400
207 490 16844400
544 490 16844400
490 207 16844400
490 544 16844400
544 90 16844400
90 544 16844400
571 71 16844400
71 571 16844400
207 167 16844400
566 167 16844400
553 167 16844400
167 207 16844400
167 553 16844400
167 566 16844400
250 207 16844400
573 207 16844400
574 207 16844400
207 250 16844400
207 574 16844400
207 573 16844400
187 534 16844400
175 534 16844400
534 187 16844400
534 175 16844400
325 99 16844400
99 325 16844400
285 127 16844400
461 553 16844400
575 553 16844400
289 553 16844400
553 461 16844400
553 575 16844400
553 289 16844400
224 29 16844400
576 175 16844400
568 175 16844400
575 175 16844400
571 175 16844400
145 175 16844400
325 175 16844400
175 568 16844400
175 575 16844400
175 571 16844400
175 145 16844400
175 325 16844400
175 576 16844400
484 478 16844400
478 484 16844400
395 544 16844400
459 544 16844400
461 544 16844400
544 459 16844400
544 395 16844400
544 461 16844400
577 367 16844400
367 577 16844400
289 554 16844400
554 289 16844400
317 563 16844400
128 325 16844400
325 128 16844400
54 29 16844400
396 236 16844400
578 236 16844400
236 579 16844400
236 578 16844400
556 574 16844400
574 556 16844400
580 571 16844400
571 580 16844400
534 0 16930800
581 0 16930800
0 534 16930800
0 581 16930800
162 17 16930800
175 17 16930800
558 17 16930800
17 558 16930800
210 37 16930800
342 357 16930800
357 342 16930800
582 418 16930800
418 582 16930800
583 10 16930800
558 10 16930800
10 583 16930800
14 309 16930800
584 71 16930800
71 584 16930800
396 585 16930800
553 585 16930800
585 553 16930800
584 61 16930800
61 584 16930800
578 425 16930800
425 578 16930800
317 534 16930800
545 534 16930800
553 534 16930800
534 317 16930800
534 424 16930800
534 545 16930800
534 553 16930800
449 333 16930800
333 449 16930800
546 545 16930800
175 38 16930800
478 586 16930800
587 246 16930800
246 587 16930800
246 547 16930800
583 558 16930800
568 558 16930800
558 583 16930800
558 568 16930800
237 568 16930800
588 568 16930800
568 237 16930800
568 588 16930800
584 162 16930800
162 584 16930800
589 215 16930800
215 589 16930800
317 590 16930800
584 11 16930800
11 584 16930800
574 297 16930800
297 574 16930800
579 236 16930800
591 494 16930800
494 591 16930800
592 547 16930800
547 592 16930800
593 581 16930800
581 593 16930800
17 108 17017200
236 12 17017200
12 236 17017200
594 418 17017200
418 594 17017200
460 90 17017200
90 460 17017200
574 71 17017200
71 574 17017200
272 98 17017200
553 250 17017200
250 553 17017200
595 534 17017200
558 534 17017200
534 558 17017200
534 595 17017200
324 127 17017200
127 324 17017200
399 367 17017200
483 554 17017200
554 483 17017200
162 596 17017200
597 236 17017200
236 597 17017200
598 584 17017200
584 598 17017200
0 599 17103600
287 17 17103600
529 17 17103600
432 17 17103600
17 287 17103600
17 573 17103600
17 432 17103600
17 529 17103600
600 114 17103600
114 600 17103600
601 210 17103600
584 210 17103600
210 601 17103600
210 584 17103600
425 28 17103600
28 425 17103600
353 418 17103600
602 418 17103600
601 418 17103600
418 602 17103600
602 111 17103600
111 602 17103600
603 90 17103600
90 603 17103600
600 71 17103600
71 600 17103600
587 20 17103600
20 587 17103600
473 585 17103600
585 473 17103600
292 534 17103600
289 534 17103600
281 534 17103600
302 534 17103600
534 281 17103600
534 292 17103600
534 289 17103600
534 302 17103600
302 546 17103600
552 546 17103600
546 302 17103600
546 552 17103600
604 478 17103600
605 478 17103600
478 604 17103600
478 605 17103600
594 302 17103600
302 594 17103600
601 289 17103600
527 289 17103600
289 601 17103600
563 317 17103600
606 531 17103600
93 237 17103600
237 93 17103600
354 607 17103600
608 462 17103600
462 608 17103600
609 599 17103600
599 609 17103600
550 17 17190000
69 17 17190000
573 17 17190000
610 17 17190000
17 550 17190000
611 114 17190000
37 114 17190000
546 114 17190000
114 611 17190000
114 37 17190000
114 546 17190000
585 210 17190000
600 28 17190000
23 12 17190000
43 612 17190000
494 418 17190000
418 494 17190000
62 14 17190000
14 62 17190000
290 90 17190000
424 90 17190000
90 290 17190000
90 424 17190000
568 585 17190000
585 568 17190000
594 61 17190000
61 594 17190000
189 424 17190000
229 378 17190000
494 553 17190000
553 494 17190000
613 546 17190000
601 546 17190000
556 546 17190000
546 601 17190000
546 613 17190000
546 556 17190000
614 478 17190000
478 614 17190000
594 342 17190000
342 594 17190000
610 360 17190000
360 610 17190000
552 162 17190000
162 552 17190000
13 270 17190000
615 362 17190000
362 615 17190000
531 11 17190000
11 531 17190000
531 606 17190000
483 616 17190000
616 483 17190000
522 617 17190000
610 618 17190000
594 494 17190000
494 594 17190000
477 617 17190000
617 477 17190000
564 34 17190000
556 619 17190000
619 556 17190000
0 580 17276400
488 17 17276400
620 17 17276400
17 620 17276400
17 610 17276400
17 76 17276400
20 114 17276400
114 20 17276400
12 23 17276400
621 37 17276400
37 620 17276400
37 621 17276400
317 418 17276400
418 622 17276400
418 317 17276400
623 442 17276400
442 623 17276400
442 307 17276400
362 490 17276400
490 362 17276400
624 71 17276400
71 624 17276400
199 166 17276400
98 625 17276400
238 167 17276400
167 238 17276400
626 460 17276400
460 626 17276400
296 534 17276400
534 296 17276400
624 99 17276400
99 624 17276400
627 553 17276400
553 627 17276400
553 622 17276400
395 381 17276400
381 395 17276400
628 587 17276400
587 628 17276400
629 554 17276400
554 629 17276400
461 290 17276400
290 461 17276400
630 296 17276400
296 630 17276400
631 632 17276400
593 632 17276400
632 631 17276400
632 593 17276400
325 235 17276400
629 281 17276400
281 629 17276400
617 522 17276400
618 610 17276400
340 329 17276400
629 580 17276400
633 525 17276400
525 633 17276400
630 623 17276400
623 630 17276400
12 444 17362800
256 634 17362800
237 43 17362800
265 418 17362800
635 418 17362800
418 265 17362800
418 635 17362800
279 636 17362800
220 67 17362800
67 220 17362800
396 127 17362800
127 396 17362800
637 614 17362800
638 362 17362800
362 638 17362800
594 443 17362800
128 557 17362800
557 128 17362800
639 17 17449200
17 639 17449200
404 2 17449200
2 404 17449200
568 418 17449200
418 568 17449200
418 145 17449200
640 442 17449200
442 640 17449200
308 490 17449200
490 308 17449200
636 641 17449200
568 90 17449200
90 568 17449200
534 378 17449200
378 534 17449200
326 127 17449200
127 326 17449200
237 24 17449200
477 614 17449200
614 477 17449200
642 192 17449200
192 642 17449200
584 643 17449200
643 584 17449200
582 272 17449200
272 582 17449200
563 549 17449200
296 18 17535600
18 290 17535600
18 296 17535600
22 0 17535600
644 2 17535600
645 2 17535600
646 2 17535600
647 2 17535600
2 553 17535600
2 644 17535600
2 645 17535600
2 647 17535600
2 646 17535600
648 114 17535600
432 114 17535600
114 648 17535600
114 432 17535600
192 40 17535600
613 43 17535600
43 613 17535600
87 6 17535600
87 22 17535600
22 155 17535600
22 87 17535600
22 135 17535600
636 450 17535600
450 636 17535600
649 636 17535600
650 636 17535600
651 636 17535600
636 650 17535600
636 651 17535600
636 649 17535600
652 71 17535600
71 652 17535600
653 585 17535600
585 654 17535600
585 645 17535600
585 653 17535600
87 155 17535600
622 553 17535600
87 135 17535600
552 246 17535600
246 552 17535600
552 587 17535600
587 655 17535600
587 552 17535600
656 568 17535600
568 656 17535600
513 353 17535600
85 353 17535600
353 622 17535600
353 513 17535600
353 85 17535600
297 622 17535600
622 297 17535600
652 647 17535600
545 647 17535600
647 545 17535600
647 652 17535600
657 603 17535600
603 657 17535600
658 409 17535600
659 522 17535600
660 522 17535600
522 659 17535600
522 660 17535600
552 272 17535600
272 552 17535600
641 661 17535600
662 545 17535600
545 662 17535600
663 484 17535600
484 663 17535600
556 646 17535600
646 556 17535600
290 18 17622000
108 17 17622000
536 17 17622000
17 264 17622000
17 536 17622000
664 2 17622000
546 2 17622000
2 664 17622000
2 546 17622000
665 114 17622000
114 665 17622000
137 28 17622000
546 37 17622000
534 418 17622000
546 418 17622000
589 418 17622000
666 418 17622000
418 534 17622000
418 546 17622000
418 589 17622000
418 666 17622000
645 6 17622000
667 6 17622000
6 645 17622000
6 667 17622000
641 636 17622000
553 71 17622000
219 166 17622000
668 139 17622000
139 668 17622000
669 64 17622000
64 669 17622000
353 189 17622000
588 189 17622000
189 353 17622000
189 588 17622000
546 378 17622000
378 546 17622000
670 553 17622000
671 553 17622000
553 670 17622000
553 671 17622000
342 546 17622000
672 546 17622000
546 342 17622000
546 672 17622000
673 478 17622000
674 478 17622000
478 673 17622000
478 674 17622000
589 23 17622000
655 587 17622000
290 131 17622000
644 353 17622000
645 353 17622000
353 644 17622000
353 645 17622000
317 329 17622000
180 44 17622000
658 170 17622000
170 658 17622000
641 675 17622000
409 658 17622000
552 596 17622000
676 308 17622000
308 676 17622000
661 641 17622000
352 677 17622000
553 0 17708400
678 0 17708400
0 553 17708400
0 678 17708400
679 114 17708400
680 114 17708400
114 490 17708400
114 679 17708400
114 680 17708400
37 28 17708400
364 256 17708400
93 43 17708400
681 37 17708400
37 681 17708400
682 683 17708400
683 682 17708400
501 490 17708400
490 398 17708400
490 501 17708400
118 635 17708400
635 118 17708400
684 22 17708400
362 451 17708400
669 451 17708400
451 362 17708400
451 669 17708400
685 636 17708400
636 685 17708400
534 90 17708400
90 534 17708400
71 553 17708400
678 62 17708400
62 678 17708400
647 189 17708400
686 189 17708400
687 189 17708400
189 647 17708400
189 686 17708400
189 687 17708400
534 250 17708400
250 534 17708400
688 378 17708400
689 378 17708400
378 688 17708400
378 689 17708400
639 534 17708400
534 639 17708400
690 553 17708400
553 690 17708400
691 161 17708400
692 161 17708400
693 161 17708400
670 161 17708400
161 691 17708400
161 692 17708400
161 693 17708400
161 670 17708400
341 366 17708400
366 694 17708400
366 341 17708400
647 695 17708400
696 671 17708400
697 671 17708400
671 696 17708400
671 697 17708400
698 496 17708400
496 698 17708400
699 669 17708400
669 699 17708400
113 666 17708400
666 113 17708400
684 552 17708400
700 51 17708400
51 700 17708400
651 700 17708400
700 651 17708400
688 233 17708400
233 688 17708400
639 685 17708400
685 639 17708400
684 701 17708400
687 702 17708400
702 687 17708400
256 0 17794800
292 0 17794800
0 256 17794800
0 292 17794800
625 17 17794800
690 17 17794800
17 37 17794800
6 2 17794800
2 6 17794800
2 425 17794800
690 114 17794800
114 690 17794800
28 600 17794800
12 425 17794800
394 43 17794800
265 43 17794800
43 265 17794800
43 93 17794800
703 418 17794800
636 6 17794800
546 6 17794800
6 636 17794800
6 546 17794800
585 442 17794800
704 442 17794800
442 585 17794800
442 704 17794800
703 490 17794800
490 703 17794800
648 451 17794800
600 451 17794800
705 451 17794800
451 648 17794800
451 600 17794800
451 705 17794800
706 636 17794800
636 706 17794800
707 585 17794800
699 585 17794800
669 585 17794800
585 707 17794800
585 699 17794800
585 700 17794800
585 669 17794800
703 543 17794800
543 703 17794800
708 425 17794800
425 708 17794800
705 62 17794800
62 705 17794800
64 33 17794800
700 167 17794800
537 167 17794800
546 167 17794800
167 537 17794800
167 546 17794800
709 189 17794800
189 709 17794800
457 681 17794800
681 457 17794800
476 311 17794800
695 620 17794800
133 620 17794800
669 620 17794800
93 620 17794800
710 620 17794800
711 620 17794800
620 695 17794800
620 133 17794800
620 669 17794800
620 93 17794800
620 710 17794800
620 711 17794800
712 161 17794800
713 161 17794800
161 712 17794800
161 713 17794800
714 546 17794800
715 546 17794800
716 546 17794800
717 546 17794800
546 714 17794800
546 715 17794800
546 717 17794800
546 716 17794800
478 718 17794800
448 719 17794800
719 448 17794800
334 720 17794800
556 512 17794800
721 695 17794800
459 695 17794800
695 721 17794800
695 459 17794800
695 647 17794800
699 360 17794800
360 699 17794800
394 399 17794800
614 637 17794800
722 690 17794800
690 722 17794800
723 671 17794800
724 671 17794800
725 671 17794800
671 723 17794800
671 725 17794800
671 724 17794800
726 647 17794800
647 726 17794800
584 19 17794800
714 19 17794800
19 584 17794800
19 714 17794800
133 669 17794800
669 133 17794800
727 459 17794800
559 459 17794800
459 727 17794800
459 559 17794800
459 728 17794800
548 520 17794800
729 652 17794800
652 729 17794800
93 710 17794800
556 710 17794800
710 93 17794800
710 556 17794800
702 701 17794800
701 702 17794800
556 711 17794800
711 556 17794800
730 18 17881200
18 731 17881200
18 730 17881200
732 0 17881200
488 0 17881200
690 0 17881200
0 732 17881200
0 690 17881200
17 443 17881200
425 2 17881200
114 442 17881200
702 446 17881200
425 12 17881200
12 442 17881200
692 27 17881200
27 733 17881200
456 37 17881200
289 37 17881200
37 456 17881200
37 289 17881200
207 418 17881200
622 418 17881200
595 418 17881200
418 6 17881200
418 595 17881200
690 6 17881200
6 690 17881200
189 683 17881200
683 734 17881200
683 189 17881200
735 442 17881200
705 442 17881200
627 442 17881200
442 705 17881200
71 111 17881200
198 111 17881200
111 71 17881200
111 198 17881200
309 14 17881200
702 14 17881200
14 702 17881200
14 736 17881200
71 722 17881200
144 7 17881200
7 692 17881200
7 144 17881200
737 585 17881200
738 585 17881200
739 585 17881200
740 585 17881200
741 585 17881200
128 585 17881200
595 585 17881200
620 585 17881200
488 585 17881200
585 737 17881200
585 739 17881200
585 741 17881200
585 128 17881200
585 595 17881200
585 488 17881200
742 64 17881200
64 742 17881200
704 121 17881200
743 121 17881200
722 121 17881200
744 121 17881200
121 704 17881200
121 722 17881200
121 743 17881200
121 744 17881200
534 207 17881200
128 207 17881200
207 128 17881200
207 534 17881200
690 250 17881200
250 690 17881200
738 534 17881200
534 738 17881200
745 681 17881200
681 745 17881200
627 620 17881200
620 627 17881200
746 553 17881200
553 746 17881200
718 478 17881200
731 246 17881200
246 731 17881200
747 430 17881200
430 747 17881200
694 366 17881200
748 694 17881200
694 749 17881200
694 748 17881200
394 695 17881200
695 394 17881200
737 750 17881200
737 751 17881200
752 753 17881200
735 753 17881200
753 752 17881200
754 137 17881200
137 754 17881200
738 457 17881200
290 162 17881200
755 162 17881200
162 755 17881200
756 259 17881200
601 690 17881200
690 601 17881200
235 325 17881200
29 54 17881200
496 548 17881200
756 643 17881200
757 675 17881200
675 641 17881200
675 757 17881200
741 666 17881200
756 666 17881200
666 741 17881200
666 756 17881200
758 741 17881200
741 758 17881200
759 595 17881200
760 595 17881200
595 759 17881200
595 760 17881200
648 761 17881200
128 740 17881200
747 601 17881200
601 747 17881200
461 762 17881200
594 763 17881200
764 705 17881200
705 764 17881200
756 765 17881200
765 756 17881200
682 710 17881200
710 682 17881200
466 757 17881200
757 466 17881200
760 682 17881200
682 760 17881200
756 766 17881200
766 756 17881200
735 752 17881200
752 735 17881200
767 18 17967600
18 767 17967600
768 17 17967600
17 768 17967600
769 2 17967600
608 2 17967600
683 2 17967600
767 2 17967600
2 769 17967600
2 608 17967600
2 683 17967600
2 767 17967600
2 585 17967600
114 622 17967600
741 210 17967600
210 741 17967600
681 445 17967600
445 681 17967600
270 446 17967600
770 771 17967600
771 770 17967600
733 27 17967600
392 256 17967600
256 392 17967600
451 43 17967600
451 418 17967600
418 451 17967600
568 6 17967600
6 568 17967600
536 683 17967600
734 683 17967600
690 442 17967600
442 772 17967600
456 490 17967600
490 456 17967600
767 636 17967600
636 767 17967600
198 90 17967600
622 90 17967600
90 622 17967600
90 198 17967600
756 585 17967600
342 585 17967600
773 585 17967600
774 585 17967600
775 585 17967600
767 585 17967600
622 585 17967600
585 756 17967600
585 342 17967600
585 773 17967600
585 774 17967600
585 738 17967600
585 775 17967600
585 622 17967600
585 767 17967600
198 207 17967600
681 207 17967600
756 207 17967600
776 207 17967600
777 207 17967600
207 198 17967600
207 773 17967600
207 681 17967600
207 777 17967600
207 776 17967600
735 681 17967600
767 681 17967600
690 681 17967600
722 681 17967600
681 722 17967600
681 767 17967600
681 690 17967600
681 778 17967600
643 620 17967600
779 620 17967600
620 643 17967600
620 779 17967600
382 198 17967600
512 198 17967600
302 198 17967600
198 512 17967600
198 302 17967600
198 382 17967600
780 246 17967600
246 780 17967600
622 430 17967600
430 622 17967600
781 366 17967600
366 781 17967600
647 199 17967600
199 647 17967600
302 782 17967600
751 737 17967600
756 568 17967600
568 756 17967600
735 538 17967600
783 290 17967600
290 783 17967600
704 668 17967600
668 704 17967600
472 392 17967600
392 472 17967600
79 643 17967600
767 643 17967600
643 767 17967600
774 675 17967600
270 731 17967600
731 270 17967600
781 481 17967600
481 781 17967600
784 716 17967600
716 784 17967600
756 722 17967600
722 756 17967600
785 767 17967600
786 767 17967600
729 767 17967600
787 767 17967600
767 729 17967600
767 786 17967600
767 785 17967600
767 787 17967600
756 788 17967600
788 756 17967600
756 774 17967600
789 774 17967600
774 789 17967600
774 756 17967600
783 698 17967600
756 723 17967600
723 756 17967600
756 790 17967600
779 790 17967600
791 790 17967600
790 756 17967600
790 779 17967600
790 791 17967600
756 499 17967600
499 756 17967600
756 792 17967600
792 756 17967600
762 461 17967600
756 518 17967600
744 764 17967600
764 744 17967600
756 793 17967600
793 756 17967600
639 672 17967600
756 794 17967600
794 756 17967600
795 609 17967600
609 795 17967600
735 756 17967600
756 735 17967600
446 0 18054000
0 446 18054000
648 17 18054000
679 17 18054000
17 796 18054000
17 648 18054000
17 679 18054000
568 2 18054000
30 2 18054000
442 2 18054000
2 568 18054000
2 30 18054000
2 442 18054000
451 114 18054000
797 798 18054000
799 798 18054000
727 798 18054000
798 799 18054000
798 703 18054000
798 797 18054000
798 727 18054000
731 446 18054000
37 771 18054000
612 43 18054000
149 37 18054000
545 37 18054000
563 37 18054000
37 149 18054000
37 800 18054000
37 545 18054000
37 563 18054000
801 418 18054000
789 418 18054000
418 801 18054000
418 789 18054000
756 683 18054000
302 683 18054000
71 683 18054000
276 683 18054000
683 536 18054000
683 302 18054000
683 71 18054000
683 276 18054000
683 442 18054000
683 802 18054000
381 442 18054000
442 381 18054000
803 14 18054000
14 803 18054000
647 451 18054000
451 647 18054000
804 636 18054000
805 636 18054000
806 636 18054000
807 636 18054000
392 636 18054000
636 804 18054000
636 805 18054000
636 807 18054000
636 808 18054000
636 392 18054000
636 809 18054000
381 585 18054000
585 381 18054000
543 78 18054000
133 183 18054000
183 133 18054000
620 207 18054000
207 810 18054000
207 620 18054000
811 681 18054000
681 811 18054000
409 311 18054000
622 100 18054000
100 622 18054000
430 812 18054000
381 813 18054000
813 381 18054000
647 302 18054000
782 302 18054000
302 647 18054000
814 381 18054000
381 814 18054000
11 695 18054000
815 568 18054000
568 815 18054000
756 622 18054000
96 119 18054000
119 96 18054000
727 614 18054000
614 727 18054000
133 292 18054000
292 133 18054000
540 668 18054000
668 540 18054000
149 647 18054000
810 647 18054000
647 149 18054000
647 810 18054000
180 276 18054000
180 306 18054000
806 297 18054000
797 443 18054000
756 716 18054000
816 716 18054000
272 716 18054000
716 272 18054000
716 756 18054000
716 816 18054000
817 815 18054000
815 817 18054000
806 817 18054000
817 118 18054000
805 811 18054000
811 805 18054000
797 756 18054000
818 810 18054000
810 818 18054000
806 149 18054000
756 819 18054000
819 756 18054000
820 48 18054000
48 820 18054000
821 461 18054000
461 821 18054000
518 756 18054000
756 784 18054000
485 755 18054000
755 485 18054000
731 18 18140400
806 17 18140400
806 114 18140400
114 806 18140400
775 798 18140400
822 798 18140400
823 798 18140400
824 798 18140400
825 798 18140400
418 798 18140400
826 798 18140400
798 822 18140400
798 823 18140400
798 824 18140400
798 825 18140400
798 418 18140400
798 826 18140400
669 445 18140400
445 669 18140400
746 446 18140400
827 357 18140400
357 827 18140400
806 418 18140400
246 683 18140400
270 683 18140400
683 246 18140400
683 756 18140400
683 270 18140400
442 700 18140400
828 829 18140400
829 830 18140400
94 831 18140400
831 94 18140400
547 22 18140400
812 451 18140400
636 806 18140400
647 71 18140400
715 71 18140400
71 715 18140400
731 20 18140400
20 731 18140400
456 585 18140400
585 823 18140400
585 456 18140400
832 425 18140400
425 832 18140400
488 183 18140400
183 488 18140400
207 830 18140400
643 681 18140400
833 681 18140400
834 681 18140400
563 681 18140400
823 681 18140400
681 643 18140400
681 823 18140400
681 833 18140400
681 834 18140400
681 563 18140400
835 620 18140400
620 830 18140400
620 835 18140400
836 830 18140400
812 430 18140400
441 366 18140400
366 441 18140400
837 144 18140400
144 837 18140400
643 24 18140400
199 762 18140400
838 302 18140400
552 302 18140400
302 552 18140400
334 839 18140400
381 456 18140400
456 381 18140400
658 367 18140400
735 381 18140400
381 735 18140400
563 835 18140400
835 563 18140400
695 11 18140400
824 568 18140400
568 824 18140400
697 622 18140400
622 697 18140400
614 521 18140400
658 668 18140400
668 658 18140400
297 806 18140400
840 669 18140400
669 840 18140400
841 63 18140400
63 841 18140400
748 396 18140400
396 748 18140400
842 731 18140400
731 842 18140400
731 843 18140400
844 845 18140400
758 845 18140400
818 845 18140400
845 844 18140400
845 818 18140400
845 758 18140400
817 806 18140400
846 847 18140400
847 846 18140400
842 45 18140400
45 848 18140400
45 842 18140400
803 276 18140400
276 803 18140400
149 806 18140400
756 833 18140400
833 756 18140400
729 756 18140400
744 756 18140400
756 806 18140400
705 18 18226800
18 705 18226800
849 17 18226800
796 17 18226800
360 17 18226800
850 17 18226800
851 17 18226800
17 95 18226800
17 851 18226800
17 849 18226800
558 114 18226800
851 114 18226800
114 558 18226800
114 851 18226800
852 798 18226800
853 798 18226800
798 852 18226800
798 853 18226800
829 256 18226800
256 829 18226800
671 43 18226800
43 671 18226800
854 10 18226800
827 829 18226800
298 829 18226800
829 827 18226800
829 298 18226800
11 831 18226800
831 11 18226800
635 756 18226800
183 90 18226800
63 90 18226800
90 183 18226800
90 63 18226800
669 183 18226800
395 183 18226800
430 183 18226800
289 183 18226800
183 395 18226800
183 669 18226800
183 430 18226800
183 289 18226800
855 681 18226800
681 856 18226800
681 855 18226800
622 620 18226800
756 830 18226800
842 246 18226800
246 842 18226800
199 719 18226800
857 719 18226800
719 857 18226800
756 342 18226800
342 756 18226800
835 813 18226800
756 813 18226800
813 835 18226800
858 334 18226800
334 858 18226800
613 753 18226800
753 613 18226800
622 756 18226800
162 290 18226800
521 614 18226800
756 859 18226800
859 756 18226800
860 671 18226800
671 860 18226800
756 647 18226800
647 756 18226800
756 861 18226800
861 756 18226800
862 170 18226800
170 862 18226800
863 826 18226800
826 863 18226800
63 53 18226800
643 756 18226800
864 741 18226800
741 864 18226800
845 481 18226800
481 845 18226800
852 823 18226800
865 847 18226800
847 865 18226800
595 866 18226800
853 298 18226800
298 853 18226800
723 867 18226800
868 270 18226800
270 868 18226800
626 792 18226800
792 626 18226800
756 869 18226800
756 837 18226800
837 756 18226800
756 870 18226800
870 756 18226800
855 736 18226800
626 756 18226800
756 871 18226800
871 756 18226800
868 18 18313200
18 872 18313200
18 873 18313200
18 813 18313200
731 17 18313200
842 17 18313200
17 731 18313200
17 842 18313200
512 874 18313200
874 512 18313200
167 114 18313200
875 114 18313200
700 114 18313200
114 167 18313200
114 451 18313200
114 875 18313200
114 700 18313200
876 798 18313200
585 798 18313200
829 798 18313200
636 798 18313200
877 798 18313200
827 798 18313200
798 876 18313200
798 636 18313200
798 877 18313200
798 829 18313200
798 827 18313200
61 28 18313200
183 445 18313200
878 445 18313200
445 183 18313200
445 878 18313200
636 357 18313200
357 636 18313200
382 418 18313200
259 418 18313200
418 382 18313200
418 259 18313200
756 6 18313200
879 442 18313200
71 442 18313200
442 879 18313200
442 71 18313200
880 829 18313200
777 829 18313200
881 829 18313200
829 864 18313200
829 882 18313200
829 777 18313200
829 881 18313200
829 880 18313200
513 831 18313200
831 513 18313200
864 111 18313200
111 430 18313200
111 864 18313200
883 389 18313200
639 389 18313200
884 389 18313200
389 884 18313200
389 639 18313200
389 883 18313200
22 547 18313200
462 636 18313200
636 462 18313200
183 71 18313200
71 183 18313200
71 802 18313200
425 61 18313200
116 61 18313200
61 116 18313200
885 139 18313200
681 183 18313200
756 183 18313200
886 183 18313200
884 183 18313200
864 183 18313200
544 183 18313200
539 183 18313200
183 756 18313200
183 886 18313200
183 539 18313200
183 864 18313200
183 681 18313200
183 884 18313200
183 887 18313200
183 544 18313200
888 207 18313200
207 888 18313200
386 681 18313200
885 681 18313200
342 681 18313200
681 342 18313200
681 386 18313200
889 620 18313200
890 620 18313200
620 889 18313200
620 890 18313200
891 553 18313200
246 892 18313200
892 246 18313200
161 151 18313200
246 848 18313200
675 366 18313200
366 675 18313200
893 719 18313200
719 199 18313200
719 893 18313200
716 342 18313200
512 342 18313200
342 716 18313200
342 512 18313200
813 894 18313200
302 386 18313200
895 386 18313200
386 302 18313200
386 895 18313200
302 838 18313200
845 334 18313200
334 845 18313200
464 544 18313200
896 544 18313200
544 722 18313200
544 896 18313200
544 464 18313200
897 464 18313200
898 464 18313200
494 464 18313200
545 464 18313200
464 897 18313200
464 898 18313200
464 494 18313200
464 545 18313200
527 587 18313200
827 145 18313200
145 827 18313200
885 558 18313200
899 884 18313200
900 884 18313200
823 884 18313200
884 900 18313200
884 899 18313200
884 823 18313200
756 753 18313200
700 753 18313200
753 700 18313200
622 901 18313200
864 827 18313200
827 864 18313200
885 690 18313200
902 647 18313200
903 647 18313200
647 902 18313200
647 903 18313200
904 881 18313200
881 904 18313200
881 549 18313200
528 905 18313200
880 513 18313200
513 880 18313200
714 826 18313200
826 714 18313200
906 887 18313200
907 887 18313200
298 887 18313200
887 906 18313200
887 298 18313200
845 675 18313200
908 675 18313200
909 675 18313200
675 845 18313200
675 908 18313200
675 909 18313200
731 910 18313200
847 481 18313200
481 847 18313200
879 864 18313200
864 879 18313200
891 116 18313200
116 891 18313200
818 847 18313200
847 818 18313200
895 911 18313200
818 911 18313200
911 895 18313200
911 818 18313200
848 45 18313200
270 842 18313200
842 270 18313200
866 595 18313200
912 801 18313200
801 912 18313200
756 879 18313200
879 756 18313200
913 637 18313200
637 913 18313200
805 838 18313200
854 834 18313200
834 854 18313200
756 914 18313200
915 916 18313200
917 916 18313200
916 915 18313200
916 917 18313200
68 918 18313200
756 751 18313200
751 756 18313200
734 912 18313200
735 919 18313200
919 735 18313200
917 903 18313200
903 917 18313200
593 905 18313200
458 476 18313200
476 458 18313200
872 18 18399600
24 0 18399600
24 17 18399600
17 920 18399600
921 922 18399600
827 922 18399600
922 921 18399600
922 827 18399600
12 2 18399600
2 12 18399600
6 114 18399600
885 114 18399600
923 114 18399600
114 6 18399600
114 923 18399600
114 885 18399600
924 40 18399600
925 798 18399600
926 798 18399600
756 798 18399600
622 798 18399600
798 925 18399600
798 756 18399600
798 926 18399600
24 12 18399600
79 27 18399600
785 256 18399600
256 927 18399600
24 37 18399600
183 37 18399600
531 357 18399600
876 418 18399600
418 876 18399600
928 683 18399600
683 929 18399600
683 928 18399600
465 442 18399600
930 442 18399600
24 10 18399600
931 829 18399600
830 829 18399600
829 931 18399600
914 932 18399600
756 831 18399600
756 635 18399600
366 450 18399600
450 366 18399600
933 636 18399600
934 94 18399600
924 94 18399600
935 94 18399600
94 924 18399600
94 935 18399600
94 934 18399600
690 71 18399600
71 690 18399600
692 7 18399600
827 139 18399600
121 810 18399600
830 207 18399600
756 681 18399600
823 876 18399600
936 876 18399600
937 876 18399600
887 876 18399600
827 876 18399600
938 876 18399600
876 936 18399600
876 823 18399600
876 937 18399600
876 887 18399600
876 827 18399600
876 938 18399600
830 620 18399600
830 836 18399600
588 546 18399600
546 588 18399600
827 830 18399600
939 830 18399600
935 830 18399600
830 756 18399600
830 827 18399600
830 939 18399600
830 935 18399600
848 246 18399600
758 366 18399600
366 758 18399600
756 937 18399600
940 937 18399600
936 937 18399600
941 937 18399600
937 936 18399600
937 940 18399600
937 941 18399600
930 694 18399600
813 942 18399600
813 933 18399600
24 237 18399600
827 386 18399600
943 386 18399600
386 827 18399600
386 943 18399600
835 512 18399600
539 512 18399600
512 835 18399600
512 539 18399600
512 544 18399600
921 544 18399600
827 544 18399600
544 827 18399600
544 921 18399600
868 587 18399600
587 868 18399600
756 151 18399600
558 885 18399600
753 756 18399600
756 944 18399600
921 802 18399600
756 827 18399600
362 827 18399600
945 827 18399600
827 756 18399600
827 362 18399600
827 945 18399600
826 215 18399600
723 369 18399600
834 369 18399600
801 369 18399600
946 369 18399600
369 834 18399600
369 723 18399600
369 232 18399600
369 946 18399600
947 614 18399600
614 947 18399600
690 885 18399600
948 531 18399600
531 948 18399600
943 647 18399600
647 943 18399600
756 881 18399600
881 756 18399600
469 603 18399600
949 826 18399600
255 826 18399600
826 949 18399600
826 255 18399600
869 887 18399600
887 869 18399600
910 731 18399600
950 817 18399600
817 950 18399600
756 951 18399600
951 756 18399600
756 823 18399600
823 756 18399600
748 847 18399600
847 749 18399600
847 748 18399600
952 882 18399600
882 952 18399600
779 801 18399600
801 779 18399600
801 756 18399600
756 953 18399600
953 756 18399600
465 930 18399600
954 930 18399600
921 930 18399600
930 465 18399600
930 954 18399600
756 505 18399600
505 756 18399600
914 936 18399600
936 914 18399600
914 756 18399600
756 955 18399600
955 756 18399600
329 956 18399600
626 943 18399600
943 626 18399600
539 775 18399600
869 756 18399600
756 738 18399600
738 756 18399600
756 925 18399600
925 756 18399600
756 957 18399600
957 756 18399600
756 958 18399600
958 756 18399600
940 715 18399600
756 959 18399600
959 756 18399600
756 960 18399600
960 756 18399600
531 0 18486000
77 2 18486000
2 77 18486000
943 798 18486000
937 798 18486000
860 798 18486000
722 798 18486000
518 798 18486000
798 775 18486000
798 722 18486000
798 937 18486000
798 961 18486000
798 860 18486000
798 389 18486000
798 943 18486000
786 445 18486000
445 786 18486000
771 634 18486000
932 27 18486000
37 756 18486000
172 10 18486000
831 932 18486000
932 831 18486000
932 914 18486000
943 831 18486000
962 831 18486000
831 962 18486000
831 943 18486000
71 636 18486000
636 71 18486000
7 199 18486000
963 61 18486000
61 963 18486000
33 64 18486000
964 121 18486000
965 121 18486000
546 121 18486000
121 546 18486000
121 964 18486000
121 965 18486000
566 184 18486000
183 672 18486000
302 9 18486000
9 302 18486000
554 250 18486000
250 554 18486000
966 378 18486000
67 378 18486000
967 378 18486000
759 378 18486000
378 67 18486000
378 759 18486000
378 966 18486000
916 892 18486000
892 916 18486000
70 968 18486000
955 937 18486000
969 937 18486000
937 955 18486000
937 906 18486000
937 969 18486000
858 694 18486000
970 694 18486000
694 971 18486000
694 970 18486000
972 381 18486000
381 972 18486000
587 527 18486000
69 437 18486000
437 968 18486000
437 436 18486000
437 69 18486000
437 756 18486000
969 692 18486000
817 426 18486000
426 817 18486000
973 974 18486000
974 973 18486000
940 369 18486000
369 715 18486000
394 756 18486000
975 859 18486000
955 54 18486000
54 955 18486000
972 887 18486000
871 887 18486000
887 972 18486000
660 479 18486000
675 774 18486000
557 658 18486000
658 557 18486000
976 864 18486000
873 817 18486000
817 873 18486000
236 634 18486000
879 758 18486000
758 879 18486000
756 811 18486000
811 756 18486000
977 882 18486000
978 882 18486000
882 977 18486000
882 78 18486000
882 978 18486000
967 969 18486000
969 967 18486000
943 967 18486000
967 943 18486000
916 979 18486000
979 916 18486000
979 980 18486000
756 975 18486000
975 756 18486000
784 756 18486000
981 134 18486000
134 981 18486000
982 639 18486000
756 883 18486000
883 756 18486000
976 639 18486000
639 976 18486000
485 756 18486000
18 868 18572400
983 17 18572400
17 983 18572400
2 756 18572400
984 798 18572400
512 798 18572400
389 798 18572400
976 798 18572400
921 798 18572400
911 798 18572400
199 798 18572400
985 798 18572400
986 798 18572400
137 798 18572400
964 798 18572400
740 798 18572400
798 622 18572400
798 921 18572400
798 964 18572400
798 740 18572400
987 446 18572400
285 771 18572400
988 771 18572400
771 285 18572400
967 256 18572400
256 967 18572400
658 43 18572400
989 37 18572400
37 989 18572400
389 357 18572400
357 389 18572400
882 829 18572400
984 389 18572400
990 389 18572400
989 389 18572400
991 389 18572400
964 389 18572400
963 389 18572400
894 389 18572400
389 991 18572400
389 990 18572400
389 964 18572400
389 963 18572400
389 984 18572400
389 989 18572400
389 756 18572400
636 756 18572400
964 71 18572400
71 964 18572400
719 7 18572400
189 756 18572400
207 992 18572400
378 437 18572400
817 620 18572400
620 817 18572400
270 892 18572400
892 270 18572400
70 693 18572400
972 984 18572400
199 984 18572400
324 984 18572400
984 972 18572400
984 911 18572400
984 199 18572400
984 985 18572400
984 324 18572400
984 993 18572400
984 986 18572400
994 694 18572400
531 694 18572400
694 994 18572400
694 930 18572400
995 719 18572400
719 995 18572400
949 996 18572400
996 949 18572400
220 386 18572400
758 324 18572400
324 758 18572400
997 998 18572400
999 998 18572400
1000 998 18572400
1001 998 18572400
1002 998 18572400
1003 998 18572400
1004 998 18572400
1005 998 18572400
1006 998 18572400
1007 998 18572400
626 998 18572400
998 997 18572400
998 1001 18572400
998 999 18572400
998 1003 18572400
998 1004 18572400
998 1005 18572400
998 1006 18572400
998 1007 18572400
998 626 18572400
998 1000 18572400
998 1002 18572400
343 692 18572400
692 969 18572400
941 994 18572400
954 994 18572400
994 941 18572400
1008 622 18572400
622 1008 18572400
943 444 18572400
479 660 18572400
539 815 18572400
815 539 18572400
1009 864 18572400
985 864 18572400
864 985 18572400
491 945 18572400
945 491 18572400
1010 882 18572400
882 1010 18572400
1011 276 18572400
943 953 18572400
953 943 18572400
639 964 18572400
964 639 18572400
1012 270 18572400
270 1012 18572400
949 897 18572400
1013 1010 18572400
1010 1013 18572400
929 18 18658800
1014 18 18658800
17 278 18658800
17 111 18658800
364 2 18658800
984 210 18658800
210 798 18658800
927 40 18658800
703 798 18658800
1015 798 18658800
1016 798 18658800
873 798 18658800
927 256 18658800
126 256 18658800
256 126 18658800
1017 37 18658800
37 1017 18658800
929 683 18658800
111 442 18658800
442 111 18658800
1018 829 18658800
984 829 18658800
804 829 18658800
111 829 18658800
829 324 18658800
829 804 18658800
829 1018 18658800
829 111 18658800
967 111 18658800
111 967 18658800
622 389 18658800
1015 389 18658800
1019 389 18658800
1020 389 18658800
389 622 18658800
389 1015 18658800
389 1019 18658800
389 1020 18658800
389 1021 18658800
61 425 18658800
285 989 18658800
989 285 18658800
246 44 18658800
246 756 18658800
116 984 18658800
1022 984 18658800
873 984 18658800
1016 984 18658800
984 1022 18658800
984 703 18658800
984 1015 18658800
984 873 18658800
984 116 18658800
984 1016 18658800
882 996 18658800
996 882 18658800
574 24 18658800
801 24 18658800
386 220 18658800
1023 367 18658800
1009 692 18658800
953 426 18658800
426 953 18658800
457 738 18658800
873 881 18658800
988 881 18658800
1014 881 18658800
881 873 18658800
881 1014 18658800
1017 824 18658800
696 864 18658800
864 696 18658800
427 911 18658800
911 427 18658800
276 1011 18658800
967 788 18658800
800 505 18658800
505 800 18658800
1024 967 18658800
967 1024 18658800
409 128 18658800
1015 985 18658800
985 1021 18658800
985 1015 18658800
943 756 18658800
1025 399 18658800
399 1025 18658800
1026 712 18658800
712 1026 18658800
976 946 18658800
437 17 18745200
17 64 18745200
17 437 18745200
922 885 18745200
61 874 18745200
874 61 18745200
758 798 18745200
798 512 18745200
798 873 18745200
798 1016 18745200
1027 771 18745200
1028 771 18745200
472 771 18745200
771 1028 18745200
771 1027 18745200
695 683 18745200
1029 683 18745200
683 1029 18745200
362 442 18745200
442 362 18745200
137 490 18745200
490 137 18745200
1022 389 18745200
389 1022 18745200
585 426 18745200
425 333 18745200
1030 121 18745200
1028 121 18745200
121 1030 18745200
121 1028 18745200
1031 378 18745200
378 1031 18745200
626 876 18745200
1032 876 18745200
83 620 18745200
620 83 18745200
1033 175 18745200
175 1033 18745200
1034 246 18745200
246 1034 18745200
950 984 18745200
1032 984 18745200
984 626 18745200
984 950 18745200
984 1032 18745200
984 344 18745200
911 694 18745200
367 658 18745200
367 1023 18745200
1035 835 18745200
881 835 18745200
835 1035 18745200
835 881 18745200
819 753 18745200
753 819 18745200
83 353 18745200
353 83 18745200
974 1028 18745200
864 1009 18745200
916 868 18745200
138 1036 18745200
738 912 18745200
18 1037 18831600
18 1038 18831600
1039 0 18831600
0 1039 18831600
111 17 18831600
17 806 18831600
993 798 18831600
771 953 18831600
771 988 18831600
219 37 18831600
37 219 18831600
37 1040 18831600
37 1041 18831600
37 1042 18831600
442 683 18831600
683 695 18831600
1043 442 18831600
442 1043 18831600
829 585 18831600
953 831 18831600
831 953 18831600
378 585 18831600
953 585 18831600
585 953 18831600
967 61 18831600
61 967 18831600
1028 189 18831600
378 967 18831600
681 885 18831600
984 876 18831600
876 984 18831600
996 620 18831600
953 620 18831600
620 996 18831600
620 1044 18831600
620 953 18831600
546 1045 18831600
1046 478 18831600
478 1046 18831600
993 984 18831600
1009 937 18831600
1040 937 18831600
937 1040 18831600
937 1009 18831600
353 990 18831600
990 353 18831600
334 1047 18831600
353 184 18831600
184 353 18831600
1048 668 18831600
668 1048 18831600
881 988 18831600
864 1028 18831600
1049 297 18831600
297 1049 18831600
297 1050 18831600
967 669 18831600
669 967 18831600
618 1048 18831600
1039 1048 18831600
1048 618 18831600
1048 1042 18831600
824 1017 18831600
1042 618 18831600
618 1041 18831600
618 1040 18831600
618 1042 18831600
1051 945 18831600
945 1051 18831600
660 659 18831600
659 660 18831600
1052 953 18831600
953 1052 18831600
698 783 18831600
1053 967 18831600
1054 967 18831600
967 1054 18831600
967 1053 18831600
1054 1017 18831600
1017 1054 18831600
1055 547 18831600
921 952 18831600
1056 912 18831600
912 1056 18831600
1057 1045 18831600
1045 1057 18831600
1042 703 18831600
703 1042 18831600
703 1041 18831600
703 1040 18831600
1040 1058 18831600
1041 1058 18831600
1040 1059 18831600
1041 1060 18831600
1040 1061 18831600
1041 1040 18831600
1040 1041 18831600
1041 1042 18831600
121 17 18918000
17 1062 18918000
17 121 18918000
922 1063 18918000
1064 683 18918000
683 1064 18918000
219 442 18918000
1065 442 18918000
442 1065 18918000
968 1066 18918000
426 585 18918000
1067 121 18918000
121 1067 18918000
681 931 18918000
546 871 18918000
1068 478 18918000
478 1068 18918000
618 219 18918000
219 1069 18918000
911 835 18918000
835 911 18918000
426 1070 18918000
887 871 18918000
1053 618 18918000
1071 968 18918000
968 1071 18918000
1072 659 18918000
659 1072 18918000
1073 1068 18918000
1068 1073 18918000
1032 700 18918000
700 1032 18918000
980 979 18918000
547 1055 18918000
973 1054 18918000
1054 973 18918000
973 756 18918000
18 1014 19004400
442 0 19004400
0 371 19004400
0 40 19004400
0 27 19004400
0 22 19004400
0 5 19004400
0 100 19004400
0 4 19004400
0 8 19004400
1063 922 19004400
756 2 19004400
490 114 19004400
256 65 19004400
756 37 19004400
37 1058 19004400
442 806 19004400
779 829 19004400
829 779 19004400
14 1074 19004400
1075 451 19004400
451 1075 19004400
189 1028 19004400
528 378 19004400
378 528 19004400
1055 892 19004400
892 1055 19004400
756 219 19004400
219 806 19004400
618 342 19004400
953 342 19004400
342 618 19004400
342 953 19004400
887 145 19004400
145 887 19004400
1070 426 19004400
531 971 19004400
561 170 19004400
170 561 19004400
1076 296 19004400
296 1076 19004400
603 469 19004400
1077 1028 19004400
1028 1077 19004400
1053 887 19004400
1048 1039 19004400
950 344 19004400
1078 945 19004400
945 1078 19004400
1079 977 19004400
977 1079 19004400
1067 48 19004400
48 1067 19004400
868 916 19004400
973 1080 19004400
1080 973 19004400
189 0 19090800
0 189 19090800
953 771 19090800
425 442 19090800
231 442 19090800
1081 442 19090800
442 425 19090800
442 231 19090800
442 1081 19090800
996 829 19090800
566 1066 19090800
859 111 19090800
111 859 19090800
432 166 19090800
1082 265 19090800
265 1082 19090800
589 61 19090800
61 589 19090800
989 1083 19090800
758 425 19090800
425 758 19090800
189 1084 19090800
189 44 19090800
189 224 19090800
936 121 19090800
121 936 19090800
184 566 19090800
695 183 19090800
183 1085 19090800
183 695 19090800
539 184 19090800
184 539 19090800
826 248 19090800
1086 826 19090800
826 1086 19090800
887 907 19090800
444 943 19090800
1087 979 19090800
979 1087 19090800
1088 1010 19090800
1010 1088 19090800
1014 1089 19090800
771 17 19177200
488 874 19177200
874 488 19177200
24 445 19177200
445 24 19177200
1066 683 19177200
562 831 19177200
831 562 19177200
1066 566 19177200
1066 968 19177200
1090 94 19177200
940 94 19177200
813 94 19177200
94 1090 19177200
94 940 19177200
94 813 19177200
940 566 19177200
1085 183 19177200
1091 478 19177200
478 1091 19177200
1043 996 19177200
945 996 19177200
996 1043 19177200
996 945 19177200
24 643 19177200
488 289 19177200
289 488 19177200
911 325 19177200
1081 887 19177200
887 1081 19177200
113 1080 19177200
1080 113 19177200
1088 756 19177200
483 771 19263600
771 483 19263600
448 1092 19263600
450 748 19263600
450 749 19263600
14 276 19263600
560 246 19263600
246 560 19263600
481 996 19263600
996 481 19263600
1093 554 19263600
231 554 19263600
554 1093 19263600
554 231 19263600
1094 671 19263600
671 1094 19263600
325 911 19263600
54 1095 19263600
483 824 19263600
1096 293 19263600
293 1096 19263600
468 754 19263600
1097 1098 19263600
1094 1098 19263600
1098 1097 19263600
1098 1094 19263600
1075 922 19350000
922 1075 19350000
110 2 19350000
2 110 19350000
1099 1100 19350000
1100 1099 19350000
1099 256 19350000
451 256 19350000
256 451 19350000
256 1099 19350000
683 1076 19350000
683 1066 19350000
1101 932 19350000
932 1101 19350000
1102 1066 19350000
1103 1066 19350000
1104 1066 19350000
1105 1066 19350000
1066 1102 19350000
1066 1105 19350000
1066 1104 19350000
756 389 19350000
744 22 19350000
22 744 19350000
22 684 19350000
756 636 19350000
9 425 19350000
425 9 19350000
566 553 19350000
701 546 19350000
546 701 19350000
1106 937 19350000
937 1106 19350000
1107 397 19350000
397 1107 19350000
985 395 19350000
1108 668 19350000
668 1108 19350000
1109 756 19350000
552 684 19350000
1110 1108 19350000
1108 1110 19350000
756 943 19350000
1111 1080 19350000
1080 1111 19350000
1112 1113 19350000
1114 1104 19350000
1104 756 19350000
1104 1114 19350000
1102 1111 19350000
756 485 19350000
756 973 19350000
756 626 19350000
10 0 19436400
1115 2 19436400
1116 2 19436400
1117 2 19436400
2 1116 19436400
2 1115 19436400
2 1117 19436400
1066 1118 19436400
1118 1066 19436400
222 37 19436400
37 222 19436400
1076 683 19436400
1119 10 19436400
10 1120 19436400
10 1119 19436400
10 854 19436400
10 1121 19436400
829 996 19436400
829 828 19436400
1116 1066 19436400
1122 1066 19436400
1123 1066 19436400
1124 1066 19436400
1125 1066 19436400
1126 1066 19436400
1066 1116 19436400
1066 1122 19436400
1066 1123 19436400
1066 1124 19436400
1066 1125 19436400
1066 1126 19436400
1066 1103 19436400
891 90 19436400
90 891 19436400
756 189 19436400
189 1109 19436400
207 756 19436400
1127 333 19436400
333 1127 19436400
659 478 19436400
478 659 19436400
847 33 19436400
33 847 19436400
1128 974 19436400
780 974 19436400
974 1128 19436400
974 780 19436400
1099 945 19436400
945 1099 19436400
756 1109 19436400
477 1129 19436400
1127 1130 19436400
1131 1099 19436400
1132 1099 19436400
1099 1132 19436400
1099 1131 19436400
1103 1133 19436400
1128 1025 19436400
1025 1134 19436400
1135 1118 19522800
1136 1118 19522800
1122 1118 19522800
1118 1136 19522800
1118 1122 19522800
1118 1135 19522800
618 683 19522800
490 683 19522800
683 1137 19522800
683 490 19522800
683 618 19522800
1121 10 19522800
1138 829 19522800
450 829 19522800
829 1138 19522800
829 450 19522800
967 1066 19522800
1066 967 19522800
544 635 19522800
635 544 19522800
1139 20 19522800
20 1139 19522800
1109 425 19522800
425 1109 19522800
1109 189 19522800
546 1130 19522800
844 996 19522800
1140 996 19522800
996 844 19522800
996 1140 19522800
1141 544 19522800
544 1141 19522800
967 554 19522800
488 33 19522800
33 488 19522800
483 353 19522800
353 483 19522800
1142 861 19522800
861 1142 19522800
1109 1116 19522800
1143 1144 19522800
1144 1143 19522800
1144 1145 19522800
1017 1130 19522800
1121 1120 19522800
1120 1121 19522800
1121 172 19522800
1113 1112 19522800
1146 1143 19522800
1143 1146 19522800
556 1147 19522800
1136 1148 19522800
1146 1149 19522800
1149 1146 19522800
1150 1100 19609200
1100 1150 19609200
12 1151 19609200
1137 683 19609200
250 442 19609200
442 250 19609200
505 829 19609200
829 505 19609200
1152 1066 19609200
1066 1152 19609200
1109 61 19609200
61 1109 19609200
887 1153 19609200
1153 887 19609200
1117 121 19609200
121 1117 19609200
813 250 19609200
250 813 19609200
1150 546 19609200
1154 546 19609200
1130 546 19609200
1017 546 19609200
546 1150 19609200
546 1017 19609200
546 1154 19609200
994 996 19609200
996 994 19609200
395 985 19609200
948 887 19609200
887 948 19609200
1155 122 19609200
122 1155 19609200
1116 1109 19609200
1116 1150 19609200
1135 1150 19609200
1150 1116 19609200
1150 1135 19609200
1130 1017 19609200
807 1135 19609200
1135 807 19609200
1135 1143 19609200
1133 1103 19609200
874 460 19695600
989 798 19695600
798 989 19695600
1156 771 19695600
771 1156 19695600
1150 1066 19695600
1157 1066 19695600
985 1066 19695600
1066 1150 19695600
1066 1157 19695600
1066 985 19695600
546 189 19695600
189 546 19695600
460 121 19695600
121 460 19695600
353 460 19695600
460 353 19695600
478 1158 19695600
1159 813 19695600
813 1159 19695600
801 996 19695600
353 996 19695600
996 801 19695600
996 353 19695600
887 692 19695600
692 887 19695600
539 887 19695600
887 539 19695600
1144 1110 19695600
1155 1160 19695600
1160 1155 19695600
1161 330 19695600
330 1161 19695600
1162 461 19695600
461 1162 19695600
1163 764 19695600
764 1163 19695600
1164 1157 19695600
1157 1164 19695600
874 1066 19782000
1165 1118 19782000
1144 1118 19782000
1118 1144 19782000
1118 1165 19782000
1166 798 19782000
798 1166 19782000
989 490 19782000
490 989 19782000
1166 1066 19782000
700 1066 19782000
1066 1166 19782000
1066 700 19782000
697 989 19782000
483 989 19782000
989 697 19782000
989 483 19782000
1167 425 19782000
425 1167 19782000
574 1166 19782000
273 1166 19782000
1166 574 19782000
1166 273 19782000
589 622 19782000
622 589 19782000
1168 933 19782000
933 1168 19782000
1168 1076 19782000
1076 1168 19782000
1116 945 19782000
945 1116 19782000
1168 1169 19782000
700 574 19782000
574 700 19782000
1147 461 19782000
461 1147 19782000
701 684 19782000
1147 556 19782000
457 0 19868400
0 457 19868400
1076 17 19868400
17 1076 19868400
1170 1118 19868400
1171 1118 19868400
1118 1170 19868400
1118 1171 19868400
824 210 19868400
210 824 19868400
1066 256 19868400
1166 829 19868400
829 1166 19868400
1170 1066 19868400
1172 1066 19868400
33 1066 19868400
1145 1066 19868400
1173 1066 19868400
1174 1066 19868400
1066 1170 19868400
1066 1172 19868400
1066 33 19868400
1066 1145 19868400
1066 1173 19868400
1066 1174 19868400
33 61 19868400
61 33 19868400
1136 989 19868400
989 1136 19868400
1172 566 19868400
1158 478 19868400
574 33 19868400
33 574 19868400
824 483 19868400
1172 1144 19868400
1145 1144 19868400
1144 1172 19868400
1173 1135 19868400
1135 1173 19868400
18 1062 19954800
1062 17 19954800
874 390 19954800
390 256 19954800
256 390 19954800
546 490 19954800
829 490 19954800
490 546 19954800
490 829 19954800
692 1066 19954800
1066 692 19954800
748 450 19954800
546 1175 19954800
1135 1166 19954800
1135 692 19954800
692 1135 19954800
1163 1135 19954800
1135 1163 19954800
1175 1176 19954800
1066 874 20041200
12 798 20041200
798 12 20041200
798 976 20041200
12 1166 20041200
12 756 20041200
771 543 20041200
1171 442 20041200
442 1171 20041200
1177 1066 20041200
1175 1066 20041200
1066 1177 20041200
1066 1175 20041200
635 389 20041200
389 635 20041200
1178 543 20041200
543 1178 20041200
425 626 20041200
62 1179 20041200
826 1180 20041200
1180 826 20041200
1180 1179 20041200
1171 1166 20041200
933 1166 20041200
1181 1166 20041200
1166 1171 20041200
1166 933 20041200
1166 1181 20041200
1166 756 20041200
237 137 20041200
137 237 20041200
1175 933 20041200
933 1175 20041200
1182 1183 20041200
237 1183 20041200
1183 1182 20041200
1183 237 20041200
698 1109 20041200
843 1184 20041200
1184 843 20041200
1185 1186 20041200
1187 1186 20041200
1186 1185 20041200
1186 1187 20041200
1176 1175 20041200
946 976 20041200
1012 18 20127600
829 18 20127600
18 1012 20127600
18 829 20127600
528 17 20127600
1188 17 20127600
17 990 20127600
17 528 20127600
17 1188 20127600
536 2 20127600
2 536 20127600
874 1179 20127600
1166 12 20127600
12 44 20127600
12 314 20127600
12 1189 20127600
1190 771 20127600
771 1190 20127600
771 1166 20127600
1191 442 20127600
442 1191 20127600
162 1188 20127600
1188 162 20127600
1084 189 20127600
967 189 20127600
189 967 20127600
1186 127 20127600
127 1186 20127600
24 574 20127600
24 801 20127600
1190 1166 20127600
1166 1190 20127600
967 444 20127600
444 967 20127600
864 976 20127600
1063 967 20127600
967 1063 20127600
1192 1160 20127600
1160 1192 20127600
1129 477 20127600
1193 1075 20127600
1075 1193 20127600
17 771 20214000
827 874 20214000
874 827 20214000
1118 683 20214000
829 771 20214000
827 771 20214000
771 829 20214000
771 827 20214000
1194 829 20214000
829 1194 20214000
1166 635 20214000
635 1166 20214000
854 14 20214000
566 425 20214000
425 566 20214000
425 622 20214000
719 1195 20214000
133 827 20214000
827 133 20214000
1045 1196 20214000
827 445 20300400
445 827 20300400
683 1197 20300400
827 932 20300400
932 827 20300400
1149 989 20300400
989 1149 20300400
963 566 20300400
566 963 20300400
1166 719 20300400
719 1166 20300400
1198 1166 20300400
1166 1198 20300400
622 835 20300400
963 827 20300400
1159 827 20300400
827 963 20300400
827 1159 20300400
1154 974 20300400
740 643 20300400
643 740 20300400
617 637 20300400
1186 758 20300400
758 1186 20300400
1179 874 20386800
1179 798 20386800
1197 683 20386800
1199 389 20386800
389 1199 20386800
531 450 20386800
450 531 20386800
170 989 20386800
989 170 20386800
1200 62 20386800
1179 62 20386800
219 553 20386800
1201 553 20386800
553 1201 20386800
1179 1202 20386800
104 1202 20386800
1202 1179 20386800
1202 104 20386800
113 1203 20386800
1203 113 20386800
172 1121 20386800
1200 1179 20386800
1179 1200 20386800
1204 18 20473200
18 1204 20473200
18 1205 20473200
1115 17 20473200
17 1115 20473200
389 1206 20473200
1176 353 20473200
353 1207 20473200
353 1176 20473200
1169 1168 20473200
1062 18 20559600
1208 18 20559600
18 277 20559600
833 874 20559600
1199 874 20559600
874 1199 20559600
874 833 20559600
910 1118 20559600
1118 910 20559600
1201 357 20559600
357 1201 20559600
1208 389 20559600
1201 389 20559600
1209 389 20559600
389 1209 20559600
389 1201 20559600
389 1208 20559600
779 635 20559600
635 779 20559600
1210 989 20559600
1211 989 20559600
989 1210 20559600
989 1211 20559600
1210 189 20559600
189 1210 20559600
1179 1180 20559600
1195 719 20559600
259 756 20559600
1109 1178 20559600
1109 698 20559600
1033 1154 20559600
1154 1033 20559600
1096 1210 20559600
1210 1096 20559600
18 1212 20646000
1144 771 20646000
485 357 20646000
357 485 20646000
1213 389 20646000
389 1213 20646000
265 145 20646000
1206 145 20646000
1214 536 20646000
536 1214 20646000
301 74 20646000
1215 1158 20646000
1158 1215 20646000
1212 18 20732400
990 17 20732400
357 445 20732400
445 357 20732400
442 1216 20732400
1217 932 20732400
932 1217 20732400
989 635 20732400
635 989 20732400
635 1216 20732400
498 250 20732400
250 498 20732400
1084 546 20732400
546 1084 20732400
219 756 20732400
1017 350 20732400
1201 1166 20732400
1218 824 20732400
824 1218 20732400
824 1219 20732400
1220 849 20732400
849 1220 20732400
886 17 20818800
17 886 20818800
1221 445 20818800
445 1221 20818800
932 43 20818800
43 932 20818800
505 932 20818800
424 932 20818800
1201 932 20818800
932 505 20818800
932 424 20818800
932 1201 20818800
1201 635 20818800
635 1201 20818800
1222 450 20818800
450 1222 20818800
145 265 20818800
622 425 20818800
681 735 20818800
360 390 20818800
145 1206 20818800
753 735 20818800
1219 824 20818800
1147 1223 20818800
1223 1147 20818800
1224 849 20818800
849 1224 20818800
113 1221 20818800
1221 113 20818800
1179 756 20818800
18 1208 20905200
18 1225 20905200
798 1179 20905200
1226 771 20905200
771 1226 20905200
425 1227 20905200
189 1227 20905200
1227 189 20905200
442 735 20905200
740 932 20905200
539 932 20905200
932 740 20905200
932 539 20905200
546 826 20905200
1176 1180 20905200
1180 1176 20905200
538 735 20905200
1028 974 20905200
1201 1228 20991600
1228 1201 20991600
1227 425 20991600
932 357 20991600
1159 357 20991600
357 932 20991600
357 1159 20991600
1195 1092 20991600
353 932 20991600
932 353 20991600
904 635 20991600
635 904 20991600
1226 1159 20991600
1159 1226 20991600
849 616 20991600
616 849 20991600
1226 536 20991600
536 1226 20991600
45 18 21078000
932 1228 21078000
1045 1228 21078000
824 1228 21078000
1109 1228 21078000
1229 1228 21078000
1228 1109 21078000
1228 932 21078000
1228 824 21078000
1228 1229 21078000
771 350 21078000
1092 1195 21078000
1092 448 21078000
1230 932 21078000
932 425 21078000
932 1230 21078000
1231 1066 21078000
1232 1066 21078000
1066 1231 21078000
1066 1232 21078000
148 20 21078000
1231 989 21078000
989 1231 21078000
1199 543 21078000
543 1199 21078000
45 311 21078000
543 0 21164400
442 566 21164400
932 829 21164400
829 932 21164400
1226 1066 21164400
1233 1066 21164400
1066 1234 21164400
1066 1226 21164400
1066 1233 21164400
1235 617 21164400
617 1235 21164400
1236 1223 21164400
1223 1236 21164400
1217 1204 21164400
1204 1217 21164400
543 771 21250800
830 771 21250800
771 830 21250800
771 1237 21250800
1238 831 21250800
831 1238 21250800
1239 1066 21250800
1066 1239 21250800
20 148 21250800
587 979 21250800
797 1240 21250800
1232 1241 21250800
1241 1242 21250800
1237 771 21337200
553 771 21337200
771 553 21337200
1231 831 21337200
831 1231 21337200
824 1066 21337200
436 1066 21337200
1066 436 21337200
1066 824 21337200
1066 1243 21337200
1135 71 21337200
71 1135 21337200
1244 189 21337200
189 1244 21337200
505 566 21337200
566 505 21337200
1245 944 21337200
944 1245 21337200
236 1213 21337200
1213 236 21337200
1082 236 21337200
236 1082 21337200
1203 1223 21337200
1245 1223 21337200
1223 1203 21337200
1223 1245 21337200
1240 797 21337200
17 1246 21423600
17 1247 21423600
1248 1118 21423600
1118 1248 21423600
1180 1246 21423600
1246 1180 21423600
1246 566 21423600
771 1180 21423600
61 932 21423600
932 61 21423600
1245 1066 21423600
1066 1245 21423600
1203 61 21423600
61 1203 21423600
1180 460 21423600
460 1180 21423600
1249 1180 21423600
1180 1249 21423600
1245 887 21423600
887 1245 21423600
149 1213 21423600
283 171 21423600
932 874 21510000
874 932 21510000
989 1246 21510000
1184 1246 21510000
1246 989 21510000
1246 1184 21510000
989 932 21510000
1203 932 21510000
932 989 21510000
932 1203 21510000
444 635 21510000
61 635 21510000
635 444 21510000
635 61 21510000
1184 989 21510000
989 692 21510000
989 1184 21510000
826 546 21510000
195 989 21596400
1180 932 21596400
932 1180 21596400
231 61 21596400
61 231 21596400
1180 989 21596400
1203 989 21596400
989 1203 21596400
1245 395 21596400
395 1245 21596400
1180 17 21682800
1180 357 21682800
357 1180 21682800
566 442 21682800
1234 831 21682800
1250 831 21682800
831 1234 21682800
831 1250 21682800
1243 1066 21682800
250 635 21682800
436 635 21682800
635 436 21682800
635 250 21682800
61 1251 21682800
1213 1148 21682800
1251 1061 21682800
1251 1059 21682800
1251 1060 21682800
1251 1058 21682800
1251 1041 21682800
1251 1040 21682800
18 1249 21769200
17 850 21769200
932 195 21769200
195 932 21769200
536 932 21769200
932 536 21769200
1220 1066 21769200
635 1066 21769200
1066 635 21769200
1066 1220 21769200
1112 189 21769200
566 1172 21769200
1251 756 21769200
1252 1012 21769200
1012 1252 21769200
639 982 21769200
1249 18 21855600
18 1238 21855600
1253 1228 21855600
932 771 21855600
1253 771 21855600
771 932 21855600
771 1253 21855600
6 756 21855600
573 1066 21855600
1066 573 21855600
219 189 21855600
573 219 21855600
219 573 21855600
157 1254 21855600
1180 18 21942000
18 1180 21942000
425 0 21942000
0 425 21942000
1255 1118 21942000
1118 1255 21942000
1255 683 21942000
989 195 21942000
829 1066 21942000
353 831 21942000
831 353 21942000
1053 1066 21942000
1234 1066 21942000
1066 1256 21942000
1066 1053 21942000
989 1180 21942000
1234 1180 21942000
1234 695 21942000
1159 1213 21942000
1257 1213 21942000
1213 1257 21942000
1254 157 21942000
1234 1257 21942000
1257 1234 21942000
0 771 22028400
17 1180 22028400
1213 357 22028400
1258 357 22028400
1245 357 22028400
357 1213 22028400
357 1258 22028400
357 1245 22028400
831 829 22028400
829 831 22028400
589 831 22028400
831 589 22028400
425 1066 22028400
219 1066 22028400
1256 1066 22028400
1259 1066 22028400
1066 1259 22028400
1208 989 22028400
989 1208 22028400
989 41 22028400
1260 566 22028400
566 1260 22028400
1213 1159 22028400
1261 1223 22028400
1223 1261 22028400
1262 1012 22028400
1012 1262 22028400
5 18 22114800
566 18 22114800
18 566 22114800
17 78 22114800
445 1263 22114800
1223 1263 22114800
1263 445 22114800
1263 1223 22114800
273 1228 22114800
566 256 22114800
256 566 22114800
683 1255 22114800
566 5 22114800
5 566 22114800
1033 585 22114800
585 1033 22114800
671 425 22114800
1264 1259 22114800
1259 1264 22114800
1256 296 22114800
296 1256 22114800
1262 1265 22114800
1265 1262 22114800
1266 1223 22114800
1223 1266 22114800
1267 1262 22114800
1262 1267 22114800
198 17 22201200
505 1263 22201200
1263 505 22201200
445 1253 22201200
1113 831 22201200
5 831 22201200
831 5 22201200
831 1113 22201200
777 0 22287600
0 777 22287600
1268 417 22287600
417 1268 22287600
1269 1268 22287600
1270 1223 22287600
1223 1270 22287600
1232 1082 22287600
1082 1232 22287600
1271 18 22374000
18 1272 22374000
566 1263 22374000
1180 1100 22374000
1100 1180 22374000
1273 357 22374000
357 1273 22374000
1273 1274 22374000
982 829 22374000
829 982 22374000
425 432 22374000
432 425 22374000
1275 265 22374000
265 1275 22374000
616 1276 22374000
533 1277 22374000
698 1180 22374000
1180 698 22374000
1278 1264 22374000
1264 1278 22374000
1279 1223 22374000
1271 1223 22374000
1223 1279 22374000
1223 1271 22374000
1271 1245 22374000
1082 1242 22374000
1280 0 22460400
0 1280 22460400
27 17 22460400
543 1263 22460400
1281 1263 22460400
1263 543 22460400
1263 1281 22460400
1066 829 22460400
41 989 22460400
566 945 22460400
1144 367 22460400
367 1144 22460400
1268 1269 22460400
1282 459 22460400
1282 1223 22460400
1223 1282 22460400
543 635 22546800
635 543 22546800
1283 543 22546800
543 1283 22546800
1238 1199 22546800
1199 1238 22546800
18 1271 22633200
566 932 22633200
700 932 22633200
932 566 22633200
932 700 22633200
1284 1066 22633200
1066 1284 22633200
1259 989 22633200
989 1259 22633200
265 635 22719600
635 265 22719600
5 273 22719600
1285 851 22719600
851 1285 22719600
17 932 22806000
17 198 22806000
1228 273 22806000
353 566 22806000
566 353 22806000
1268 620 22806000
620 1268 22806000
256 1066 22892400
1286 1066 22892400
1287 1066 22892400
1159 1066 22892400
1066 1286 22892400
1066 1287 22892400
1066 1159 22892400
1276 616 22892400
1287 1238 22892400
1288 1287 22892400
822 1287 22892400
1287 1288 22892400
1287 822 22892400
1286 1281 22892400
1281 1286 22892400
18 1289 22978800
0 879 22978800
114 144 22978800
425 1228 22978800
1228 425 22978800
378 256 22978800
256 378 22978800
460 831 22978800
831 460 22978800
1149 1066 22978800
696 1066 22978800
1066 1149 22978800
1066 696 22978800
1290 1277 22978800
1277 1290 22978800
1286 695 22978800
695 1291 22978800
695 1286 22978800
695 1234 22978800
1286 1287 22978800
1287 1286 22978800
1292 1257 22978800
1257 1292 22978800
1100 1293 23065200
1092 753 23065200
539 831 23065200
831 539 23065200
1199 836 23065200
1293 836 23065200
1217 836 23065200
836 1293 23065200
836 1217 23065200
836 1199 23065200
539 1159 23065200
1159 539 23065200
539 1287 23065200
1033 1287 23065200
1287 1033 23065200
1287 539 23065200
1294 1293 23065200
1293 1294 23065200
1263 0 23151600
1100 922 23151600
922 1100 23151600
771 2 23151600
2 771 23151600
424 1228 23151600
1228 424 23151600
1293 1100 23151600
424 5 23151600
5 424 23151600
1276 41 23151600
1269 1277 23151600
1277 1269 23151600
1295 1287 23151600
1287 1295 23151600
1287 1296 23151600
1291 1281 23151600
1281 1291 23151600
490 771 23238000
771 490 23238000
62 256 23238000
256 62 23238000
543 1293 23238000
1277 659 23238000
1297 1287 23238000
1287 1297 23238000
1291 886 23238000
886 1291 23238000
1291 1298 23238000
1298 1291 23238000
1238 18 23324400
18 1299 23324400
0 219 23324400
1199 445 23324400
445 1199 23324400
1294 771 23324400
1300 771 23324400
771 1300 23324400
771 1294 23324400
357 425 23324400
1229 543 23324400
543 1229 23324400
566 1301 23324400
1199 1299 23324400
1159 1299 23324400
1238 1287 23324400
1109 1298 23324400
927 1302 23324400
635 256 23410800
256 635 23410800
41 836 23410800
836 41 23410800
1303 1199 23410800
1199 1303 23410800
1298 1109 23410800
566 1100 23497200
1100 566 23497200
425 1304 23497200
1304 425 23497200
932 445 23497200
445 932 23497200
620 357 23497200
357 620 23497200
189 1277 23497200
1305 836 23497200
836 1305 23497200
1084 1277 23497200
1277 1084 23497200
1039 184 23497200
184 1039 23497200
561 586 23497200
1306 18 23583600
1289 18 23583600
18 1306 23583600
18 1307 23583600
1308 0 23583600
945 1228 23583600
1159 1228 23583600
1228 945 23583600
1228 1159 23583600
425 357 23583600
1309 357 23583600
1310 357 23583600
357 1309 23583600
357 1310 23583600
1311 1066 23583600
1066 1311 23583600
450 1312 23583600
836 250 23583600
250 836 23583600
1159 836 23583600
836 1159 23583600
1313 1259 23583600
1259 1313 23583600
1291 1314 23583600
1314 1291 23583600
220 18 23670000
1307 18 23670000
18 220 23670000
1066 0 23670000
1304 40 23670000
1109 771 23670000
113 771 23670000
771 1109 23670000
771 113 23670000
1315 683 23670000
683 1315 23670000
683 1316 23670000
1309 1273 23670000
1273 1309 23670000
1066 425 23670000
1066 219 23670000
1199 80 23670000
1317 1277 23670000
546 1277 23670000
1277 546 23670000
1277 1317 23670000
1318 41 23670000
41 1318 23670000
1319 246 23670000
246 1319 23670000
1316 979 23670000
18 487 23756400
18 1320 23756400
1321 17 23756400
17 1321 23756400
1104 874 23756400
1245 874 23756400
874 1104 23756400
874 1245 23756400
357 771 23756400
771 357 23756400
771 1066 23756400
1322 27 23756400
27 1322 23756400
1199 1273 23756400
1273 1199 23756400
1309 831 23756400
831 1309 23756400
1323 989 23756400
989 1323 23756400
1184 1277 23756400
1277 1184 23756400
1324 41 23756400
1291 1309 23756400
1309 1291 23756400
543 1228 23842800
62 1228 23842800
1228 543 23842800
1325 357 23842800
357 1325 23842800
118 989 23842800
1308 989 23842800
989 118 23842800
989 1308 23842800
1199 121 23842800
1287 121 23842800
121 1199 23842800
121 1287 23842800
41 1324 23842800
1326 246 23842800
246 1326 23842800
1318 1287 23842800
1287 1318 23842800
1066 1221 23929200
695 635 23929200
635 695 23929200
41 1277 23929200
1277 41 23929200
1327 1199 23929200
1199 1327 23929200
1328 1310 23929200
1310 1328 23929200
425 17 24015600
17 425 24015600
1273 1228 24015600
1329 1118 24015600
445 1118 24015600
1118 1329 24015600
1118 445 24015600
1330 446 24015600
801 771 24015600
771 801 24015600
1322 357 24015600
357 1322 24015600
357 321 24015600
1273 1117 24015600
777 80 24015600
1324 566 24015600
566 1324 24015600
874 1273 24102000
357 1263 24102000
1263 357 24102000
1331 27 24102000
27 1331 24102000
1117 357 24102000
1332 357 24102000
368 357 24102000
1109 357 24102000
357 1117 24102000
357 1109 24102000
357 1332 24102000
357 368 24102000
1331 195 24102000
831 1333 24102000
831 1184 24102000
1221 1066 24102000
80 1199 24102000
1331 121 24102000
1331 360 24102000
360 1331 24102000
17 144 24188400
427 2 24188400
357 2 24188400
2 427 24188400
2 357 24188400
1273 874 24188400
1321 1118 24188400
944 1118 24188400
1118 1321 24188400
1118 944 24188400
1314 27 24188400
27 1314 24188400
427 357 24188400
357 427 24188400
1184 831 24188400
1333 831 24188400
944 1066 24188400
1066 944 24188400
1293 543 24188400
1291 80 24188400
944 1259 24188400
1259 944 24188400
944 756 24188400
1334 18 24274800
635 18 24274800
18 635 24274800
1324 0 24274800
118 445 24274800
445 118 24274800
635 357 24274800
80 357 24274800
357 635 24274800
357 80 24274800
1335 683 24274800
683 1335 24274800
1334 1273 24274800
1273 1334 24274800
425 1324 24274800
1334 1223 24274800
1223 1334 24274800
979 1316 24274800
979 1336 24274800
17 1337 24361200
613 1304 24361200
1304 613 24361200
61 357 24361200
613 357 24361200
1338 357 24361200
357 61 24361200
357 613 24361200
357 1338 24361200
80 39 24361200
1336 979 24361200
1339 18 24447600
18 1339 24447600
1228 1340 24447600
350 1118 24447600
1118 350 24447600
836 1304 24447600
1304 836 24447600
357 446 24447600
1341 357 24447600
490 357 24447600
543 357 24447600
357 1341 24447600
357 490 24447600
357 543 24447600
1339 1342 24447600
1343 18 24534000
18 1334 24534000
18 1343 24534000
1340 1228 24534000
61 1100 24534000
1100 61 24534000
944 357 24534000
357 944 24534000
1286 1109 24534000
1342 1339 24534000
1109 1286 24620400
944 17 24706800
17 944 24706800
1310 874 24706800
1324 874 24706800
874 1310 24706800
1324 700 24706800
1236 945 24706800
945 1236 24706800
1344 851 24706800
851 1344 24706800
332 44 24706800
1250 18 24793200
18 1250 24793200
861 17 24793200
17 861 24793200
121 874 24793200
360 874 24793200
874 121 24793200
1277 1228 24793200
1228 1277 24793200
1345 27 24793200
27 1345 24793200
1092 719 24793200
296 121 24793200
1250 121 24793200
121 296 24793200
1291 620 24793200
620 1291 24793200
1291 350 24793200
350 1291 24793200
1310 1268 24793200
1345 536 24793200
536 1345 24793200
1291 853 24793200
853 1291 24793200
874 1346 24879600
635 771 24879600
771 635 24879600
1345 357 24879600
357 1345 24879600
719 1092 24879600
195 1345 24879600
360 937 24879600
1236 353 24879600
353 1236 24879600
47 50 24879600
1236 396 24879600
396 1236 24879600
683 18 24966000
1347 18 24966000
18 1266 24966000
18 1348 24966000
1231 1304 24966000
1304 1231 24966000
1231 27 24966000
27 635 24966000
27 1231 24966000
1066 450 24966000
1324 425 24966000
849 1259 24966000
1259 849 24966000
1281 1228 25052400
80 1304 25052400
1304 80 25052400
1349 20 25052400
20 1349 25052400
189 1112 25052400
1313 121 25052400
121 1313 25052400
1244 1259 25052400
1259 1244 25052400
1266 18 25138800
635 27 25138800
1350 683 25138800
683 1350 25138800
813 1066 25138800
1066 813 25138800
635 62 25138800
121 62 25138800
62 121 25138800
1351 1346 25138800
1346 1351 25138800
85 1291 25138800
1346 18 25225200
18 1346 25225200
18 1352 25225200
18 1347 25225200
1144 1100 25225200
1100 1144 25225200
357 256 25225200
256 357 25225200
1291 357 25225200
357 1291 25225200
1 635 25225200
1353 813 25225200
813 1353 25225200
813 756 25225200
1291 85 25225200
30 18 25311600
18 30 25311600
357 1228 25311600
1228 357 25311600
1228 1281 25311600
1354 1100 25311600
16 1100 25311600
1100 16 25311600
1100 1354 25311600
1355 1304 25311600
1304 1355 25311600
1323 1277 25311600
1277 1323 25311600
219 1041 25311600
219 1042 25311600
219 1299 25311600
219 1216 25311600
1354 1324 25311600
1324 1354 25311600
18 1356 25398000
989 1357 25398000
836 357 25398000
357 836 25398000
1213 831 25398000
831 1213 25398000
1353 20 25398000
20 1353 25398000
1259 62 25398000
62 1259 25398000
332 219 25398000
1213 756 25398000
1114 539 25398000
1326 18 25484400
18 1326 25484400
835 1228 25484400
1066 1228 25484400
1228 835 25484400
1228 1066 25484400
357 210 25484400
771 210 25484400
210 357 25484400
350 771 25484400
989 771 25484400
1358 1066 25484400
1066 1358 25484400
635 1 25484400
121 1250 25484400
1324 219 25484400
1347 45 25484400
1291 1359 25484400
1359 1291 25484400
1360 18 25570800
18 1360 25570800
18 1361 25570800
18 1355 25570800
1357 1301 25570800
27 1263 25570800
113 836 25570800
836 113 25570800
162 67 25570800
1265 57 25570800
1362 18 25657200
18 1362 25657200
613 1357 25657200
1357 613 25657200
1293 874 25657200
1324 445 25657200
445 1324 25657200
1316 683 25657200
18 1118 25743600
18 683 25743600
1346 922 25743600
922 1346 25743600
874 1293 25743600
85 1304 25743600
496 1304 25743600
1304 85 25743600
1304 496 25743600
1363 445 25743600
445 1360 25743600
445 1293 25743600
445 1363 25743600
1364 683 25743600
683 1364 25743600
1365 1273 25743600
1273 1365 25743600
1363 195 25743600
195 1363 25743600
698 490 25743600
490 698 25743600
566 1354 25743600
134 1277 25743600
1366 1360 25743600
1360 1366 25743600
45 1347 25743600
1118 18 25830000
1356 18 25830000
0 1356 25830000
490 1304 25830000
1304 490 25830000
1259 585 25830000
137 1277 25830000
1277 137 25830000
1367 1363 25830000
1363 1367 25830000
17 360 25916400
18 1368 26002800
18 1369 26002800
922 771 26002800
1370 1118 26002800
1246 1118 26002800
460 1118 26002800
1118 1370 26002800
1118 1246 26002800
1118 460 26002800
1246 1100 26002800
1100 1246 26002800
566 1246 26002800
1259 771 26002800
771 1259 26002800
771 1351 26002800
1370 1259 26002800
1259 1370 26002800
1118 874 26089200
1293 27 26089200
27 1293 26089200
1371 479 26089200
479 1371 26089200
1306 1257 26089200
1257 1306 26089200
1357 445 26175600
1372 1118 26175600
1209 1118 26175600
1118 1209 26175600
1118 1265 26175600
1100 184 26175600
1346 1373 26175600
1373 1346 26175600
1370 1306 26175600
1265 1118 26262000
1304 1314 26262000
1277 490 26262000
490 1277 26262000
1374 1277 26262000
1277 1374 26262000
1375 1159 26262000
1159 1375 26262000
1265 1376 26262000
1371 617 26262000
617 1371 26262000
1360 1100 26348400
1100 1360 26348400
1377 1304 26348400
1378 1304 26348400
1314 1304 26348400
1304 1377 26348400
1304 329 26348400
1304 1378 26348400
1314 989 26348400
989 1314 26348400
1291 1356 26348400
1356 1291 26348400
1228 1304 26434800
1379 1304 26434800
1304 1379 26434800
43 451 26434800
43 1373 26434800
450 184 26434800
1370 1380 26434800
1381 18 26521200
18 1381 26521200
1277 1246 26521200
1382 1246 26521200
1246 613 26521200
1246 1382 26521200
360 1383 26521200
1144 1201 26521200
1201 1144 26521200
1380 1370 26521200
1092 1228 26607600
1287 27 26607600
27 1287 26607600
613 184 26607600
184 613 26607600
1378 1384 26607600
1384 1378 26607600
113 1385 26607600
1385 113 26607600
1386 18 26694000
1387 18 26694000
18 1386 26694000
18 1387 26694000
490 1228 26694000
1228 490 26694000
1388 1246 26694000
1246 1388 26694000
1389 445 26694000
485 445 26694000
445 1389 26694000
445 485 26694000
1066 771 26694000
836 490 26694000
490 836 26694000
1386 57 26694000
485 1384 26694000
1384 485 26694000
485 1118 26780400
1390 1118 26780400
1159 1118 26780400
1118 485 26780400
1118 1390 26780400
1118 1159 26780400
618 771 26780400
80 490 26780400
490 80 26780400
80 777 26780400
1391 1259 26780400
1259 1391 26780400
220 1324 26780400
1324 220 26780400
1376 1265 26780400
1391 18 26866800
613 18 26866800
18 1392 26866800
18 1393 26866800
18 1391 26866800
18 613 26866800
1389 1357 26866800
1357 1367 26866800
1357 1389 26866800
613 1118 26866800
1118 613 26866800
1277 1100 26866800
771 1291 26866800
1291 27 26866800
1384 161 26866800
161 1384 26866800
1393 18 26953200
296 195 26953200
195 296 26953200
1277 1066 26953200
99 9 26953200
1306 1370 26953200
745 18 27039600
18 745 27039600
1264 1228 27039600
1228 1264 27039600
219 1277 27039600
1306 745 27039600
745 1306 27039600
195 18 27126000
18 195 27126000
350 17 27126000
17 350 27126000
195 874 27126000
874 195 27126000
450 0 27212400
1394 1357 27212400
1357 1394 27212400
256 445 27212400
445 256 27212400
450 1066 27212400
1395 450 27212400
450 1395 27212400
1395 18 27298800
18 1395 27298800
195 17 27298800
17 195 27298800
1066 1357 27298800
1367 1357 27298800
195 1118 27298800
692 1118 27298800
418 1118 27298800
1395 1118 27298800
1118 195 27298800
1118 692 27298800
1118 418 27298800
1118 1395 27298800
27 692 27298800
1356 195 27298800
5 195 27298800
1396 195 27298800
1397 195 27298800
1382 195 27298800
195 1356 27298800
195 5 27298800
195 1396 27298800
195 1397 27298800
195 1382 27298800
1382 933 27298800
332 1398 27298800
18 1197 27385200
1304 1384 27385200
1395 418 27385200
418 1395 27385200
1399 195 27385200
195 1399 27385200
1197 18 27471600
1357 1286 27471600
1304 1313 27471600
1351 445 27471600
1382 450 27471600
450 1382 27471600
1382 95 27471600
27 1118 27558000
1118 27 27558000
1291 1117 27644400
1117 1291 27644400
1395 1357 27730800
1357 1395 27730800
1100 1277 27730800
1400 1228 27817200
1228 1400 27817200
1351 418 27817200
445 1351 27903600
1351 771 27903600
1384 27 27903600
27 1384 27903600
1373 195 27903600
195 1373 27903600
18 1401 27990000
1357 1311 27990000
1402 1118 27990000
1349 1118 27990000
1118 1349 27990000
1397 27 27990000
27 1397 27990000
543 1384 27990000
425 671 27990000
1403 1384 27990000
1384 1403 27990000
1392 18 28076400
18 1404 28076400
18 1405 28076400
219 1357 28076400
1304 1100 28076400
1100 1304 28076400
1384 1304 28076400
1304 95 28076400
1406 446 28076400
350 1357 28162800
1357 350 28162800
1066 1277 28162800
1407 27 28249200
27 1407 28249200
745 1259 28249200
1259 745 28249200
1407 745 28249200
745 1407 28249200
745 1263 28335600
1408 450 28335600
450 1408 28335600
1382 1277 28335600
47 1409 28335600
1410 18 28422000
18 1411 28422000
1412 1357 28422000
945 1357 28422000
1357 1412 28422000
1357 945 28422000
1313 1304 28422000
1213 445 28422000
683 446 28422000
1382 446 28422000
1372 683 28422000
683 1372 28422000
683 1413 28422000
1410 1414 28422000
1414 1410 28422000
1291 1408 28422000
1373 1357 28508400
1384 874 28508400
1373 1291 28508400
1415 1357 28594800
813 1357 28594800
1357 813 28594800
1384 445 28594800
445 1384 28594800
1416 1414 28594800
1414 1416 28594800
1415 1416 28594800
1416 1415 28594800
1416 1417 28594800
620 1357 28681200
1357 620 28681200
1415 27 28681200
27 1415 28681200
692 932 28681200
932 692 28681200
1418 1357 28767600
1357 1416 28767600
1357 1415 28767600
1357 113 28767600
683 1401 28767600
683 1419 28767600
478 617 28767600
113 1418 28767600
1418 113 28767600
1414 874 28854000
1414 1301 28854000
1291 1373 28854000
1416 1357 28940400
1357 1420 28940400
1408 1228 28940400
1416 1228 28940400
1228 1416 28940400
1386 451 28940400
1416 1388 28940400
1386 241 28940400
1388 1144 28940400
1144 1388 28940400
1357 1421 29026800
874 1384 29026800
874 1414 29026800
1388 1416 29026800
57 224 29026800
1422 1421 29026800
1421 1422 29026800
18 1410 29113200
362 1357 29113200
1357 1373 29113200
1357 362 29113200
1238 1118 29113200
1118 1238 29113200
1423 1257 29113200
617 478 29113200
1265 813 29113200
1421 1321 29113200
1321 1421 29113200
445 1213 29199600
57 135 29199600
1291 1236 29199600
1357 632 29286000
1424 18 29372400
18 1424 29372400
57 0 29372400
1424 1357 29372400
1357 1424 29372400
1425 445 29372400
445 1425 29372400
12 861 29372400
57 683 29372400
57 55 29372400
57 13 29372400
57 89 29372400
57 1265 29372400
114 1426 29458800
210 1228 29458800
1228 210 29458800
1424 445 29458800
445 1424 29458800
1425 450 29458800
450 1425 29458800
1425 18 29545200
18 1425 29545200
250 1357 29545200
1357 5 29545200
1357 250 29545200
874 1427 29545200
5 585 29545200
1425 250 29545200
250 1425 29545200
1428 57 29545200
57 29 29545200
57 1428 29545200
17 10 29631600
1397 1357 29631600
1357 450 29631600
1357 1397 29631600
565 569 29631600
569 565 29631600
250 18 29718000
18 250 29718000
1357 446 29718000
1357 1429 29718000
1118 1372 29718000
162 446 29718000
1430 831 29718000
831 1430 29718000
18 1431 29804400
698 1357 29804400
1264 874 29804400
1264 756 29804400
1291 21 29804400
1432 1357 29890800
1357 1432 29890800
1357 756 29890800
1382 37 29890800
37 1382 29890800
1424 1360 29890800
1360 1424 29890800
1363 1357 29977200
1357 1423 29977200
1357 1433 29977200
629 27 29977200
27 629 29977200
256 18 30063600
18 490 30063600
1434 1357 30063600
1382 1357 30063600
1357 1382 30063600
1357 1434 30063600
1276 1228 30063600
1228 1276 30063600
1433 1304 30063600
1382 1304 30063600
1304 692 30063600
1246 1435 30063600
1436 1276 30063600
1276 1436 30063600
1433 1408 30063600
1408 1433 30063600
1437 1357 30150000
1357 1300 30150000
1357 1437 30150000
1435 1246 30150000
1246 446 30150000
1433 18 30236400
1321 1357 30236400
1357 1321 30236400
1438 1228 30236400
1228 1438 30236400
219 1100 30236400
1439 1304 30236400
1304 1439 30236400
1323 490 30236400
490 1323 30236400
1321 1438 30236400
1438 1321 30236400
1440 1382 30236400
1432 1382 30236400
1382 1432 30236400
1382 1440 30236400
1441 18 30322800
18 1441 30322800
1441 2 30322800
2 1441 30322800
162 1118 30322800
1118 162 30322800
1304 451 30322800
162 683 30322800
1438 1442 30322800
219 1276 30322800
18 1443 30409200
1357 1323 30409200
1264 1263 30409200
1263 1264 30409200
1323 1228 30409200
1228 1323 30409200
1264 1304 30409200
771 1304 30409200
1440 195 30409200
1228 1357 30495600
1323 1357 30495600
1433 1357 30495600
1357 87 30495600
1427 874 30495600
1444 874 30495600
874 1444 30495600
1444 1304 30495600
1304 1433 30495600
18 1433 30582000
17 1357 30582000
1357 1445 30582000
1446 2 30582000
2 1446 30582000
1408 1263 30582000
1263 1408 30582000
1447 1264 30582000
1264 1447 30582000
1263 18 30668400
18 1263 30668400
18 1448 30668400
18 1449 30668400
1154 1304 30668400
1304 1264 30668400
1304 1154 30668400
1264 1291 30668400
1450 1228 30754800
1228 1450 30754800
539 1304 30754800
1304 539 30754800
1291 1153 30754800
1153 1291 30754800
1387 1259 30754800
1259 1387 30754800
1451 1357 30841200
1357 1451 30841200
350 1263 30841200
1263 350 30841200
1452 1118 30841200
1452 1304 30841200
1452 1423 30841200
1453 1259 30841200
1259 1453 30841200
1452 1433 30841200
570 1454 30841200
1452 1455 30841200
1455 1452 30841200
1456 18 30927600
1457 18 30927600
1455 18 30927600
18 1455 30927600
18 1457 30927600
18 1456 30927600
1118 1458 31014000
1397 43 31014000
43 1459 31014000
43 1397 31014000
1449 683 31014000
1460 683 31014000
683 1386 31014000
683 1449 31014000
683 1460 31014000
1449 1427 31014000
1461 18 31100400
18 1461 31100400
1118 1452 31100400
1459 43 31100400
1449 1386 31100400
1386 1449 31100400
1455 1457 31100400
1457 1455 31100400
1462 1357 31186800
1357 1462 31186800
20 1118 31186800
1118 1460 31186800
1118 20 31186800
1277 446 31186800
1386 683 31186800
1452 1449 31186800
1450 0 31273200
0 1450 31273200
1357 1264 31273200
1246 1304 31273200
1304 1463 31273200
1433 1246 31273200
1323 1246 31273200
1427 1246 31273200
1436 1246 31273200
1246 1433 31273200
1246 1436 31273200
1433 1452 31273200
1228 1263 31359600
1457 1246 31359600
1246 1457 31359600
716 1464 31359600
1464 716 31359600
490 18 31449600
18 1465 31449600
18 1466 31449600
1465 0 31449600
0 1465 31449600
1311 1357 31449600
1264 1357 31449600
99 1246 31449600
1246 99 31449600
1427 1467 31449600
1467 350 31449600
1465 1457 31449600
1304 18 31536000
1465 18 31536000
18 1304 31536000
1449 1357 31536000
1357 1263 31536000
1357 1449 31536000
1228 1408 31536000
1458 1118 31536000
19 1246 31536000
1246 19 31536000
1449 1457 31536000
1457 1449 31536000
1427 1449 31536000
1449 1452 31536000
1291 19 31536000
19 1291 31536000
1291 1465 31536000
18 1468 31622400
18 1469 31622400
0 1357 31622400
27 1423 31622400
94 1373 31622400
1291 1259 31622400
1259 1291 31622400
1291 1470 31622400
1291 1457 31622400
1430 1457 31622400
1457 1291 31622400
1471 479 31622400
479 1471 31622400
1427 1450 31622400
1450 1427 31622400
1291 18 31708800
18 1291 31708800
1118 1291 31708800
1449 1304 31708800
1304 1449 31708800
1423 27 31708800
1449 1470 31708800
1470 1449 31708800
1457 1472 31708800
1457 1465 31708800
1428 1313 31708800
1313 1428 31708800
1291 1430 31708800
1430 1291 31708800
1291 1280 31708800
1280 1291 31708800
1469 18 31795200
1423 1357 31795200
1473 1357 31795200
1412 1304 31795200
37 1246 31795200
1246 37 31795200
1457 445 31795200
445 1457 31795200
1259 450 31795200
450 1259 31795200
1473 1259 31795200
1259 1473 31795200
1474 1473 31795200
1473 1474 31795200
1433 17 31881600
17 1433 31881600
1464 1304 31881600
1304 1464 31881600
1475 1470 31881600
1470 1475 31881600
1291 1476 31881600
250 0 31968000
65 0 31968000
0 65 31968000
0 250 31968000
1477 446 31968000
683 1478 31968000
698 450 31968000
450 698 31968000
362 1438 31968000
1438 362 31968000
65 1479 31968000
1386 1291 31968000
1438 1480 32054400
1480 1455 32054400
1480 1438 32054400
1478 683 32054400
1481 1464 32054400
1464 1481 32054400
1475 1482 32054400
874 1483 32140800
1455 1480 32140800
1452 1480 32140800
1480 1452 32140800
1386 1263 32140800
27 1304 32140800
1304 27 32140800
1453 1467 32140800
1467 1453 32140800
1484 1470 32140800
1470 1484 32140800
1457 1430 32140800
1452 1485 32140800
1485 1452 32140800
1291 1486 32140800
1486 1291 32140800
1487 18 32227200
18 1487 32227200
1264 0 32227200
0 1264 32227200
1488 1480 32227200
1480 1488 32227200
1427 1228 32227200
1489 1228 32227200
1228 1427 32227200
1228 1489 32227200
1304 771 32227200
1452 1490 32227200
1490 1452 32227200
1436 1357 32313600
1357 1436 32313600
1491 1480 32313600
1480 1491 32313600
683 1118 32313600
1452 1492 32313600
1493 1492 32313600
1492 1493 32313600
683 1265 32313600
683 57 32313600
793 18 32400000
18 793 32400000
1494 1480 32400000
1480 1494 32400000
1480 1495 32400000
1492 1496 32400000
1497 1486 32400000
1486 1497 32400000
1304 1485 32486400
1210 1246 32486400
18 1498 32572800
18 1499 32572800
1445 1357 32572800
683 1470 32572800
460 1357 32659200
1357 460 32659200
1470 683 32659200
1499 18 32745600
1500 1357 32745600
1357 1485 32745600
1357 1500 32745600
1412 874 32745600
1501 1480 32745600
1502 1480 32745600
1500 1480 32745600
1236 1480 32745600
1480 1501 32745600
1480 1502 32745600
1480 1500 32745600
1480 1236 32745600
831 1228 32745600
1228 1503 32745600
1228 831 32745600
1485 1304 32745600
1500 445 32745600
445 1500 32745600
1473 1501 32745600
18 1504 32832000
5 1357 32832000
1357 698 32832000
1480 1505 32832000
1506 1492 32832000
1492 1506 32832000
1507 683 32832000
683 1507 32832000
1499 1464 32832000
1464 1499 32832000
1386 1508 32832000
1479 1509 32832000
1504 18 32918400
1510 18 32918400
1357 1464 32918400
1499 1480 32918400
1480 1499 32918400
1510 256 32918400
256 1510 32918400
1511 1464 32918400
1464 1511 32918400
1508 1386 32918400
1485 1357 33004800
1228 874 33004800
874 1509 33004800
1265 683 33004800
1510 1464 33004800
1464 1510 33004800
1510 831 33004800
831 1510 33004800
1510 1480 33091200
1480 1510 33091200
134 1464 33091200
1464 134 33091200
1452 1438 33091200
1512 1473 33091200
1291 1473 33091200
1473 1512 33091200
1473 1291 33091200
1492 446 33177600
1259 27 33177600
1492 27 33177600
27 1259 33177600
27 1492 33177600
18 1402 33264000
17 41 33264000
1357 27 33264000
1513 874 33264000
1514 1480 33264000
1480 1514 33264000
1449 446 33264000
1515 256 33264000
256 1515 33264000
1513 1492 33264000
1492 1513 33264000
1470 175 33264000
175 1470 33264000
1382 485 33264000
1386 1514 33264000
1514 1486 33264000
18 1516 33350400
18 1502 33350400
12 1357 33350400
1357 12 33350400
1515 831 33350400
1514 1386 33350400
1516 18 33436800
1480 1517 33436800
1480 1493 33436800
1153 445 33436800
445 1153 33436800
18 1518 33523200
1357 1227 33523200
1519 1480 33523200
1480 1519 33523200
1520 1228 33523200
1228 1520 33523200
219 1227 33523200
1492 1227 33523200
1227 1492 33523200
683 1087 33523200
1521 1188 33523200
1188 1521 33523200
1520 1414 33523200
1512 1470 33523200
1436 1470 33523200
1470 1512 33523200
1470 1436 33523200
1291 1493 33523200
1522 18 33609600
18 1522 33609600
27 1357 33609600
1523 1480 33609600
1480 1523 33609600
1480 256 33609600
1087 446 33609600
1087 683 33609600
1524 18 33696000
18 1524 33696000
445 1357 33696000
1429 1357 33696000
12 1480 33696000
1429 1480 33696000
1525 1480 33696000
1480 1429 33696000
1480 12 33696000
1480 1525 33696000
442 1228 33696000
1526 1228 33696000
1228 442 33696000
1228 1527 33696000
1228 1526 33696000
1524 1246 33696000
1473 1246 33696000
445 1246 33696000
1246 1524 33696000
442 1492 33696000
1526 1492 33696000
1473 1492 33696000
1492 1526 33696000
1492 1473 33696000
1524 1473 33696000
1473 1517 33696000
1473 1524 33696000
1228 0 33782400
1480 1524 33782400
1492 777 33782400
1527 337 33782400
1524 1291 33782400
442 17 33868800
17 442 33868800
1425 1357 33868800
1357 1528 33868800
1357 1425 33868800
1118 1529 33868800
1517 1473 33868800
1425 1201 33868800
1259 18 33955200
18 1259 33955200
1527 1228 33955200
1118 1518 33955200
1201 442 33955200
442 1201 33955200
1291 1528 33955200
1528 1291 33955200
1528 1357 34041600
1505 1480 34041600
256 1480 34041600
1530 1480 34041600
1480 1530 34041600
1470 1118 34041600
1118 1402 34041600
62 1492 34041600
1531 683 34041600
62 442 34041600
442 62 34041600
1066 1464 34041600
1464 1066 34041600
1464 1523 34041600
1527 1532 34041600
1533 18 34128000
18 1533 34128000
1357 1426 34128000
1534 1480 34128000
1480 1534 34128000
1529 1118 34128000
4 27 34128000
27 4 34128000
1470 256 34128000
256 1470 34128000
1259 1464 34128000
1408 1464 34128000
1464 1259 34128000
1464 1408 34128000
1535 1536 34128000
1535 1408 34128000
1408 1426 34128000
1408 1535 34128000
490 1480 34214400
1480 490 34214400
1537 445 34214400
445 1537 34214400
1538 27 34214400
27 1538 34214400
1492 442 34214400
1532 1527 34214400
1539 1201 34214400
1201 1539 34214400
94 0 34300800
0 94 34300800
94 1357 34300800
1540 1357 34300800
1357 94 34300800
1357 1540 34300800
1524 1480 34300800
94 1100 34300800
1304 1382 34300800
1246 1541 34300800
683 1531 34300800
683 1542 34300800
1414 1541 34300800
46 99 34300800
99 46 34300800
1201 1541 34300800
1534 1541 34300800
18 1530 34387200
17 446 34387200
1357 99 34387200
1357 1492 34387200
1492 1228 34387200
1228 1492 34387200
1542 683 34387200
18 1543 34473600
27 0 34473600
1535 1357 34473600
1357 1535 34473600
536 1480 34473600
442 1480 34473600
1480 536 34473600
1480 802 34473600
1544 445 34473600
445 1544 34473600
1545 1276 34473600
1276 1545 34473600
1535 1470 34473600
1470 1535 34473600
1535 1546 34473600
1522 1480 34560000
807 1480 34560000
1360 1480 34560000
1480 442 34560000
1480 1522 34560000
1480 807 34560000
1480 1360 34560000
932 1547 34560000
1547 932 34560000
1544 1492 34560000
1548 1492 34560000
1492 1312 34560000
1492 1544 34560000
1492 1548 34560000
932 1535 34560000
807 1549 34560000
1436 1550 34560000
1546 1535 34560000
18 1550 34646400
1457 1357 34646400
1280 1357 34646400
1357 1280 34646400
1357 1457 34646400
1118 1470 34646400
37 210 34646400
1551 1547 34646400
1547 1551 34646400
1550 446 34646400
5 442 34646400
1259 442 34646400
442 5 34646400
442 1259 34646400
1535 932 34646400
1550 1436 34646400
1543 18 34732800
1100 874 34732800
874 1100 34732800
1552 1480 34732800
1493 1480 34732800
1435 1480 34732800
1540 1480 34732800
1480 1552 34732800
1480 1435 34732800
1480 1540 34732800
1480 1553 34732800
1304 1412 34732800
94 1554 34732800
490 0 34819200
0 490 34819200
63 17 34819200
17 63 34819200
1357 1536 34819200
1357 1554 34819200
1464 1480 34819200
1480 1464 34819200
1408 210 34819200
932 442 34819200
442 932 34819200
1523 1464 34819200
1264 1386 34819200
1386 1264 34819200
18 1555 34905600
1408 1554 34905600
1117 1480 34992000
1480 1117 34992000
1480 1301 34992000
5 1228 34992000
1228 5 34992000
1536 1492 34992000
1492 1536 34992000
683 1556 34992000
1557 18 35078400
18 1558 35078400
18 1557 35078400
1536 17 35078400
17 1536 35078400
1492 1480 35078400
445 1480 35078400
5 1480 35078400
1557 1480 35078400
1480 1492 35078400
1480 445 35078400
1480 5 35078400
1480 1557 35078400
1259 446 35078400
1470 442 35078400
442 1470 35078400
99 1527 35078400
1402 18 35164800
1558 18 35164800
1559 1357 35164800
1330 1357 35164800
1492 1357 35164800
1357 1559 35164800
1357 1560 35164800
1357 1330 35164800
874 1480 35164800
27 1480 35164800
1153 1480 35164800
1558 1480 35164800
1480 1227 35164800
1480 27 35164800
1480 1153 35164800
1480 1561 35164800
1480 1562 35164800
1480 1558 35164800
1452 425 35164800
425 1452 35164800
1563 1536 35164800
1536 1563 35164800
259 1418 35164800
1564 18 35251200
18 1564 35251200
771 1357 35251200
1406 1357 35251200
1357 1406 35251200
1481 1480 35251200
1565 1480 35251200
1566 1480 35251200
1480 1481 35251200
1480 1565 35251200
1480 1566 35251200
1493 1547 35251200
1547 1493 35251200
1567 446 35251200
265 1541 35251200
553 219 35251200
1473 1568 35251200
1566 1541 35251200
1541 1566 35251200
1569 1480 35337600
1159 1480 35337600
1564 1480 35337600
1480 1569 35337600
1480 1159 35337600
1480 1564 35337600
1559 1228 35337600
1228 1559 35337600
1188 1118 35337600
1118 1570 35337600
1118 1401 35337600
1564 12 35337600
12 1564 35337600
1518 1557 35337600
1492 1571 35337600
683 1570 35337600
1569 1188 35337600
1188 1569 35337600
1572 18 35424000
18 1573 35424000
18 1572 35424000
18 1574 35424000
1480 874 35424000
1450 874 35424000
1575 1480 35424000
1480 1575 35424000
1480 1518 35424000
1557 1518 35424000
1576 1518 35424000
1518 1558 35424000
1492 37 35424000
37 1492 35424000
1571 1492 35424000
1571 1291 35424000
861 1470 35424000
1470 861 35424000
1573 1541 35424000
1541 1577 35424000
1541 1573 35424000
1560 1450 35424000
1450 1560 35424000
1557 1558 35424000
1558 1557 35424000
99 874 35510400
874 99 35510400
1480 1304 35510400
450 1228 35510400
1228 450 35510400
1578 1571 35510400
1571 1578 35510400
1541 99 35510400
1577 1541 35510400
1579 1357 35596800
1580 1357 35596800
1357 1579 35596800
1357 1580 35596800
1580 1246 35596800
1246 1580 35596800
488 256 35596800
1323 256 35596800
256 488 35596800
256 1323 35596800
1312 1492 35596800
1571 1580 35596800
488 1259 35596800
1259 488 35596800
488 1541 35596800
1541 488 35596800
1572 1578 35596800
1578 1572 35596800
1573 1480 35683200
1480 1581 35683200
1554 94 35683200
1571 1536 35683200
1536 1571 35683200
1536 1564 35683200
1579 1541 35683200
1541 1579 35683200
1582 18 35769600
18 1582 35769600
1559 1480 35769600
1517 1480 35769600
1480 1559 35769600
1480 1450 35769600
1228 1583 35769600
1577 1246 35769600
771 1246 35769600
1246 1577 35769600
1584 1571 35769600
1571 1584 35769600
932 17 35856000
874 1536 35856000
450 1480 35856000
932 1480 35856000
1580 1480 35856000
1480 450 35856000
1480 932 35856000
1480 1580 35856000
99 1228 35856000
1580 1228 35856000
1228 99 35856000
1228 1580 35856000
490 12 35856000
12 490 35856000
1408 1492 35856000
1492 1408 35856000
1464 1505 35856000
1401 1570 35856000
1500 17 35942400
17 1500 35942400
1585 1357 35942400
1357 1585 35942400
488 2 35942400
2 488 35942400
1586 1480 35942400
1480 1586 35942400
1587 1304 35942400
1304 1587 35942400
488 1246 35942400
1246 488 35942400
683 1518 35942400
1518 683 35942400
1500 1408 35942400
1408 1500 35942400
1467 1452 35942400
1480 1527 36028800
1581 1228 36028800
1228 1581 36028800
1572 1304 36028800
1304 1572 36028800
1523 1547 36028800
1547 1523 36028800
1579 1492 36028800
1492 1579 36028800
683 1588 36028800
442 1589 36028800
488 932 36028800
932 488 36028800
1590 1591 36028800
1536 1304 36115200
1572 28 36115200
1229 753 36115200
1566 17 36201600
17 1566 36201600
1589 1304 36201600
1304 1589 36201600
1304 1536 36201600
1505 1464 36201600
1472 1457 36201600
1500 1489 36201600
1489 1500 36201600
1592 1579 36201600
1579 1592 36201600
1593 18 36288000
18 1593 36288000
1594 0 36288000
1595 0 36288000
1541 1357 36288000
1357 1541 36288000
1594 1480 36288000
1480 1594 36288000
1033 1228 36288000
1592 1228 36288000
1228 1033 36288000
1228 1592 36288000
1414 1464 36288000
1464 1414 36288000
1536 1535 36288000
1554 1412 36288000
1412 1554 36288000
1467 198 36288000
198 1467 36288000
1595 1541 36288000
1541 1595 36288000
1357 1596 36374400
874 1554 36374400
1596 1118 36374400
1492 1304 36374400
553 1554 36374400
1596 1554 36374400
0 28 36460800
1597 445 36460800
445 1597 36460800
1598 1518 36460800
1188 1518 36460800
1518 1598 36460800
1518 1188 36460800
1518 1596 36460800
1536 43 36460800
43 1536 36460800
1554 219 36460800
1514 632 36460800
1536 18 36547200
18 1536 36547200
18 1599 36547200
874 1408 36547200
874 1523 36547200
1527 1480 36547200
418 1480 36547200
1480 418 36547200
1596 1518 36547200
1558 1518 36547200
37 103 36547200
1349 683 36547200
1558 1594 36547200
1397 831 36547200
831 1397 36547200
1408 1536 36547200
1600 1536 36547200
1536 1408 36547200
1536 1600 36547200
46 224 36547200
1 224 36547200
224 46 36547200
1 1365 36547200
1523 1357 36633600
1357 1523 36633600
1545 1480 36633600
265 1480 36633600
1601 1480 36633600
1480 265 36633600
1480 1601 36633600
831 1515 36633600
1602 1438 36633600
1438 1602 36633600
1452 1467 36633600
18 1603 36720000
1227 17 36720000
17 1227 36720000
1583 1228 36720000
1604 1304 36720000
1452 1597 36720000
450 17 36806400
99 1492 36806400
1527 99 36806400
1604 425 36806400
425 1604 36806400
1560 1605 36806400
1606 1605 36806400
89 1605 36806400
1605 1606 36806400
1605 89 36806400
1607 1570 36806400
1570 1607 36806400
1608 818 36806400
818 1608 36806400
18 1606 36892800
17 450 36892800
1606 1304 36892800
1304 1606 36892800
1492 256 36892800
256 1492 36892800
1523 1291 36892800
1291 1604 36892800
1604 1291 36892800
256 1357 36979200
1357 256 36979200
874 442 36979200
1480 1545 36979200
1259 1304 36979200
804 1304 36979200
1304 1259 36979200
1304 1609 36979200
1304 804 36979200
804 442 36979200
442 804 36979200
1610 1473 36979200
1473 1610 36979200
1611 1604 36979200
1604 1611 36979200
1603 18 37065600
18 1612 37065600
1588 1480 37065600
1480 1588 37065600
1588 1518 37065600
1518 1588 37065600
43 771 37065600
1598 1470 37065600
1470 1598 37065600
1613 1523 37065600
1523 1613 37065600
1451 1473 37065600
1473 1451 37065600
1464 0 37152000
0 1464 37152000
1450 1357 37152000
1357 1304 37152000
1357 442 37152000
1357 1438 37152000
1450 1480 37152000
1518 1614 37152000
1492 1515 37152000
1573 1188 37152000
219 1580 37152000
1450 1291 37152000
17 1606 37238400
259 1480 37238400
1480 1615 37238400
1605 1304 37238400
1304 1616 37238400
1518 1505 37238400
1518 1567 37238400
1291 1573 37238400
1573 1291 37238400
1617 922 37324800
922 1617 37324800
37 1357 37324800
1470 1518 37324800
37 1264 37324800
1414 1617 37324800
1617 1414 37324800
1470 1536 37324800
1536 1470 37324800
1473 1618 37324800
1619 1493 37324800
1493 1619 37324800
1473 874 37411200
28 1480 37411200
1480 28 37411200
1480 259 37411200
683 1376 37411200
1620 1473 37411200
1473 1620 37411200
18 1621 37497600
1615 1480 37497600
1622 18 37584000
18 1622 37584000
20 0 37584000
0 20 37584000
1623 1480 37584000
1480 1623 37584000
1578 1304 37584000
1304 1578 37584000
1304 1604 37584000
1578 1246 37584000
1505 1518 37584000
1518 1470 37584000
1624 683 37584000
22 311 37584000
1397 1470 37584000
1470 1397 37584000
1625 1376 37584000
1376 1625 37584000
1291 1626 37584000
1626 1291 37584000
1627 0 37670400
0 1627 37670400
1412 1228 37670400
1228 1412 37670400
1291 210 37670400
210 1291 37670400
683 418 37670400
1376 683 37670400
683 1624 37670400
683 1188 37670400
1412 1597 37670400
1597 1412 37670400
1449 1188 37670400
1523 1622 37670400
1449 1628 37670400
1629 1598 37670400
1598 1629 37670400
1550 18 37756800
1480 1573 37756800
1480 1547 37756800
1518 1100 37756800
1100 1518 37756800
219 771 37756800
1470 1464 37756800
1464 1470 37756800
1412 1617 37756800
1617 1412 37756800
219 1291 37756800
1630 18 37843200
18 1631 37843200
18 1632 37843200
18 1630 37843200
1597 1228 37843200
1228 1365 37843200
1228 1597 37843200
1100 37 37843200
1100 1594 37843200
1246 1578 37843200
490 1492 37843200
1492 1464 37843200
1492 490 37843200
1628 1633 37843200
1489 1464 37843200
1464 1489 37843200
1617 1063 37843200
1634 1470 37843200
1470 1634 37843200
259 1632 37843200
17 210 37929600
1470 1357 37929600
1153 1357 37929600
1357 1470 37929600
1357 1153 37929600
1304 874 37929600
1635 874 37929600
874 1635 37929600
1408 1597 37929600
1634 167 37929600
167 1634 37929600
1634 390 37929600
390 1634 37929600
99 1632 37929600
1570 1636 37929600
17 1564 38016000
1627 1357 38016000
1357 1627 38016000
1414 1228 38016000
1228 1414 38016000
442 1100 38016000
1634 1246 38016000
1246 1634 38016000
418 683 38016000
1564 1188 38016000
1188 1564 38016000
1536 1634 38016000
1637 1473 38016000
1473 1637 38016000
1634 1638 38016000
1476 1291 38016000
18 1639 38102400
1304 1188 38102400
1634 1640 38102400
1640 1490 38102400
1640 1634 38102400
1536 1597 38102400
1597 1536 38102400
1259 1580 38102400
1580 1259 38102400
1635 1153 38102400
1153 1635 38102400
1470 777 38102400
1641 756 38102400
1639 18 38188800
0 1263 38188800
450 1357 38188800
490 1263 38188800
1263 490 38188800
442 445 38188800
445 442 38188800
1273 256 38188800
1188 683 38188800
1642 683 38188800
311 22 38188800
311 1188 38188800
1188 311 38188800
311 166 38188800
390 1643 38188800
1326 311 38188800
311 45 38188800
311 1326 38188800
490 1357 38275200
1536 1357 38275200
1357 490 38275200
1627 874 38275200
1634 1547 38275200
1547 1634 38275200
1634 798 38275200
798 1634 38275200
1518 1644 38275200
1408 0 38361600
0 1408 38361600
1100 1645 38361600
1645 1304 38361600
1304 1645 38361600
1644 1518 38361600
1467 1597 38361600
1597 1467 38361600
1646 20 38361600
20 1646 38361600
1647 1588 38361600
1647 777 38361600
0 122 38448000
0 1648 38448000
1493 1291 38448000
1273 1100 38534400
1649 1246 38534400
1397 1246 38534400
1246 1397 38534400
1573 1640 38534400
1467 446 38534400
1470 1594 38534400
442 1273 38534400
1647 1492 38620800
1492 1647 38620800
1493 442 38620800
442 1493 38620800
1650 1273 38620800
1273 1650 38620800
1621 1651 38620800
1536 1651 38620800
1650 1651 38620800
1651 1621 38620800
1651 1536 38620800
1651 1650 38620800
1536 1383 38620800
1493 1652 38620800
1652 1493 38620800
1650 613 38620800
613 1650 38620800
1653 1650 38620800
1650 1653 38620800
442 1357 38707200
27 210 38707200
1623 446 38707200
1273 265 38707200
1654 1651 38707200
1655 1651 38707200
1236 1651 38707200
1435 1652 38707200
1652 1435 38707200
874 1655 38793600
1414 1304 38793600
1518 1633 38793600
27 1523 38793600
1655 1492 38793600
1492 1655 38793600
1273 808 38793600
1651 1654 38793600
1651 1655 38793600
1656 94 38793600
94 1656 38793600
1408 1655 38793600
1470 1655 38793600
1657 1523 38793600
1655 808 38793600
210 1357 38880000
1523 874 38880000
1651 445 38880000
445 1651 38880000
1658 1518 38880000
1518 1658 38880000
1523 27 38880000
1523 450 38880000
450 1523 38880000
1188 1449 38880000
1659 20 38880000
20 1659 38880000
1578 1617 38880000
1653 1580 38880000
1580 1653 38880000
1523 1657 38880000
1523 1660 38880000
1523 145 38880000
1523 1655 38880000
1591 1560 38880000
1591 1590 38880000
1228 1518 38966400
1488 1547 38966400
1547 1488 38966400
20 1518 38966400
1518 20 38966400
1661 20 38966400
1662 1228 39052800
1228 451 39052800
1228 1662 39052800
1492 1573 39052800
364 1464 39052800
1464 364 39052800
1663 1651 39052800
1651 1664 39052800
1651 1385 39052800
1617 451 39052800
20 1661 39052800
1653 1153 39052800
1153 1653 39052800
1665 1652 39052800
1666 1578 39052800
1578 1666 39052800
1662 1436 39052800
1436 1662 39052800
1656 1357 39139200
874 1228 39139200
1664 1304 39139200
1304 1664 39139200
1667 1518 39139200
1518 1667 39139200
1664 1651 39139200
1668 94 39139200
94 1668 39139200
1117 1652 39139200
1652 1117 39139200
1595 1669 39139200
1291 1670 39139200
1670 1291 39139200
18 1663 39225600
1578 1357 39225600
1357 1578 39225600
1100 364 39225600
364 1304 39225600
1304 364 39225600
1518 1376 39225600
1518 1576 39225600
27 1470 39225600
1492 1617 39225600
1594 1671 39225600
1617 1633 39225600
1633 1617 39225600
1493 1464 39225600
1464 1493 39225600
1467 1651 39225600
1651 1467 39225600
1651 1449 39225600
1449 1597 39225600
1597 1423 39225600
1617 1578 39225600
1573 1493 39225600
1493 1573 39225600
1662 1669 39225600
1653 1669 39225600
265 874 39312000
874 265 39312000
1672 1651 39312000
1651 1672 39312000
1673 1597 39312000
1470 490 39312000
490 1470 39312000
1669 94 39312000
94 1669 39312000
94 1674 39312000
1470 20 39312000
1470 250 39312000
250 1470 39312000
1397 1672 39312000
1291 1673 39312000
1673 1291 39312000
1304 1674 39398400
364 12 39398400
1376 1518 39398400
1617 1492 39398400
1597 442 39398400
364 1273 39398400
1273 364 39398400
1559 1291 39398400
1669 1467 39398400
1467 1669 39398400
1669 113 39398400
1653 1675 39398400
1565 1676 39398400
1357 1228 39484800
1651 874 39484800
1677 1228 39484800
1228 1677 39484800
1594 1470 39484800
853 1273 39484800
1677 1273 39484800
1423 1273 39484800
1273 1423 39484800
1273 853 39484800
1273 1677 39484800
1651 1464 39484800
1678 1464 39484800
1464 1597 39484800
1464 1651 39484800
1464 1678 39484800
1637 1651 39484800
1679 1651 39484800
1470 1651 39484800
1651 1637 39484800
1651 1679 39484800
1651 1470 39484800
20 1470 39484800
1470 1680 39484800
12 364 39571200
1681 1651 39571200
490 1597 39571200
1597 490 39571200
248 1682 39571200
248 826 39571200
1669 1654 39571200
1683 1669 39571200
1669 1683 39571200
1684 18 39657600
18 1684 39657600
18 1685 39657600
1678 874 39657600
1686 1118 39657600
1118 1686 39657600
43 1304 39657600
1651 1681 39657600
1687 1681 39657600
1681 1687 39657600
1685 18 39744000
210 1653 39744000
1304 446 39744000
1685 636 39744000
1680 1470 39744000
1685 1669 39744000
1688 18 39830400
1669 0 39830400
1669 1228 39830400
1595 210 39830400
210 1689 39830400
210 1595 39830400
364 1651 39830400
94 1597 39830400
1690 1597 39830400
1597 1690 39830400
1690 94 39830400
94 1690 39830400
1691 1401 39830400
1401 1691 39830400
1634 1467 39830400
1467 1634 39830400
1634 1688 39830400
1669 1688 39830400
1688 1634 39830400
1688 1669 39830400
1678 1692 39830400
1669 1653 39830400
1693 1653 39830400
1653 1693 39830400
1676 1565 39830400
1665 18 39916800
1694 18 39916800
18 1694 39916800
0 1597 39916800
1228 1617 39916800
256 1273 39916800
1153 1651 39916800
1597 1651 39916800
1651 1236 39916800
1651 1153 39916800
1651 1597 39916800
1665 636 39916800
636 1665 39916800
1695 94 39916800
94 1695 39916800
1695 18 40003200
18 1688 40003200
1357 1623 40003200
1669 210 40003200
210 1669 40003200
1696 1518 40003200
1518 1696 40003200
1695 1651 40003200
1291 265 40003200
1697 1688 40003200
1688 1697 40003200
632 1514 40003200
1291 1623 40003200
1669 1493 40003200
1493 1669 40003200
1693 1669 40003200
1669 1693 40003200
1606 17 40089600
632 1357 40089600
1408 1547 40089600
1547 1408 40089600
1597 1492 40089600
1492 1597 40089600
1691 683 40089600
632 1273 40089600
224 1651 40089600
1698 1651 40089600
1651 224 40089600
1651 1698 40089600
1647 1597 40089600
1597 1647 40089600
1617 1699 40089600
450 1697 40089600
1700 1669 40089600
1669 1700 40089600
1701 18 40176000
18 1701 40176000
874 1702 40176000
1651 1188 40176000
1188 1597 40176000
1597 1188 40176000
1581 831 40176000
831 1581 40176000
1357 18 40262400
18 1357 40262400
18 1700 40262400
18 1695 40262400
1153 0 40262400
1581 0 40262400
0 1153 40262400
993 1357 40262400
1357 993 40262400
490 1246 40262400
1246 490 40262400
1665 1492 40262400
1492 1665 40262400
1092 31 40262400
1651 1580 40262400
1580 1597 40262400
993 1699 40262400
1697 450 40262400
1703 1617 40262400
1647 1617 40262400
1617 1647 40262400
1617 1703 40262400
1580 219 40262400
1697 1665 40262400
1665 1697 40262400
1703 1647 40262400
1647 1703 40262400
993 1704 40262400
1606 18 40348800
1675 1228 40348800
1228 1675 40348800
613 1246 40348800
62 1246 40348800
1699 1492 40348800
1492 1673 40348800
1326 932 40348800
1669 831 40348800
831 1669 40348800
613 1617 40348800
1617 613 40348800
99 1561 40348800
99 1560 40348800
1581 219 40348800
993 1688 40348800
1688 993 40348800
1705 1669 40348800
1669 1705 40348800
1675 1653 40348800
1706 18 40435200
1700 18 40435200
18 1706 40435200
1188 0 40435200
0 1188 40435200
1707 1651 40435200
1708 1651 40435200
113 1651 40435200
1651 1707 40435200
1651 1708 40435200
1651 113 40435200
1581 1597 40435200
1709 1581 40435200
1581 1709 40435200
1532 1706 40435200
993 18 40521600
18 1710 40521600
18 993 40521600
1702 874 40521600
1408 1100 40521600
1100 62 40521600
1100 1408 40521600
210 1608 40521600
1581 1246 40521600
1246 1581 40521600
683 1642 40521600
683 1691 40521600
1617 1273 40521600
450 1273 40521600
1273 1617 40521600
1273 450 40521600
1581 1651 40521600
1651 1581 40521600
1697 1188 40521600
1188 1697 40521600
1188 1669 40521600
1702 1617 40521600
1617 1702 40521600
1711 99 40521600
99 1711 40521600
311 1669 40521600
1709 1259 40521600
1259 1709 40521600
1669 745 40521600
1709 47 40521600
286 1709 40521600
1709 1373 40521600
1711 1712 40521600
1712 1711 40521600
1669 1608 40521600
1669 874 40608000
1100 94 40608000
1713 1518 40608000
1518 1713 40608000
256 1291 40608000
89 1492 40608000
1492 89 40608000
1699 1273 40608000
1273 1699 40608000
1709 692 40608000
1669 632 40608000
632 1669 40608000
1709 1714 40608000
1714 1709 40608000
18 1707 40694400
1228 1273 40694400
944 1246 40694400
1246 944 40694400
1715 1273 40694400
1273 1715 40694400
1580 1414 40694400
1581 1414 40694400
1414 1580 40694400
1710 18 40780800
1640 1357 40780800
1357 1640 40780800
1492 771 40780800
1473 1273 40780800
1716 1273 40780800
1273 1473 40780800
1273 1716 40780800
1682 1464 40780800
1464 1682 40780800
1717 1597 40780800
1597 1717 40780800
1617 490 40780800
490 1617 40780800
1682 248 40780800
1617 1718 40780800
1473 1688 40780800
1688 1473 40780800
1273 1357 40867200
1357 1273 40867200
1357 219 40867200
1357 105 40867200
1357 1704 40867200
1263 12 40867200
1100 1228 40867200
1702 1228 40867200
1228 219 40867200
1228 1702 40867200
210 265 40867200
1669 1246 40867200
1246 1154 40867200
1246 1617 40867200
1246 1669 40867200
1669 1640 40867200
1719 1273 40867200
1273 1719 40867200
1699 1617 40867200
1665 1188 40867200
1669 1188 40867200
1467 20 40867200
20 1720 40867200
20 1467 40867200
1718 1617 40867200
1571 1154 40867200
364 0 40953600
1357 0 40953600
12 1263 40953600
1571 1246 40953600
993 1246 40953600
1246 1463 40953600
1246 1721 40953600
1464 1492 40953600
1092 219 40953600
350 1467 40953600
1236 1688 40953600
1688 1236 40953600
1706 1669 40953600
1669 1706 40953600
1236 1291 40953600
1722 18 41040000
18 1722 41040000
1492 1712 41040000
1588 1594 41040000
1594 1588 41040000
20 1723 41040000
1605 1617 41040000
99 189 41040000
189 99 41040000
364 1673 41040000
1467 1408 41040000
1588 1647 41040000
1724 1650 41040000
1650 1724 41040000
1721 1669 41040000
1669 1721 41040000
1588 17 41126400
17 1588 41126400
1357 1547 41126400
874 1721 41126400
1100 219 41126400
418 1725 41126400
1726 1651 41126400
1651 1726 41126400
1408 219 41126400
1727 400 41126400
1727 1696 41126400
1696 1727 41126400
1534 1505 41126400
1505 1534 41126400
1689 2 41212800
1273 2 41212800
2 1689 41212800
2 1273 41212800
1721 874 41212800
22 1263 41212800
1617 1263 41212800
1263 22 41212800
1720 20 41212800
1669 1617 41212800
219 1652 41212800
1711 1559 41212800
1559 1711 41212800
1711 1688 41212800
1707 1688 41212800
1688 1711 41212800
1688 1707 41212800
632 1725 41212800
1711 1721 41212800
1721 1711 41212800
0 210 41299200
1100 1357 41299200
1464 1357 41299200
1357 1246 41299200
219 1263 41299200
1304 1652 41299200
1571 1092 41299200
1728 1092 41299200
1092 1571 41299200
1092 1728 41299200
1729 1594 41299200
1594 1729 41299200
1594 756 41299200
1730 1651 41299200
1651 1730 41299200
1729 1291 41299200
446 18 41385600
18 446 41385600
1711 0 41385600
1699 0 41385600
1699 1357 41385600
1731 2 41385600
2 1731 41385600
874 1617 41385600
874 1732 41385600
1733 1263 41385600
1263 1733 41385600
43 10 41385600
1651 1732 41385600
1734 20 41385600
290 20 41385600
20 290 41385600
20 1734 41385600
1654 1652 41385600
1652 1654 41385600
1735 18 41472000
18 1736 41472000
18 1737 41472000
0 1699 41472000
1488 1738 41472000
1738 1488 41472000
1357 1699 41472000
1731 874 41472000
874 1739 41472000
1464 1263 41472000
1263 1464 41472000
1654 1228 41472000
1228 1654 41472000
1735 1246 41472000
1246 1735 41472000
1092 1740 41472000
1741 20 41472000
20 1741 41472000
1711 1414 41472000
1740 1742 41472000
1743 874 41558400
874 350 41558400
874 1743 41558400
1740 1092 41558400
1682 1671 41558400
1740 1617 41558400
1580 1617 41558400
1617 1740 41558400
1617 1580 41558400
364 1742 41558400
1742 1740 41558400
1742 364 41558400
1721 457 41558400
457 1721 41558400
1228 18 41644800
1671 1480 41644800
1744 1228 41644800
1228 1100 41644800
1228 1744 41644800
1744 1518 41644800
1518 1744 41644800
1489 1527 41644800
1527 1489 41644800
1671 1682 41644800
62 1745 41644800
1744 1408 41644800
1408 1744 41644800
1408 1467 41644800
1312 1674 41644800
1615 1746 41644800
1747 1746 41644800
1746 1615 41644800
1357 1712 41731200
1492 1263 41731200
1188 1573 41731200
1711 1683 41731200
1683 1711 41731200
0 745 41817600
0 450 41817600
1669 2 41817600
1100 1748 41817600
43 1547 41817600
1547 43 41817600
1748 1594 41817600
1594 1748 41817600
1748 14 41817600
1749 1408 41817600
1408 1749 41817600
1746 1747 41817600
1750 1749 41817600
1751 1738 41904000
1738 1751 41904000
390 2 41904000
2 390 41904000
62 874 41904000
1263 1492 41904000
1729 1228 41904000
1228 771 41904000
1228 1729 41904000
1228 1752 41904000
1753 1092 41904000
1092 1753 41904000
1729 1527 41904000
1731 1652 41904000
57 1581 41904000
1581 57 41904000
1489 1560 41904000
1263 148 41990400
1754 1228 41990400
1228 1686 41990400
1228 1754 41990400
445 1418 41990400
1518 1686 41990400
1673 418 41990400
1408 1423 41990400
1423 1408 41990400
1745 62 41990400
1652 1731 41990400
1745 1671 41990400
1755 1669 41990400
1669 1755 41990400
1356 0 42076800
1752 1228 42076800
1092 1246 42076800
1246 1092 42076800
1597 1418 42076800
1665 1457 42076800
1457 1665 42076800
1756 1669 42076800
1669 1756 42076800
1688 210 42163200
210 1688 42163200
1597 1408 42163200
1699 1259 42163200
1408 1757 42163200
229 1758 42163200
1673 1669 42163200
1759 1669 42163200
1669 1673 42163200
219 0 42249600
219 874 42249600
874 1581 42249600
874 1759 42249600
1686 1228 42249600
1117 445 42249600
445 1117 42249600
1686 1518 42249600
1759 1492 42249600
1492 1759 42249600
1594 1759 42249600
1259 490 42249600
490 1259 42249600
1669 1259 42249600
1259 1669 42249600
1760 1669 42249600
1669 1760 42249600
1761 18 42332400
18 1761 42332400
0 1617 42332400
17 1762 42332400
1357 1418 42332400
874 1763 42332400
1605 418 42332400
418 1605 42332400
1581 1764 42332400
1764 1581 42332400
1654 1273 42332400
1273 1654 42332400
1605 1651 42332400
1651 1605 42332400
1581 1153 42332400
1153 1581 42332400
1581 1761 42332400
1452 1765 42332400
1765 1452 42332400
771 0 42418800
1408 1357 42418800
1357 1617 42418800
1357 1766 42418800
1651 2 42418800
2 1651 42418800
1763 874 42418800
771 1228 42418800
1492 210 42418800
1270 418 42418800
1764 418 42418800
418 1291 42418800
418 1767 42418800
418 1270 42418800
1451 1492 42418800
1492 1423 42418800
1492 1451 42418800
1768 1092 42418800
1092 1768 42418800
219 1617 42418800
1617 219 42418800
1669 1559 42418800
1559 1669 42418800
219 1581 42418800
219 1766 42418800
1581 1727 42418800
1769 11 42418800
11 1769 42418800
1709 286 42418800
1770 1669 42418800
1669 1770 42418800
1771 18 42505200
18 1771 42505200
18 1735 42505200
1387 1228 42505200
1228 1387 42505200
1764 771 42505200
771 1492 42505200
771 1772 42505200
771 1764 42505200
1773 1092 42505200
1092 1773 42505200
740 1651 42505200
1651 1774 42505200
1651 740 42505200
1588 1527 42505200
1712 1408 42505200
1408 1291 42505200
1408 1712 42505200
1669 1647 42505200
1647 1669 42505200
1775 1669 42505200
1669 1775 42505200
771 874 42591600
1776 874 42591600
874 1776 42591600
1263 1711 42591600
1651 1246 42591600
1246 1651 42591600
1270 445 42591600
1777 445 42591600
1259 445 42591600
445 1259 42591600
445 1777 42591600
1778 1594 42591600
1594 1778 42591600
1669 1651 42591600
1779 1651 42591600
1718 1651 42591600
1651 1779 42591600
1651 1718 42591600
1619 1259 42591600
1259 1619 42591600
1774 1669 42591600
740 1669 42591600
1780 1669 42591600
1779 1669 42591600
1669 1774 42591600
1669 740 42591600
1669 1780 42591600
1669 1779 42591600
18 1781 42678000
0 1227 42678000
874 17 42678000
17 874 42678000
1753 1357 42678000
1357 1527 42678000
1259 1228 42678000
1228 1259 42678000
1435 445 42678000
445 1782 42678000
445 1435 42678000
1449 1518 42678000
1783 1594 42678000
1594 1783 42678000
1545 442 42678000
1712 1423 42678000
1423 1712 42678000
1527 1729 42678000
1527 1588 42678000
1391 1742 42678000
1742 1391 42678000
1712 1753 42678000
1753 1784 42678000
1402 311 42678000
311 1402 42678000
1616 884 42678000
1669 1665 42678000
1665 1669 42678000
1785 1776 42678000
1782 1776 42678000
1776 1785 42678000
1776 1782 42678000
1786 1669 42678000
1782 1669 42678000
1669 1786 42678000
1781 18 42764400
1782 874 42764400
874 1782 42764400
1653 1228 42764400
1228 62 42764400
1228 1653 42764400
1768 418 42764400
1787 1492 42764400
1492 1787 42764400
1776 1764 42764400
1764 1776 42764400
1229 1784 42764400
1788 1669 42764400
1781 1669 42764400
1669 1788 42764400
1669 1781 42764400
28 0 42850800
1789 874 42850800
874 1789 42850800
874 1790 42850800
1464 1228 42850800
1228 1464 42850800
771 1790 42850800
771 1597 42850800
167 418 42850800
1789 418 42850800
1777 418 42850800
418 1789 42850800
418 1768 42850800
418 1764 42850800
1789 1764 42850800
1764 1789 42850800
1791 167 42850800
1017 1792 42850800
1793 1792 42850800
1581 1792 42850800
1792 1017 42850800
1792 1581 42850800
1792 1793 42850800
1581 1467 42850800
1467 1581 42850800
457 1463 42850800
1794 18 42937200
18 1788 42937200
18 1794 42937200
1228 2 42937200
2 1228 42937200
874 771 42937200
1795 445 42937200
1796 445 42937200
1779 445 42937200
1776 445 42937200
1797 445 42937200
445 1795 42937200
445 1796 42937200
445 1776 42937200
445 418 42937200
445 1797 42937200
445 1779 42937200
1518 1449 42937200
1790 771 42937200
1776 418 42937200
1798 418 42937200
418 1798 42937200
1764 1492 42937200
1764 1790 42937200
1779 1742 42937200
1742 1779 42937200
1779 1776 42937200
1776 1779 42937200
1799 18 43023600
1480 1357 43023600
1357 1408 43023600
1408 874 43023600
1536 874 43023600
1790 874 43023600
364 1480 43023600
1100 1480 43023600
1228 1480 43023600
1408 1480 43023600
1480 1100 43023600
1536 1228 43023600
1228 1536 43023600
1597 771 43023600
1795 418 43023600
1764 1678 43023600
1678 1423 43023600
1423 1678 43023600
1800 1376 43023600
1376 1800 43023600
1801 18 43110000
1663 18 43110000
18 1801 43110000
1357 1671 43110000
1802 2 43110000
2 1802 43110000
1616 874 43110000
874 1616 43110000
1801 1803 43110000
1803 1801 43110000
1597 1273 43110000
1273 1597 43110000
1423 1651 43110000
1776 1651 43110000
1804 1651 43110000
1651 1663 43110000
1651 1776 43110000
1651 1804 43110000
1802 457 43110000
457 1802 43110000
0 1764 43196400
1776 1803 43196400
1803 1776 43196400
1723 418 43196400
1651 418 43196400
1588 1764 43196400
1764 1588 43196400
1651 1423 43196400
1723 20 43196400
1797 1776 43196400
1776 1797 43196400
1764 0 43282800
1525 1738 43282800
1738 1525 43282800
1616 1547 43282800
1547 1616 43282800
1580 418 43282800
1665 418 43282800
1805 418 43282800
418 1580 43282800
418 1805 43282800
951 1651 43282800
1651 951 43282800
1616 1795 43282800
1795 1616 43282800
1806 1669 43282800
1669 1806 43282800
2 364 43369200
771 94 43369200
1470 1807 43369200
1777 1747 43369200
1747 1777 43369200
1808 2 43455600
1809 2 43455600
2 1808 43455600
2 1809 43455600
1712 874 43455600
1810 874 43455600
874 1810 43455600
1304 1811 43455600
442 27 43455600
27 442 43455600
1492 1811 43455600
1790 1764 43455600
1259 1699 43455600
1438 1669 43455600
1706 62 43455600
62 1706 43455600
1812 1489 43455600
1489 1812 43455600
1811 457 43455600
457 1811 43455600
1801 1794 43455600
1794 1801 43455600
1813 1812 43455600
1812 1813 43455600
1814 1738 43542000
2 1711 43542000
874 219 43542000
874 1711 43542000
1527 114 43542000
114 1527 43542000
1100 1711 43542000
418 1547 43542000
1547 418 43542000
418 1815 43542000
1467 1092 43542000
1092 1467 43542000
1270 1699 43542000
1699 1270 43542000
1816 1188 43542000
1188 1816 43542000
1536 1678 43542000
1408 57 43542000
1816 1817 43542000
1817 1816 43542000
219 1711 43542000
1818 1671 43542000
1671 1818 43542000
1810 18 43628400
1357 1480 43628400
1819 1803 43628400
1803 1819 43628400
1820 1651 43628400
1821 1651 43628400
1822 1651 43628400
1651 1820 43628400
1651 1821 43628400
1651 1822 43628400
1794 1823 43628400
1188 18 43714800
18 1188 43714800
1669 1438 43714800
93 1821 43714800
1821 93 43714800
1433 1669 43714800
1616 1669 43714800
1669 1616 43714800
1811 1357 43801200
1824 2 43801200
2 1824 43801200
1669 1547 43801200
285 1547 43801200
1547 285 43801200
1823 28 43801200
28 1823 43801200
1825 1492 43801200
1492 1825 43801200
1706 1764 43801200
1826 1764 43801200
1764 1706 43801200
1764 1826 43801200
1188 1651 43801200
1597 1821 43801200
1669 1823 43801200
1823 1794 43801200
1827 18 43887600
1822 18 43887600
18 1827 43887600
18 1822 43887600
18 1817 43887600
18 1828 43887600
1597 0 43887600
874 1597 43887600
874 1270 43887600
1227 28 43887600
445 1270 43887600
1797 1492 43887600
1492 1797 43887600
1671 1594 43887600
1597 1464 43887600
1597 1581 43887600
1597 1449 43887600
1597 94 43887600
1597 1580 43887600
1829 1153 43887600
1153 1829 43887600
1673 1823 43887600
1823 1673 43887600
1777 1821 43887600
745 1821 43887600
1821 1777 43887600
1821 745 43887600
1653 1829 43887600
1829 1653 43887600
1777 1830 43887600
1717 1673 43887600
1673 1717 43887600
1797 1831 43887600
1824 28 43974000
28 1824 43974000
1830 1777 43974000
1831 1797 43974000
0 932 44060400
1832 1738 44060400
1738 1832 44060400
1617 1357 44060400
1357 1414 44060400
1100 1263 44060400
1263 1100 44060400
1833 1651 44060400
1651 1833 44060400
1834 348 44060400
348 1834 44060400
1835 18 44146800
18 1835 44146800
1100 0 44146800
0 1100 44146800
0 1711 44146800
745 1764 44146800
1764 745 44146800
1092 1836 44146800
1837 1651 44146800
635 1651 44146800
1651 1837 44146800
1651 635 44146800
1581 1838 44146800
1829 1681 44146800
1681 1829 44146800
0 1273 44233200
1764 1357 44233200
874 1312 44233200
874 756 44233200
1480 1671 44233200
265 1764 44233200
1839 1764 44233200
1764 265 44233200
1559 1651 44233200
450 1651 44233200
1840 1651 44233200
1823 1651 44233200
1651 1559 44233200
1651 450 44233200
1651 1840 44233200
1651 1823 44233200
1188 1665 44233200
1841 1536 44233200
1536 1841 44233200
1842 745 44233200
745 1842 44233200
1581 756 44233200
1843 18 44319600
1844 1228 44319600
1228 1844 44319600
1118 1188 44319600
1651 1764 44319600
1764 1651 44319600
1792 1651 44319600
1665 1651 44319600
1845 1651 44319600
1846 1651 44319600
1847 1651 44319600
1651 1792 44319600
1651 1665 44319600
1651 1845 44319600
1651 1846 44319600
1651 1847 44319600
1834 1188 44319600
1188 1834 44319600
1847 20 44319600
20 1847 44319600
1823 1536 44319600
1536 1823 44319600
1795 1823 44319600
1843 1823 44319600
1823 1843 44319600
1823 1795 44319600
1843 0 44406000
0 1276 44406000
0 1843 44406000
1712 1738 44406000
1738 1712 44406000
1688 874 44406000
874 1688 44406000
1653 210 44406000
1848 1764 44406000
1764 1848 44406000
1849 1651 44406000
1841 1651 44406000
1651 1849 44406000
1651 1841 44406000
1843 1276 44406000
1850 1835 44406000
1835 1850 44406000
1851 1738 44492400
1304 1738 44492400
1738 1851 44492400
1738 1304 44492400
1117 874 44492400
442 874 44492400
1835 874 44492400
874 1117 44492400
874 1852 44492400
874 1835 44492400
1228 1092 44492400
445 1452 44492400
1792 27 44492400
27 1792 44492400
1843 1651 44492400
18 1852 44578800
1853 1738 44578800
1616 1263 44578800
1616 1803 44578800
1803 1616 44578800
1671 1748 44578800
1616 1835 44578800
1835 1616 44578800
1449 18 44665200
1276 1263 44665200
1263 1276 44665200
210 114 44665200
1100 1276 44665200
1691 1304 44665200
1449 1153 44665200
1153 1449 44665200
1470 27 44751600
1739 1764 44751600
1764 1739 44751600
1536 1842 44751600
1842 2 44838000
2 1842 44838000
1559 874 44838000
1854 874 44838000
874 1559 44838000
1855 1856 44838000
1795 1856 44838000
1833 1856 44838000
1856 1845 44838000
1856 1795 44838000
1856 1855 44838000
1100 442 44838000
1100 80 44838000
635 1803 44838000
1580 1803 44838000
1854 1803 44838000
1803 1580 44838000
1803 635 44838000
1654 1764 44838000
1764 1654 44838000
57 1594 44838000
1597 1560 44838000
57 10 44838000
1855 1795 44838000
1795 1855 44838000
1712 1833 44838000
1833 1712 44838000
1842 1712 44838000
1857 18 44924400
18 1858 44924400
18 1843 44924400
18 1859 44924400
18 1857 44924400
18 1860 44924400
1738 1853 44924400
1423 1228 44924400
1228 1423 44924400
1665 445 44924400
445 1665 44924400
1821 446 44924400
1857 683 44924400
1829 1682 44924400
1833 62 44924400
219 62 44924400
1861 1153 44924400
1153 1861 44924400
1821 1842 44924400
219 1854 44924400
1712 1842 44924400
1842 1854 44924400
1712 1854 44924400
1737 18 45010800
1862 1738 45010800
1738 1862 45010800
1357 62 45010800
1581 1480 45010800
861 1803 45010800
1803 861 45010800
1764 1863 45010800
1748 185 45010800
1748 1671 45010800
1748 1864 45010800
874 1842 45097200
874 1651 45097200
28 1228 45097200
1228 28 45097200
1304 1854 45097200
1814 1492 45097200
1605 1764 45097200
1865 1764 45097200
1764 1605 45097200
1764 1839 45097200
1764 1865 45097200
1737 1651 45097200
1795 1651 45097200
1866 1651 45097200
1651 1737 45097200
1651 1795 45097200
18 1866 45183600
1866 1738 45183600
1414 1357 45183600
62 210 45183600
210 62 45183600
1669 1764 45183600
99 1764 45183600
1764 1452 45183600
1864 10 45183600
1866 1699 45183600
1814 1699 45183600
1699 1866 45183600
1699 1814 45183600
1188 635 45183600
635 1188 45183600
1414 1360 45183600
1867 62 45183600
1864 62 45183600
62 1867 45183600
62 1842 45183600
62 1854 45183600
1821 1868 45183600
1868 1821 45183600
1737 1822 45183600
1866 1869 45183600
1869 1866 45183600
1866 1814 45183600
1870 1867 45183600
1867 1870 45183600
1871 1738 45270000
1738 1871 45270000
874 62 45270000
1188 1304 45270000
1821 1803 45270000
1803 1821 45270000
27 932 45270000
1764 99 45270000
99 1872 45270000
1873 1669 45270000
1669 1873 45270000
1852 18 45356400
18 1810 45356400
1764 1463 45356400
1651 1866 45356400
1874 1188 45356400
1188 1874 45356400
20 1747 45356400
1617 1605 45356400
62 1833 45356400
1875 1849 45356400
1849 1875 45356400
1866 1868 45356400
1868 1866 45356400
1876 1821 45356400
1821 1876 45356400
1866 1877 45356400
1877 1866 45356400
1866 1876 45356400
1876 1866 45356400
1800 18 45442800
1878 18 45442800
1556 18 45442800
18 1878 45442800
1314 1738 45442800
1738 1314 45442800
1259 874 45442800
1842 874 45442800
1639 874 45442800
874 1259 45442800
874 1639 45442800
1547 1188 45442800
1852 1803 45442800
1803 1852 45442800
1803 1854 45442800
1797 1188 45442800
1188 1797 45442800
57 144 45442800
1671 1745 45442800
1866 1878 45442800
1878 1879 45442800
1878 1866 45442800
1879 18 45529200
1859 18 45529200
18 1829 45529200
18 1873 45529200
1654 1738 45529200
1846 1803 45529200
1791 1803 45529200
1803 1846 45529200
1803 1791 45529200
798 585 45529200
1880 1764 45529200
1764 1880 45529200
1764 1852 45529200
1682 1829 45529200
1556 20 45529200
1556 1821 45529200
1821 1556 45529200
1881 1829 45529200
1829 1881 45529200
1879 1878 45529200
18 1800 45615600
18 1556 45615600
18 1882 45615600
18 1879 45615600
1101 17 45615600
1883 17 45615600
17 1101 45615600
1884 1856 45615600
1856 1884 45615600
1884 1228 45615600
1880 798 45615600
798 1880 45615600
1259 1227 45615600
1464 1764 45615600
1764 1464 45615600
1884 1633 45615600
1627 1188 45615600
1859 1188 45615600
1188 1859 45615600
1884 62 45615600
1467 202 45615600
1883 1852 45615600
1627 1875 45615600
1713 18 45702000
585 2 45702000
2 1885 45702000
1866 874 45702000
1449 1118 45702000
1118 1449 45702000
1118 1886 45702000
350 1764 45702000
1616 1764 45702000
1764 350 45702000
1764 1616 45702000
1712 1699 45702000
1616 585 45702000
57 1605 45702000
1556 1817 45702000
1817 1556 45702000
1887 11 45702000
11 1887 45702000
1884 0 45788400
1764 1738 45788400
1738 1764 45788400
1885 2 45788400
1888 2 45788400
2 1888 45788400
1852 874 45788400
874 1854 45788400
1856 1889 45788400
1617 1100 45788400
1790 1100 45788400
1100 1790 45788400
1304 1257 45788400
1414 1733 45788400
445 1890 45788400
1852 1227 45788400
1790 1492 45788400
1492 1790 45788400
1862 1764 45788400
1653 1764 45788400
1764 1862 45788400
1764 1653 45788400
1891 1188 45788400
1188 1891 45788400
1652 1665 45788400
219 1408 45788400
33 1605 45788400
1605 33 45788400
1880 1669 45788400
1669 1880 45788400
1892 1890 45788400
1890 1892 45788400
1893 18 45874800
18 1880 45874800
1894 2 45874800
2 1894 45874800
1886 1118 45874800
1895 1803 45874800
1803 1895 45874800
1885 445 45874800
1893 445 45874800
1866 445 45874800
445 1885 45874800
445 1866 45874800
445 1893 45874800
1518 1810 45874800
1452 1527 45874800
1896 1742 45874800
1314 1742 45874800
1879 1742 45874800
1742 1314 45874800
1742 1896 45874800
1742 1879 45874800
1654 1669 45874800
1871 1669 45874800
1890 1669 45874800
1669 1871 45874800
1669 1890 45874800
1879 1897 45874800
1897 1879 45874800
1888 1803 45961200
1803 1888 45961200
1884 12 45961200
1753 12 45961200
12 1884 45961200
12 1753 45961200
1753 1492 45961200
1898 1764 45961200
1764 1898 45961200
1642 1188 45961200
1899 1414 45961200
1414 1581 45961200
1414 1899 45961200
1591 1742 45961200
1900 1742 45961200
1742 1591 45961200
1742 1900 45961200
1900 1823 45961200
1753 1750 45961200
1753 1229 45961200
1753 1712 45961200
1897 1817 45961200
1817 1897 45961200
1897 1901 45961200
1901 1897 45961200
1591 1740 45961200
1824 1669 45961200
1669 1824 45961200
1591 1902 45961200
1902 1591 45961200
1153 2 46047600
2 1153 46047600
1118 1874 46047600
1559 1227 46047600
1878 1764 46047600
1153 1764 46047600
1764 1878 46047600
1764 1153 46047600
1866 1464 46047600
1464 1866 46047600
1 1188 46047600
1188 1 46047600
1188 1642 46047600
1678 1153 46047600
1153 1678 46047600
1669 1795 46047600
1795 1669 46047600
219 1814 46047600
1902 1669 46047600
1669 1902 46047600
1903 321 46047600
1903 1452 46047600
1880 18 46134000
18 1893 46134000
18 1904 46134000
1905 2 46134000
2 1905 46134000
1900 1764 46134000
1852 1764 46134000
1764 1900 46134000
126 1594 46134000
1594 126 46134000
1906 1894 46134000
1894 1906 46134000
1900 1580 46134000
1580 1900 46134000
1893 1742 46134000
1742 1893 46134000
1795 1571 46134000
1571 1795 46134000
1386 1671 46134000
1876 1669 46134000
1903 1906 46134000
1906 1903 46134000
1866 18 46220400
1877 18 46220400
18 1877 46220400
1733 1738 46220400
1738 1733 46220400
1907 2 46220400
2 1907 46220400
1617 1246 46220400
1893 1518 46220400
1518 1908 46220400
1518 1893 46220400
1907 1894 46220400
1894 1907 46220400
1 20 46220400
1866 1821 46220400
1821 1866 46220400
1907 1888 46220400
1888 1907 46220400
1669 1842 46220400
1892 1842 46220400
1842 1892 46220400
1842 1669 46220400
1877 1669 46220400
1669 1876 46220400
1669 1877 46220400
932 2 46306800
2 932 46306800
1897 1733 46306800
1733 1897 46306800
1900 445 46306800
445 1900 46306800
1908 1518 46306800
1811 1764 46306800
1452 1314 46306800
1314 1452 46306800
1877 1556 46306800
1556 1877 46306800
1855 1909 46306800
1855 1903 46306800
1527 1357 46393200
80 1357 46393200
80 1100 46393200
1391 1304 46393200
1304 1391 46393200
80 12 46393200
80 451 46393200
80 5 46393200
1821 1188 46393200
1391 1580 46393200
1580 1391 46393200
80 87 46393200
1 148 46393200
1753 0 46479600
2 1188 46479600
1900 874 46479600
874 1900 46479600
114 1480 46479600
1480 114 46479600
1678 1764 46479600
1188 1910 46479600
1885 1742 46479600
1742 1885 46479600
1314 1911 46479600
1911 1314 46479600
1912 1556 46479600
1556 1912 46479600
1452 1913 46479600
1913 1452 46479600
1452 1903 46479600
18 1906 46566000
1912 2 46566000
2 1912 46566000
874 1304 46566000
1833 1803 46566000
1803 1833 46566000
1545 771 46566000
1527 1452 46566000
1914 1823 46566000
1823 1914 46566000
1915 1868 46566000
1900 1868 46566000
1916 1900 46566000
1900 1916 46566000
1917 1669 46566000
1855 1669 46566000
1669 1917 46566000
1669 1855 46566000
1823 0 46652400
0 1823 46652400
219 1738 46652400
1738 1814 46652400
250 2 46652400
2 250 46652400
1246 1918 46652400
1822 1188 46652400
1919 1188 46652400
1920 1188 46652400
1188 1821 46652400
1188 1822 46652400
1188 1919 46652400
1188 1920 46652400
1921 1823 46652400
1823 1921 46652400
1868 1915 46652400
1888 1360 46652400
1360 1888 46652400
1922 18 46738800
18 1922 46738800
0 1605 46738800
1841 1738 46738800
1738 1841 46738800
1489 874 46738800
874 1489 46738800
1923 1518 46738800
1518 1923 46738800
1518 1556 46738800
1864 1748 46738800
1669 311 46738800
1924 1860 46738800
1860 1924 46738800
1925 1926 46738800
1926 1925 46738800
1906 1669 46738800
1927 1669 46738800
1669 1906 46738800
1669 1927 46738800
1875 1627 46738800
1927 1928 46738800
1855 1767 46738800
1767 1855 46738800
18 1929 46825200
1930 2 46825200
2 1930 46825200
1931 874 46825200
874 1931 46825200
1932 1228 46825200
1228 1932 46825200
1733 1489 46825200
1556 1518 46825200
1556 683 46825200
1888 1933 46825200
1933 1888 46825200
1920 1408 46825200
1934 1416 46825200
1416 1934 46825200
951 1821 46825200
1821 951 46825200
1855 1935 46825200
1617 0 46911600
0 1228 46911600
1452 1738 46911600
874 1936 46911600
1416 114 46911600
114 1416 46911600
1556 1118 46911600
1246 1935 46911600
1935 445 46911600
445 1935 46911600
1669 1933 46911600
1937 1605 46911600
1605 1937 46911600
1669 1833 46911600
1833 1669 46911600
1938 1678 46911600
1678 1938 46911600
1938 1669 46911600
1939 1669 46911600
1556 1669 46911600
1669 1939 46911600
1669 1556 46911600
1669 1938 46911600
1929 18 46998000
18 1940 46998000
0 1753 46998000
1941 1357 46998000
1357 1941 46998000
1920 2 46998000
1480 1941 46998000
1068 1228 46998000
1228 1068 46998000
1547 1617 46998000
1941 1594 46998000
1594 1941 46998000
126 1768 46998000
1941 1748 46998000
1941 1386 46998000
1941 1237 46998000
1920 874 47084400
27 1228 47084400
1228 27 47084400
1227 27 47084400
27 1942 47084400
1360 1414 47084400
1823 1900 47084400
259 1941 47084400
1941 259 47084400
1803 0 47170800
0 1803 47170800
1492 874 47170800
874 1669 47170800
1914 1118 47170800
1817 1304 47170800
1304 1817 47170800
1518 1581 47170800
1594 1910 47170800
1188 1627 47170800
1933 1414 47170800
1414 1933 47170800
861 1817 47170800
1817 861 47170800
1941 1943 47170800
1452 1712 47170800
1712 1452 47170800
1944 0 47257200
0 1944 47257200
17 1945 47257200
43 2 47257200
504 2 47257200
1547 2 47257200
2 43 47257200
2 1547 47257200
2 504 47257200
1588 210 47257200
1545 210 47257200
210 1588 47257200
1946 43 47257200
43 1946 47257200
1947 1594 47257200
1594 1947 47257200
1571 1948 47257200
1948 1571 47257200
1949 1738 47343600
1738 1949 47343600
210 1950 47343600
28 1951 47343600
445 1852 47343600
248 1594 47343600
99 451 47343600
451 99 47343600
1840 1188 47343600
1188 1840 47343600
1414 1952 47343600
1430 1823 47343600
1953 1823 47343600
1823 1430 47343600
1823 1953 47343600
1430 1935 47343600
1920 1757 47343600
1954 1738 47430000
1365 1738 47430000
1738 1954 47430000
1738 1365 47430000
1955 1357 47430000
1357 1955 47430000
1889 874 47430000
219 1527 47430000
1955 62 47430000
219 80 47430000
1954 1823 47430000
1956 1823 47430000
1823 1957 47430000
1823 1954 47430000
1823 1956 47430000
219 1955 47430000
1955 95 47430000
1955 1958 47430000
1920 1927 47430000
333 0 47516400
1959 1738 47516400
1738 1959 47516400
874 1492 47516400
1227 1547 47516400
1416 28 47516400
28 1416 47516400
1492 1753 47516400
1871 1188 47516400
1188 1871 47516400
224 1414 47516400
745 1753 47516400
1665 1416 47516400
1416 1665 47516400
18 1960 47602800
1188 1738 47602800
1738 1188 47602800
1738 1960 47602800
1702 1803 47602800
798 1910 47602800
450 27 47602800
27 450 47602800
543 1961 47602800
1961 543 47602800
1962 1594 47602800
1594 1962 47602800
1452 1963 47602800
1823 1963 47602800
1963 1452 47602800
1963 1823 47602800
1702 1188 47602800
1964 1188 47602800
1188 1964 47602800
1956 1580 47602800
1580 1956 47602800
1888 1823 47602800
1957 1823 47602800
1823 1888 47602800
1965 1933 47602800
1957 1933 47602800
1933 1965 47602800
1962 1783 47602800
333 1738 47689200
1966 1480 47689200
1933 1480 47689200
1480 1966 47689200
1594 1228 47689200
1228 1594 47689200
1452 1803 47689200
1803 1452 47689200
1408 1227 47689200
1532 1651 47689200
1910 1967 47689200
333 1571 47689200
1571 333 47689200
1933 1957 47689200
1452 1795 47689200
1795 1452 47689200
18 1968 47775600
874 0 47775600
1969 1594 47775600
1594 1969 47775600
1970 1188 47775600
286 1188 47775600
1188 1970 47775600
1188 286 47775600
1777 1935 47775600
1935 1777 47775600
1237 1971 47775600
18 1972 47862000
1955 1738 47862000
1964 1738 47862000
1738 1955 47862000
1738 1964 47862000
1188 1960 47862000
1892 1795 47862000
1795 1892 47862000
1951 1973 47862000
1968 18 47948400
745 0 47948400
1970 2 47948400
2 1970 47948400
1605 1640 47948400
1640 1605 47948400
1795 490 47948400
490 1795 47948400
20 1974 47948400
1536 1970 47948400
745 1975 47948400
1588 1760 47948400
1953 1669 47948400
1669 1953 47948400
1973 1951 47948400
1976 1738 48034800
1738 1976 48034800
27 114 48034800
114 27 48034800
1640 1669 48034800
1438 1188 48034800
1188 1438 48034800
1742 1438 48034800
1438 1742 48034800
1944 105 48034800
1868 1669 48034800
1838 745 48034800
745 1838 48034800
745 1669 48034800
1669 951 48034800
951 1669 48034800
1669 1977 48034800
1977 1669 48034800
1933 17 48121200
17 1933 48121200
1738 1816 48121200
1738 1978 48121200
1933 114 48121200
1594 114 48121200
114 1933 48121200
1869 1228 48121200
1979 1518 48121200
1518 1979 48121200
1926 1492 48121200
1492 1926 48121200
1880 831 48121200
831 1880 48121200
1978 1963 48121200
1653 1963 48121200
1963 1978 48121200
1963 1816 48121200
1963 1653 48121200
1416 1933 48121200
1933 1416 48121200
1978 333 48121200
333 1978 48121200
17 9 48207600
1978 1738 48207600
1933 28 48207600
1764 1669 48207600
1795 1933 48207600
1933 1096 48207600
1933 1795 48207600
1980 350 48207600
350 1980 48207600
1981 1979 48207600
1979 1981 48207600
1979 1968 48207600
1967 1532 48207600
1933 1357 48294000
28 1357 48294000
1357 28 48294000
364 1100 48294000
1803 1702 48294000
1951 28 48294000
12 1273 48294000
1871 1910 48294000
1967 1910 48294000
333 80 48294000
80 333 48294000
1868 1571 48294000
1571 1868 48294000
364 219 48294000
1982 1983 48294000
1314 1983 48294000
1983 1314 48294000
1984 18 48380400
18 1984 48380400
148 1263 48380400
1747 446 48380400
1545 1764 48380400
1764 1950 48380400
1979 1188 48380400
1188 1979 48380400
250 148 48380400
1985 1983 48380400
1983 1985 48380400
1986 18 48466800
1518 17 48466800
1820 1738 48466800
1738 1820 48466800
1889 1856 48466800
1518 1480 48466800
1987 114 48466800
1988 114 48466800
114 1594 48466800
114 1987 48466800
114 1210 48466800
114 1988 48466800
1518 1228 48466800
1983 210 48466800
210 350 48466800
210 1983 48466800
1518 1304 48466800
1518 12 48466800
364 1518 48466800
442 1518 48466800
1518 364 48466800
1518 1227 48466800
1518 219 48466800
1518 1408 48466800
1518 442 48466800
1518 105 48466800
1518 1273 48466800
1888 1961 48466800
1961 1888 48466800
1492 1989 48466800
364 442 48466800
442 219 48466800
1117 1273 48466800
1580 1651 48466800
1651 1532 48466800
1617 265 48466800
265 1617 48466800
1990 1868 48466800
1868 1990 48466800
219 974 48466800
1968 1979 48466800
1989 1983 48466800
1983 1989 48466800
1989 1117 48466800
1117 1989 48466800
1986 1595 48466800
1595 1986 48466800
1619 1989 48466800
1989 1985 48466800
1985 1989 48466800
1228 1991 48553200
1640 1495 48553200
1992 445 48553200
445 1992 48553200
1492 1993 48553200
1994 1188 48553200
1188 1994 48553200
1995 1933 48553200
1933 1995 48553200
1996 1984 48553200
1984 1996 48553200
1291 0 48639600
1291 17 48639600
1291 1357 48639600
1386 1357 48639600
1357 1669 48639600
2 874 48639600
2 1669 48639600
1291 874 48639600
1386 1480 48639600
1291 1228 48639600
1291 1118 48639600
1291 1100 48639600
1386 1100 48639600
1291 1304 48639600
1291 1547 48639600
1617 1803 48639600
1803 1617 48639600
1291 1246 48639600
1997 1640 48639600
1998 1640 48639600
1640 1997 48639600
1640 1998 48639600
1489 446 48639600
1291 771 48639600
1291 256 48639600
1291 1227 48639600
1291 418 48639600
1291 1492 48639600
1992 1492 48639600
1764 1999 48639600
1291 1594 48639600
2000 1188 48639600
1188 2000 48639600
1617 1669 48639600
1291 364 48639600
148 250 48639600
1291 1748 48639600
1386 1748 48639600
1989 1933 48639600
1933 2001 48639600
1933 1989 48639600
1999 1795 48639600
1907 1795 48639600
1795 1907 48639600
1795 1999 48639600
1386 1941 48639600
1291 219 48639600
219 1669 48639600
1990 1979 48639600
1291 695 48639600
1983 1997 48639600
148 1844 48639600
1291 1264 48639600
1291 2002 48639600
1228 1748 48726000
1382 1803 48726000
1803 1382 48726000
1492 1945 48726000
1382 1764 48726000
1764 1382 48726000
2003 450 48726000
450 2003 48726000
1905 1617 48726000
1617 1905 48726000
2004 1153 48726000
2005 1153 48726000
1153 2004 48726000
1153 2005 48726000
1997 1983 48726000
18 2006 48812400
442 1738 48812400
1930 1738 48812400
1738 802 48812400
1738 1930 48812400
2003 2 48812400
2 2003 48812400
874 432 48812400
1304 1617 48812400
1999 1933 48812400
219 1933 48812400
2007 1933 48812400
1933 1999 48812400
1933 2007 48812400
1933 1996 48812400
1998 1930 48812400
1986 1930 48812400
1930 1998 48812400
1990 2008 48812400
1314 1999 48812400
1927 1757 48812400
1996 1993 48812400
1927 1993 48812400
1998 2009 48812400
2009 1998 48812400
745 874 48898800
1382 1228 48898800
1228 1382 48898800
1930 1961 48898800
1999 1961 48898800
1961 1930 48898800
1961 1999 48898800
1617 1597 48898800
1990 265 48898800
265 1990 48898800
2010 1617 48898800
1930 1617 48898800
1990 1617 48898800
1617 2011 48898800
1617 2010 48898800
1617 1930 48898800
1617 1911 48898800
1617 1990 48898800
1311 1933 48898800
1382 1933 48898800
1993 1933 48898800
1933 1311 48898800
1933 1382 48898800
2012 1962 48898800
1966 1382 48898800
1382 1966 48898800
1966 278 48898800
1999 1314 48898800
2011 2010 48898800
18 1953 48985200
2013 1961 48985200
1961 2013 48985200
1777 1823 48985200
1995 1823 48985200
1823 1777 48985200
1823 1995 48985200
1962 2012 48985200
2012 1489 48985200
1386 1489 48985200
1983 1982 48985200
1962 1768 48985200
2006 18 49071600
1738 1573 49071600
2014 874 49071600
874 2014 49071600
1617 1856 49071600
1856 1617 49071600
1100 1273 49071600
1304 1996 49071600
1930 28 49071600
2011 1640 49071600
1640 2011 49071600
1999 1764 49071600
1847 2015 49071600
2015 1847 49071600
1823 932 49071600
932 1823 49071600
2016 1933 49071600
1901 1823 49071600
1823 1901 49071600
1489 2012 49071600
1489 1386 49071600
1986 2017 49071600
2017 1986 49071600
1993 1996 49071600
1999 1988 49071600
1988 1999 49071600
2018 874 49158000
874 2018 49158000
951 1961 49158000
2018 1963 49158000
1382 1963 49158000
1963 1382 49158000
1963 2018 49158000
1823 1669 49158000
1905 1868 49158000
1868 1905 49158000
1679 1382 49158000
1382 1679 49158000
1930 1986 49158000
2018 1966 49158000
1966 2018 49158000
932 1357 49244400
1314 1357 49244400
1357 932 49244400
1357 1314 49244400
527 2 49244400
2019 2 49244400
1323 2 49244400
2 2019 49244400
2 527 49244400
2 1301 49244400
2 1323 49244400
1991 1640 49244400
1640 1991 49244400
2020 1518 49244400
32 1518 49244400
1518 2020 49244400
1983 1961 49244400
1961 1983 49244400
932 1999 49244400
1945 1823 49244400
951 1823 49244400
1823 1945 49244400
1823 951 49244400
1314 2021 49244400
2021 1314 49244400
2022 527 49244400
527 2022 49244400
2023 18 49330800
18 2023 49330800
490 2024 49330800
2024 490 49330800
2024 1571 49330800
1301 1357 49330800
1499 2 49330800
1301 2 49330800
2 1499 49330800
1301 1480 49330800
1228 2021 49330800
1597 1640 49330800
1640 1597 49330800
2025 1092 49330800
1092 2026 49330800
1092 2025 49330800
1907 1464 49330800
1464 1907 49330800
2015 2020 49330800
1301 1414 49330800
1301 566 49330800
1984 1795 49330800
1795 1984 49330800
1986 1983 49330800
1617 874 49417200
1986 1228 49417200
932 1301 49417200
1575 1746 49417200
1746 1575 49417200
2027 11 49417200
11 2027 49417200
2019 0 49503600
0 2019 49503600
0 2021 49503600
1228 17 49503600
2028 874 49503600
874 2028 49503600
1101 1228 49503600
1228 1101 49503600
2029 446 49503600
2029 2015 49503600
2015 2029 49503600
1838 1581 49503600
1930 1926 49503600
1915 2030 49503600
2030 1915 49503600
2031 1895 49503600
1895 2031 49503600
18 2014 49590000
17 1228 49590000
1738 1423 49590000
2032 874 49590000
874 2032 49590000
1304 2033 49590000
1304 1682 49590000
1983 1640 49590000
1640 1983 49590000
1986 27 49590000
27 1986 49590000
1966 1961 49590000
1961 1966 49590000
1092 2034 49590000
1933 126 49590000
1979 1633 49590000
1153 831 49590000
831 1153 49590000
1877 1188 49590000
1746 1188 49590000
1188 2021 49590000
2035 1153 49590000
2036 1153 49590000
1153 2035 49590000
1153 2036 49590000
2037 189 49590000
189 2037 49590000
390 2028 49590000
1868 2033 49590000
2035 57 49590000
1746 2020 49590000
1499 1829 49590000
1829 1499 49590000
1990 2038 49590000
2038 1990 49590000
2039 874 49676400
874 2039 49676400
1101 114 49676400
114 1101 49676400
1228 1986 49676400
1452 1246 49676400
636 1640 49676400
1101 1640 49676400
1640 636 49676400
1640 1101 49676400
1901 1961 49676400
1961 1901 49676400
1452 1764 49676400
2034 1092 49676400
1703 1423 49676400
1423 1703 49676400
2040 1188 49676400
1188 1746 49676400
1188 2040 49676400
745 543 49676400
543 745 49676400
1702 1933 49676400
1983 1933 49676400
1933 1983 49676400
1933 1702 49676400
1983 1101 49676400
1101 2041 49676400
1101 1983 49676400
2042 11 49676400
11 2042 49676400
2042 1829 49676400
1829 2042 49676400
2043 2018 49676400
2018 2043 49676400
1733 18 49762800
18 1733 49762800
2044 114 49762800
114 2044 49762800
114 1077 49762800
2016 1304 49762800
1984 1803 49762800
1803 1984 49762800
2021 28 49762800
1895 12 49762800
9 12 49762800
12 9 49762800
12 1895 49762800
2045 1518 49762800
1518 2045 49762800
2046 1092 49762800
1092 2046 49762800
1935 175 49762800
175 1935 49762800
1702 1930 49762800
1930 1702 49762800
1452 2032 49762800
2032 1452 49762800
2045 1548 49762800
2043 2047 49762800
445 2 49849200
2 445 49849200
2 2048 49849200
2049 874 49849200
874 745 49849200
2021 1228 49849200
1597 210 49849200
210 1597 49849200
2048 1246 49849200
1246 2048 49849200
1682 1733 49849200
1733 1682 49849200
445 1669 49849200
1682 1833 49849200
2050 1652 49849200
1652 2050 49849200
2033 2051 49849200
2049 2028 49849200
2028 1763 49849200
2043 2052 49849200
1665 1738 49935600
1382 2024 49935600
2024 1382 49935600
1492 2 49935600
1966 114 49935600
114 1966 49935600
1423 1492 49935600
185 126 49935600
1966 126 49935600
126 1966 49935600
126 185 49935600
2048 90 49935600
2033 90 49935600
90 2048 49935600
90 2033 49935600
185 1748 49935600
1101 1933 49935600
1605 185 49935600
185 1941 49935600
185 1605 49935600
1619 1935 49935600
1451 1738 50022000
2011 1738 50022000
1738 1451 50022000
1682 2024 50022000
2 1492 50022000
432 1228 50022000
1100 2053 50022000
445 160 50022000
2054 1961 50022000
160 1961 50022000
1961 2054 50022000
1961 160 50022000
1092 2055 50022000
2021 1273 50022000
1414 224 50022000
2056 1153 50022000
1153 2056 50022000
1868 29 50022000
1983 1986 50022000
1619 2054 50022000
18 2057 50108400
1304 1910 50108400
1803 1594 50108400
160 445 50108400
1910 1492 50108400
1492 1910 50108400
1910 2012 50108400
1897 1153 50108400
1850 1153 50108400
1918 1153 50108400
1153 1850 50108400
1153 1897 50108400
1153 1918 50108400
2058 1746 50108400
1746 2058 50108400
148 1991 50108400
1747 2029 50108400
951 18 50194800
18 951 50194800
18 2022 50194800
0 1669 50194800
1597 1357 50194800
1357 1597 50194800
390 874 50194800
951 874 50194800
874 951 50194800
874 1276 50194800
874 1996 50194800
390 1803 50194800
1803 390 50194800
1246 1408 50194800
1640 1996 50194800
1640 1573 50194800
43 826 50194800
1993 1492 50194800
1597 1617 50194800
1951 1910 50194800
1910 1951 50194800
80 1276 50194800
2040 1823 50194800
1823 2040 50194800
1847 1746 50194800
1746 1847 50194800
2052 2043 50194800
2043 2054 50194800
2054 2043 50194800
1838 677 50194800
18 2059 50281200
1738 1905 50281200
285 2024 50281200
2060 2024 50281200
2024 2060 50281200
2024 1961 50281200
2024 285 50281200
1926 2 50281200
2 1926 50281200
265 1246 50281200
1246 265 50281200
2040 446 50281200
2040 1518 50281200
2040 1464 50281200
1464 2040 50281200
1993 2061 50281200
1623 2061 50281200
2061 1993 50281200
2061 1623 50281200
2028 1933 50281200
2062 1933 50281200
1933 2028 50281200
1933 2062 50281200
2022 285 50281200
285 2022 50281200
1979 2040 50281200
2028 2040 50281200
2040 1979 50281200
1926 1930 50281200
1991 148 50281200
2029 1747 50281200
2063 2052 50281200
2043 2063 50281200
2040 18 50367600
18 2064 50367600
1717 1738 50367600
1738 1717 50367600
874 2024 50367600
2065 874 50367600
874 2065 50367600
1118 1914 50367600
1100 2066 50367600
1988 1803 50367600
1803 1988 50367600
1273 1246 50367600
1246 1273 50367600
1868 1092 50367600
1999 932 50367600
1 2040 50367600
2040 1 50367600
2065 2067 50367600
2067 2065 50367600
1751 2011 50367600
2040 874 50454000
874 2040 50454000
2066 1100 50454000
2051 2033 50454000
1983 1807 50454000
1807 1983 50454000
2068 1983 50454000
1983 2068 50454000
2033 0 50540400
17 1883 50540400
126 2024 50540400
2024 126 50540400
2024 1246 50540400
2069 114 50540400
114 2069 50540400
2062 1246 50540400
1518 2040 50540400
2033 1961 50540400
1961 2033 50540400
2021 2070 50540400
2070 2021 50540400
2071 1948 50540400
90 1948 50540400
1948 2071 50540400
1948 90 50540400
1735 432 50540400
432 1735 50540400
2061 90 50540400
90 2061 50540400
1933 1935 50540400
504 2033 50540400
2033 504 50540400
2040 1452 50540400
2072 2048 50540400
2048 2072 50540400
1492 2024 50626800
2053 874 50626800
874 2053 50626800
2053 1100 50626800
1227 1246 50626800
1408 1246 50626800
1227 1518 50626800
165 1961 50626800
1227 219 50626800
1227 1559 50626800
1227 1852 50626800
1227 1259 50626800
1933 932 50626800
932 1933 50626800
1188 1877 50626800
185 64 50626800
1934 1933 50626800
2073 185 50626800
1941 185 50626800
185 2073 50626800
1777 2048 50626800
18 2074 50713200
18 2075 50713200
1748 1357 50713200
1357 1748 50713200
1101 2 50713200
1653 2 50713200
2 1101 50713200
2 1653 50713200
1748 1480 50713200
1951 1263 50713200
1932 114 50713200
114 1932 50713200
1748 1100 50713200
1935 1246 50713200
1951 446 50713200
1518 32 50713200
932 1227 50713200
1227 932 50713200
1748 126 50713200
1748 1910 50713200
2048 1948 50713200
1948 2048 50713200
1438 635 50713200
635 1438 50713200
1748 2076 50713200
2076 1748 50713200
2077 1580 50713200
1580 2077 50713200
2034 1748 50713200
1748 1745 50713200
1748 1941 50713200
1748 2034 50713200
1748 1818 50713200
1748 2066 50713200
2022 18 50799600
2078 18 50799600
18 2078 50799600
1688 17 50799600
17 1688 50799600
210 2024 50799600
1670 2024 50799600
2024 210 50799600
2024 1670 50799600
2062 1228 50799600
1228 1324 50799600
1228 2062 50799600
2073 1803 50799600
1803 2073 50799600
1955 1246 50799600
1246 1955 50799600
2025 446 50799600
2070 1492 50799600
1492 2070 50799600
2015 2042 50799600
1910 2079 50799600
1849 1699 50799600
1699 1849 50799600
62 635 50799600
2060 635 50799600
635 2060 50799600
1682 1153 50799600
2073 1868 50799600
1868 2073 50799600
2040 1257 50799600
1990 2062 50799600
2062 1990 50799600
1860 2078 50799600
2078 1860 50799600
2073 2079 50799600
2079 2073 50799600
2080 2024 50886000
1452 2024 50886000
2024 2080 50886000
2081 114 50886000
114 2081 50886000
1324 1228 50886000
1101 2070 50886000
2070 1101 50886000
2033 635 50886000
635 2033 50886000
1217 451 50886000
1438 135 50886000
2082 1571 50886000
1571 2082 50886000
2028 2033 50886000
424 2033 50886000
2033 2028 50886000
2033 424 50886000
2083 2040 50886000
1860 2040 50886000
2040 2083 50886000
2040 1860 50886000
1649 2082 50886000
1313 2024 50972400
2024 1313 50972400
951 2 50972400
2084 2 50972400
2 951 50972400
2 2084 50972400
2061 874 50972400
874 2061 50972400
210 2067 50972400
1868 1803 50972400
1246 1691 50972400
2085 445 50972400
445 2085 50972400
1518 1691 50972400
2021 1961 50972400
1691 1948 50972400
1153 1682 50972400
1276 1691 50972400
1807 1470 50972400
2086 2062 50972400
2062 2086 50972400
1154 1691 50972400
1809 1884 50972400
2087 874 51058800
874 2087 51058800
1803 1856 51058800
1856 1803 51058800
1874 1118 51058800
1118 2088 51058800
210 1304 51058800
1304 1246 51058800
2062 1547 51058800
1547 2062 51058800
1518 1246 51058800
1246 1518 51058800
2089 1651 51058800
1651 2089 51058800
1699 2034 51058800
2085 2090 51058800
2091 18 51145200
18 2091 51145200
1823 2 51145200
2 1823 51145200
1868 874 51145200
874 1868 51145200
1945 114 51145200
114 1945 51145200
2088 1118 51145200
2087 1547 51145200
1246 1868 51145200
2015 1518 51145200
1518 2015 51145200
1833 1227 51145200
1952 1414 51145200
2023 1153 51145200
1153 2023 51145200
1970 1823 51145200
2092 1823 51145200
1823 1970 51145200
1823 2092 51145200
1387 1738 51231600
1738 1387 51231600
2 1464 51231600
1227 1833 51231600
1464 2093 51231600
1747 2015 51231600
2015 1747 51231600
1842 1933 51231600
2092 1933 51231600
2094 1933 51231600
1933 1842 51231600
1933 2092 51231600
1933 2094 51231600
1706 1532 51231600
1983 2095 51231600
2005 2041 51231600
2041 2005 51231600
1948 2024 51318000
2024 1948 51318000
1581 2 51318000
2 1581 51318000
2 543 51318000
2061 1228 51318000
1228 2061 51318000
2061 1246 51318000
543 28 51318000
38 1594 51318000
2073 126 51318000
126 1748 51318000
126 2073 51318000
543 1464 51318000
149 1464 51318000
1464 543 51318000
1464 149 51318000
2096 1699 51318000
1699 2096 51318000
2061 1948 51318000
2061 543 51318000
2051 745 51318000
2095 1983 51318000
2097 1983 51318000
1983 2097 51318000
2092 1946 51318000
1946 2092 51318000
1988 1717 51318000
1717 1988 51318000
2061 0 51404400
17 126 51404400
122 2 51404400
189 2 51404400
2061 2 51404400
2 122 51404400
2 189 51404400
2 2061 51404400
126 1480 51404400
1304 210 51404400
1764 1246 51404400
1246 219 51404400
1764 1817 51404400
2062 1464 51404400
1464 2062 51404400
1948 2061 51404400
2040 90 51404400
90 2040 51404400
62 2098 51404400
2061 219 51404400
1933 1101 51404400
660 2040 51404400
2040 660 51404400
122 660 51404400
1868 0 51490800
126 17 51490800
1738 2011 51490800
1971 1480 51490800
126 1228 51490800
1228 126 51490800
2098 1100 51490800
1416 1246 51490800
1246 1416 51490800
951 445 51490800
445 951 51490800
2061 1063 51490800
951 1933 51490800
1933 951 51490800
1868 1276 51490800
2040 2033 51490800
2033 2040 51490800
1868 1386 51490800
1868 1941 51490800
1416 1386 51490800
1892 2040 51490800
2099 2040 51490800
2040 1892 51490800
2040 2099 51490800
2040 2100 51490800
2040 1419 51490800
1971 990 51490800
990 1971 51490800
1971 1807 51490800
1971 2073 51490800
1971 1237 51490800
1885 1226 51490800
1226 1885 51490800
1153 1738 51577200
1738 1153 51577200
1849 874 51577200
874 1849 51577200
1868 1856 51577200
2101 1118 51577200
1118 2101 51577200
1100 2098 51577200
765 210 51577200
1868 1246 51577200
1833 445 51577200
445 1833 51577200
2033 1764 51577200
1699 1764 51577200
1764 1699 51577200
2067 126 51577200
126 2067 51577200
2040 831 51577200
831 2040 51577200
1386 1416 51577200
1226 1532 51577200
2073 1971 51577200
1642 18 51663600
18 1642 51663600
0 2033 51663600
122 1547 51663600
1547 122 51663600
1246 445 51663600
2061 1092 51663600
1092 2061 51663600
403 2015 51663600
2015 403 51663600
2100 2040 51663600
1738 1903 51750000
1101 2024 51750000
1963 2 51750000
2 1963 51750000
2021 1764 51750000
1764 2021 51750000
450 1948 51750000
1948 450 51750000
2102 2103 51750000
2103 2102 51750000
18 2040 51836400
2048 2 51836400
1246 1764 51836400
1597 1868 51836400
1933 1948 51836400
1527 1948 51836400
1948 1527 51836400
1527 632 51836400
2104 1933 51836400
1933 2104 51836400
2040 2105 51836400
18 2106 51922800
0 1996 51922800
490 1856 51922800
1856 490 51922800
1764 1100 51922800
1100 1764 51922800
1847 446 51922800
1948 1464 51922800
1464 1948 51922800
2062 490 51922800
490 2062 51922800
1948 1990 51922800
2061 1571 51922800
1571 2061 51922800
1933 1662 51922800
2105 2040 51922800
1523 2102 51922800
1764 2024 52009200
613 2024 52009200
1901 2 52009200
2 1901 52009200
1438 874 52009200
1527 1492 52009200
1492 1527 52009200
1833 1764 52009200
1764 2107 52009200
1764 1833 52009200
1910 1594 52009200
1435 831 52009200
1823 831 52009200
831 1435 52009200
831 1823 52009200
93 1910 52009200
2040 1910 52009200
1910 2040 52009200
2034 1699 52009200
2079 1948 52009200
2108 1527 52009200
1527 2108 52009200
2061 2028 52009200
2109 2033 52009200
2110 2033 52009200
2033 2109 52009200
2033 2110 52009200
1386 1623 52009200
2062 2021 52009200
2021 2062 52009200
2103 2111 52009200
2092 1291 52009200
1291 2112 52009200
18 11 52095600
2113 1738 52095600
1227 1738 52095600
1738 1227 52095600
490 2 52095600
2 490 52095600
1688 1304 52095600
189 1304 52095600
1304 1688 52095600
1304 2106 52095600
1984 1246 52095600
1246 1984 52095600
2083 831 52095600
831 2083 52095600
1984 1948 52095600
1948 2079 52095600
1948 1984 52095600
1933 265 52095600
1935 1617 52095600
2092 1580 52095600
1580 2092 52095600
1750 1868 52095600
2102 1523 52095600
1935 1430 52095600
1935 828 52095600
1935 1619 52095600
1671 1632 52095600
1993 1984 52095600
1984 1993 52095600
2114 18 52182000
18 2114 52182000
1227 0 52182000
1991 2024 52182000
2107 2024 52182000
2024 2107 52182000
874 1357 52182000
364 1357 52182000
1227 1357 52182000
2115 2 52182000
2 2115 52182000
1833 831 52182000
831 1833 52182000
2061 1699 52182000
1699 2061 52182000
2061 1414 52182000
1414 2061 52182000
2103 2061 52182000
2061 1688 52182000
2061 2103 52182000
2103 1748 52182000
2079 259 52182000
1357 259 52268400
1688 2 52268400
2 1688 52268400
1386 874 52268400
1699 874 52268400
874 1386 52268400
2116 210 52268400
210 2116 52268400
1594 446 52268400
1974 446 52268400
1699 256 52268400
256 1699 52268400
1910 1947 52268400
1955 1527 52268400
1527 1955 52268400
1688 2061 52268400
1933 2117 52268400
1276 1885 52268400
1386 1966 52268400
2108 2025 52268400
2025 2108 52268400
2118 2067 52268400
2067 2118 52268400
2119 2103 52268400
2103 2119 52268400
1357 364 52354800
1868 2 52354800
2 1868 52354800
874 2120 52354800
1480 126 52354800
364 1228 52354800
1304 189 52354800
1246 333 52354800
403 446 52354800
1840 831 52354800
831 1840 52354800
1933 2061 52354800
2028 2061 52354800
2108 2061 52354800
2061 2108 52354800
1783 1748 52354800
1228 364 52441200
406 1246 52441200
450 28 52441200
406 1092 52441200
1092 406 52441200
1807 2061 52441200
2061 1807 52441200
1926 1581 52441200
1581 1926 52441200
2073 1935 52441200
1935 2073 52441200
1944 17 52527600
17 1944 52527600
874 831 52527600
2098 1228 52527600
1228 2098 52527600
1304 2061 52527600
1246 2061 52527600
1246 62 52527600
2103 445 52527600
432 2121 52527600
2098 62 52527600
2061 1990 52527600
1783 1581 52527600
1581 1783 52527600
2079 1386 52527600
1754 1738 52614000
1738 1754 52614000
2 1764 52614000
210 2028 52614000
285 1640 52614000
1764 1640 52614000
1640 285 52614000
1640 1764 52614000
445 2103 52614000
2122 446 52614000
1540 1961 52614000
635 1961 52614000
1961 1540 52614000
692 1910 52614000
1910 692 52614000
2034 2061 52614000
2123 2061 52614000
2061 2034 52614000
2061 2123 52614000
2067 1849 52614000
1849 2067 52614000
2021 2033 52614000
2033 2021 52614000
951 2040 52614000
2040 951 52614000
2122 1489 52614000
2073 2124 52614000
2085 2118 52614000
1699 1738 52700400
1738 1699 52700400
2073 2024 52700400
2024 1991 52700400
2024 2073 52700400
1764 2 52700400
2125 874 52700400
874 2125 52700400
874 2079 52700400
1647 1640 52700400
1640 1647 52700400
2061 12 52700400
12 2061 52700400
2102 2126 52700400
256 2102 52700400
1966 1868 52700400
1868 1966 52700400
2124 2073 52700400
745 210 52786800
210 2118 52786800
210 745 52786800
210 2113 52786800
1594 1803 52786800
990 1594 52786800
1291 126 52786800
1682 884 52786800
990 1748 52786800
1955 1581 52786800
1581 1955 52786800
2127 1754 52786800
1754 2127 52786800
2128 2113 52786800
2113 2128 52786800
17 1991 52873200
1990 2024 52873200
1803 874 52873200
874 1803 52873200
1581 210 52873200
210 1581 52873200
1438 1961 52873200
1961 1438 52873200
1961 1665 52873200
1314 2102 52873200
2129 1927 52873200
2119 1452 52873200
1833 2024 52959600
2024 1833 52959600
2130 874 52959600
874 2130 52959600
2040 1118 52959600
1100 1944 52959600
210 1955 52959600
1764 1803 52959600
1803 2130 52959600
460 445 52959600
445 460 52959600
2079 446 52959600
2062 2126 52959600
1900 2126 52959600
2120 1961 52959600
1961 1833 52959600
1961 2120 52959600
1651 1669 52959600
1718 490 52959600
1990 1188 52959600
1188 1990 52959600
2130 460 52959600
460 2130 52959600
2012 2131 52959600
2130 745 52959600
745 2130 52959600
2120 1955 52959600
1955 2120 52959600
2079 2125 52959600
2125 2079 52959600
1943 2079 52959600
2079 1943 52959600
1777 2130 52959600
2130 1777 52959600
1167 2132 52959600
2133 18 53046000
18 2133 53046000
17 28 53046000
210 1738 53046000
1738 210 53046000
2061 2024 53046000
1718 2024 53046000
2024 2061 53046000
2024 1718 53046000
1748 1228 53046000
2134 210 53046000
210 2134 53046000
62 2135 53046000
1227 2126 53046000
1961 1465 53046000
1900 831 53046000
831 1900 53046000
1935 5 53046000
5 1935 53046000
1748 2119 53046000
1888 2012 53046000
2012 1888 53046000
1868 1900 53046000
1979 2130 53046000
2092 2079 53046000
2079 2092 53046000
1951 29 53046000
1951 1750 53046000
2122 1118 53132400
1118 2040 53132400
1118 2122 53132400
1314 2126 53132400
90 1961 53132400
1536 1961 53132400
1961 90 53132400
1961 1536 53132400
1581 1699 53132400
1699 1581 53132400
1107 2012 53132400
892 2136 53132400
2136 892 53132400
2116 2137 53132400
2137 2116 53132400
2079 1107 53132400
1107 2079 53132400
210 2070 53218800
12 1803 53218800
1803 12 53218800
2051 1640 53218800
1963 1640 53218800
1640 2051 53218800
1640 1963 53218800
1518 2138 53218800
831 1227 53218800
1227 831 53218800
2137 1492 53218800
1492 2137 53218800
2015 2139 53218800
1930 831 53218800
1776 831 53218800
831 1930 53218800
831 1776 53218800
1910 2131 53218800
892 2140 53218800
2061 2141 53218800
1946 892 53218800
892 1946 53218800
1973 144 53218800
2102 1314 53218800
2131 325 53218800
325 2131 53218800
1885 2130 53218800
2120 2102 53218800
2102 2120 53218800
1946 2142 53218800
2142 1946 53218800
2124 2143 53218800
2143 2124 53218800
2131 18 53305200
18 2131 53305200
17 2085 53305200
2024 2144 53305200
831 210 53305200
210 831 53305200
2070 1547 53305200
1547 2070 53305200
1961 1803 53305200
1803 1961 53305200
2145 1961 53305200
1961 2145 53305200
2139 2015 53305200
951 831 53305200
831 951 53305200
1199 1699 53305200
1699 1199 53305200
2041 1933 53305200
1944 1933 53305200
1933 2041 53305200
1933 1944 53305200
2008 1795 53305200
1795 2008 53305200
2017 437 53305200
437 2017 53305200
2143 1966 53305200
1966 2143 53305200
1746 1723 53305200
1971 1314 53305200
1314 1971 53305200
2143 1493 53305200
2146 1971 53305200
1971 2146 53305200
2145 1776 53305200
1776 2145 53305200
1776 2139 53305200
2145 1945 53305200
1945 2145 53305200
1470 18 53391600
18 1100 53391600
0 2147 53391600
2085 17 53391600
1905 1738 53391600
2024 2067 53391600
2078 1118 53391600
1118 2078 53391600
1100 2147 53391600
635 2126 53391600
2077 1961 53391600
1961 2148 53391600
1961 2077 53391600
2015 2149 53391600
1117 1699 53391600
1699 1117 53391600
1723 1746 53391600
2150 2079 53391600
2079 2150 53391600
2151 325 53391600
325 2151 53391600
1927 2129 53391600
1735 1738 53478000
1738 1735 53478000
2098 2024 53478000
1935 1228 53478000
1228 1935 53478000
1944 1100 53478000
1650 210 53478000
2113 210 53478000
210 1650 53478000
1547 259 53478000
90 1733 53478000
12 2126 53478000
1833 1961 53478000
1412 1961 53478000
1961 1412 53478000
2103 1492 53478000
1492 2103 53478000
2098 1764 53478000
1764 2098 53478000
2141 2061 53478000
1935 1933 53478000
2148 1933 53478000
1933 2148 53478000
1892 1833 53478000
1833 1892 53478000
1034 2152 53478000
2152 1034 53478000
1990 2120 53478000
437 1738 53564400
1738 437 53564400
1955 210 53564400
2110 210 53564400
210 2110 53564400
2107 1492 53564400
1990 126 53564400
450 2098 53564400
2144 1527 53564400
1527 2144 53564400
884 1682 53564400
2144 2061 53564400
2061 2144 53564400
874 681 53650800
1118 2153 53650800
1100 635 53650800
2107 210 53650800
210 2107 53650800
1304 1414 53650800
798 1944 53650800
2110 2126 53650800
2148 2126 53650800
1868 1961 53650800
1961 1868 53650800
1492 1414 53650800
635 1764 53650800
1764 635 53650800
831 490 53650800
490 831 53650800
1412 635 53650800
286 635 53650800
635 1412 53650800
635 286 53650800
2098 450 53650800
1438 1437 53650800
2012 185 53650800
635 0 53737200
0 635 53737200
2154 1738 53737200
1738 2154 53737200
1848 2024 53737200
2137 2024 53737200
2148 2024 53737200
2024 1848 53737200
2024 2137 53737200
1100 1452 53737200
2118 210 53737200
1718 1803 53737200
1803 1718 53737200
635 2135 53737200
831 256 53737200
256 831 53737200
2017 1961 53737200
1465 1961 53737200
1961 2017 53737200
1492 2107 53737200
2130 1821 53737200
2130 2155 53737200
2130 1855 53737200
1452 2107 53737200
2107 1452 53737200
2083 2085 53737200
2085 2083 53737200
2077 2156 53737200
2156 2077 53737200
18 1470 53823600
1803 17 53823600
17 1803 53823600
1842 1228 53823600
1228 1842 53823600
1990 210 53823600
1833 1304 53823600
1304 1833 53823600
1101 1803 53823600
1803 1101 53823600
2130 2126 53823600
1092 1910 53823600
1868 1910 53823600
2060 1910 53823600
1910 2060 53823600
1536 2078 53823600
185 2012 53823600
1885 1276 53823600
2136 2093 53823600
12 0 53910000
1492 0 53910000
2021 0 53910000
2157 0 53910000
0 12 53910000
0 1492 53910000
0 2157 53910000
445 2024 53910000
2024 445 53910000
1480 1933 53910000
1228 1869 53910000
445 2135 53910000
1492 62 53910000
1465 389 53910000
1101 189 53910000
189 1101 53910000
2078 1536 53910000
1718 2144 53910000
2144 1718 53910000
1955 219 53910000
2110 1323 53910000
1323 2110 53910000
2041 1754 53910000
1754 2041 53910000
2158 1693 53910000
1693 2158 53910000
2021 1738 53996400
1738 2021 53996400
185 2024 53996400
1856 1100 53996400
2153 1118 53996400
2141 2135 53996400
364 1227 53996400
1227 1273 53996400
1227 364 53996400
1227 1408 53996400
2148 1492 53996400
1492 2148 53996400
1868 1273 53996400
2078 1979 53996400
1979 2078 53996400
1100 18 54082800
90 0 54082800
0 90 54082800
765 2024 54082800
2110 2024 54082800
2024 765 54082800
2024 2110 54082800
229 1357 54082800
1 1480 54082800
1754 210 54082800
445 1547 54082800
1547 445 54082800
1580 1733 54082800
1733 1580 54082800
2137 445 54082800
1465 445 54082800
445 2093 54082800
445 2137 54082800
445 1465 54082800
1897 256 54082800
256 1897 54082800
2159 1961 54082800
1961 2159 54082800
2076 1594 54082800
2093 1464 54082800
2160 2015 54082800
2015 2160 54082800
2161 1963 54082800
1963 2161 54082800
1829 1580 54082800
2161 1580 54082800
1580 1829 54082800
1580 2161 54082800
2093 2162 54082800
2093 2136 54082800
2078 1914 54082800
1918 2110 54082800
2110 1918 54082800
1273 0 54169200
1856 1869 54169200
2157 1228 54169200
1228 2157 54169200
1304 2021 54169200
256 1547 54169200
1547 256 54169200
1594 2076 54169200
2163 2015 54169200
2159 636 54169200
636 2159 54169200
2162 2093 54169200
1914 333 54169200
1807 1971 54169200
1914 2078 54169200
1273 2024 54255600
2093 2 54255600
2 2093 54255600
2137 1803 54255600
2164 1803 54255600
1803 2137 54255600
1803 2164 54255600
2165 2135 54255600
2166 2126 54255600
2131 2159 54255600
2137 874 54342000
874 2137 54342000
1990 1803 54342000
1803 1990 54342000
1944 798 54342000
2167 28 54342000
2168 1518 54342000
1518 2168 54342000
1961 1188 54342000
636 2070 54342000
1514 1401 54342000
1401 1514 54342000
2119 2012 54342000
2169 137 54342000
137 2169 54342000
2159 2131 54342000
17 1408 54428400
2021 1304 54428400
1304 12 54428400
2165 2126 54428400
1911 2126 54428400
2130 43 54428400
43 2130 54428400
1092 2163 54428400
1948 105 54428400
2170 1188 54428400
1188 2170 54428400
2142 1823 54428400
1823 2142 54428400
2171 2061 54428400
2061 2171 54428400
2061 2158 54428400
2130 1979 54428400
1892 2 54514800
2 1892 54514800
2144 874 54514800
874 1437 54514800
1933 1856 54514800
1961 1856 54514800
635 1547 54514800
1733 1948 54514800
2135 1971 54514800
1961 1640 54514800
1640 1961 54514800
1823 1961 54514800
1961 1823 54514800
2151 2061 54514800
2061 2151 54514800
2159 2137 54514800
2137 2159 54514800
1935 1489 54514800
1935 1855 54514800
2118 2141 54514800
2171 2079 54514800
2172 1921 54514800
1921 2172 54514800
1990 1738 54601200
2021 2024 54601200
1435 2 54601200
2 1435 54601200
210 543 54601200
1438 1803 54601200
2061 1803 54601200
1803 2061 54601200
1971 2135 54601200
1754 1764 54601200
1764 1754 54601200
2173 2140 54601200
2118 2061 54601200
2061 2118 54601200
1559 1933 54601200
1933 1559 54601200
2012 2102 54601200
2173 2136 54601200
2136 2173 54601200
2016 18 54687600
18 2016 54687600
1228 1227 54687600
1100 1438 54687600
1803 1438 54687600
28 137 54687600
1518 1478 54687600
1961 256 54687600
256 1961 54687600
1933 1848 54687600
1754 2144 54687600
2144 1754 54687600
1489 1935 54687600
1921 2079 54687600
2174 2170 54687600
2170 2174 54687600
18 2175 54774000
2085 2024 54774000
2024 2085 54774000
635 210 54774000
1489 210 54774000
210 635 54774000
210 1489 54774000
2144 1733 54774000
1733 2144 54774000
2159 2135 54774000
1357 1594 54860400
1833 874 54860400
874 1833 54860400
1227 1228 54860400
1425 1803 54860400
1803 1425 54860400
2176 1527 54860400
1527 2176 54860400
2177 2140 54860400
2178 1748 54860400
1748 2178 54860400
1748 1783 54860400
1748 2179 54860400
1748 2180 54860400
2012 2179 54860400
2181 2144 54860400
2144 2181 54860400
2141 1689 54860400
2177 2182 54860400
2183 18 54946800
2184 1118 54946800
1118 2184 54946800
285 210 54946800
210 285 54946800
2082 1246 54946800
1536 1963 54946800
1963 1536 54946800
1963 2137 54946800
1848 1933 54946800
1820 1933 54946800
1821 2130 54946800
1821 2185 54946800
2107 1754 54946800
1754 2107 54946800
2129 2183 54946800
2183 2129 54946800
265 210 55033200
1833 2135 55033200
1653 2126 55033200
2163 1092 55033200
2186 2061 55033200
2061 2186 55033200
1933 2159 55033200
2185 1821 55033200
2129 1821 55033200
1821 2129 55033200
2187 2167 55033200
2167 2187 55033200
2022 2025 55033200
2025 2022 55033200
2184 1829 55033200
1829 2184 55033200
2184 2131 55033200
2131 2184 55033200
1823 1738 55119600
1738 1823 55119600
1738 1856 55119600
2188 2024 55119600
2024 2188 55119600
1821 2 55119600
2 1821 55119600
1699 1246 55119600
1930 2126 55119600
603 2126 55119600
90 2126 55119600
2118 490 55119600
490 1718 55119600
490 2118 55119600
2118 1580 55119600
2159 1933 55119600
1746 694 55119600
1966 1386 55119600
2164 2189 55119600
2189 2164 55119600
932 210 55206000
210 932 55206000
210 1753 55206000
2190 256 55206000
256 2190 55206000
1933 1492 55206000
1817 1764 55206000
2189 1910 55206000
1910 2189 55206000
1580 2118 55206000
2189 2079 55206000
2079 2189 55206000
18 2183 55292400
932 0 55292400
1438 1357 55292400
285 2 55292400
1654 2 55292400
1733 2 55292400
2 285 55292400
2 1733 55292400
874 2144 55292400
1753 210 55292400
1654 1803 55292400
1803 1654 55292400
1823 2126 55292400
1438 2126 55292400
437 831 55292400
831 437 55292400
1416 635 55292400
635 1416 55292400
7 2079 55292400
1753 543 55292400
543 1753 55292400
189 2191 55292400
1829 18 55378800
210 17 55378800
2073 874 55378800
874 1263 55378800
874 2073 55378800
1263 1228 55378800
1227 1100 55378800
1100 1227 55378800
404 210 55378800
603 210 55378800
2176 210 55378800
210 1754 55378800
210 404 55378800
210 603 55378800
210 2176 55378800
1489 1733 55378800
2129 2126 55378800
1276 1682 55378800
1682 1276 55378800
2167 2061 55378800
2061 2167 55378800
2118 2162 55378800
2162 2118 55378800
1807 2017 55378800
2176 2192 55378800
1654 2118 55378800
1738 2126 55465200
2191 2 55465200
2 2191 55465200
2187 874 55465200
874 2187 55465200
1764 210 55465200
210 1764 55465200
1304 2126 55465200
1803 2126 55465200
2135 2118 55465200
2135 1833 55465200
2135 2165 55465200
2135 2141 55465200
2135 445 55465200
2135 635 55465200
2191 28 55465200
28 2191 55465200
2193 2126 55465200
256 2126 55465200
2118 2187 55465200
2187 2118 55465200
2106 981 55465200
113 2141 55465200
2141 113 55465200
2184 2191 55465200
2191 2184 55465200
2024 2194 55551600
99 1357 55551600
2195 2 55551600
2 2195 55551600
2196 1803 55551600
2162 1803 55551600
1803 2196 55551600
1803 2162 55551600
2195 2135 55551600
2135 2195 55551600
450 2126 55551600
2079 7 55551600
1437 2144 55551600
1489 2079 55551600
2079 278 55551600
2151 2195 55551600
2197 2195 55551600
2195 2151 55551600
2195 2197 55551600
2079 2171 55551600
1227 1480 55638000
28 1100 55638000
1699 210 55638000
1559 210 55638000
2099 210 55638000
210 1699 55638000
210 1559 55638000
210 2099 55638000
46 1803 55638000
2102 1803 55638000
1803 46 55638000
1803 2102 55638000
1654 2135 55638000
28 1227 55638000
1640 1753 55638000
1910 1518 55638000
1654 2126 55638000
1868 2126 55638000
1647 2126 55638000
2188 1464 55638000
2118 1464 55638000
1464 2188 55638000
1464 2118 55638000
1188 1915 55638000
1401 2198 55638000
2017 1807 55638000
2199 2191 55638000
2191 2199 55638000
70 0 55724400
0 70 55724400
1452 1357 55724400
1856 1452 55724400
1491 1803 55724400
1803 2055 55724400
1803 1491 55724400
2135 364 55724400
1518 1910 55724400
1452 2126 55724400
2200 2015 55724400
2015 2163 55724400
2201 2200 55724400
1386 2200 55724400
2200 2201 55724400
2200 1386 55724400
2079 1804 55724400
1452 2118 55724400
389 0 55810800
0 389 55810800
90 2024 55810800
2024 90 55810800
1100 2202 55810800
1547 1597 55810800
2041 2126 55810800
2190 1651 55810800
1651 2190 55810800
1647 1910 55810800
460 389 55810800
389 460 55810800
2184 2061 55810800
2061 2184 55810800
2144 2162 55810800
2162 2144 55810800
2203 1933 55810800
2144 740 55810800
2204 404 55810800
2205 2203 55810800
2203 2205 55810800
1848 1738 55897200
1738 1848 55897200
1738 2206 55897200
1118 2200 55897200
1597 1547 55897200
2197 2126 55897200
1910 1647 55897200
389 1401 55897200
2207 1933 55897200
1933 2207 55897200
740 2144 55897200
2208 2144 55897200
2144 2208 55897200
2030 1738 55983600
1291 1480 55983600
114 210 55983600
256 2135 55983600
2135 256 55983600
2135 2159 55983600
2187 445 55983600
543 445 55983600
445 2126 55983600
445 2187 55983600
445 543 55983600
2070 256 55983600
256 2070 55983600
635 831 55983600
831 635 55983600
1401 389 55983600
460 635 55983600
635 460 55983600
2209 543 55983600
2210 543 55983600
543 2209 55983600
543 2210 55983600
1979 2140 55983600
460 1998 55983600
2211 311 55983600
311 2211 55983600
2203 603 55983600
603 2203 55983600
2210 2209 55983600
2209 2210 55983600
18 2212 56070000
1617 2024 56070000
2213 2024 56070000
2208 2024 56070000
2024 2213 56070000
2024 1617 56070000
2024 2208 56070000
1357 2214 56070000
2070 2 56070000
2 2070 56070000
1118 1221 56070000
2137 210 56070000
210 1571 56070000
1963 1304 56070000
2215 28 56070000
28 2215 56070000
460 2126 56070000
2212 1961 56070000
1961 2212 56070000
1961 2205 56070000
1933 1764 56070000
2144 2070 56070000
932 2216 56070000
1653 389 56070000
389 1465 56070000
389 1653 56070000
2217 1894 56070000
1894 2217 56070000
70 2216 56070000
404 2204 56070000
2092 2216 56070000
2218 18 56156400
2135 18 56156400
2214 1357 56156400
1357 1729 56156400
1304 2 56156400
2 1304 56156400
460 874 56156400
1480 2216 56156400
635 1304 56156400
256 1304 56156400
1304 256 56156400
1547 1729 56156400
2218 2135 56156400
2135 2218 56156400
27 2216 56156400
1910 2216 56156400
62 1990 56156400
2219 2061 56156400
1465 1933 56156400
1933 1465 56156400
1933 1990 56156400
2147 553 56156400
553 2147 56156400
169 2216 56156400
2180 2216 56156400
1979 1990 56156400
2030 1532 56156400
235 44 56156400
0 2216 56242800
1464 17 56242800
17 1464 56242800
2220 1738 56242800
1738 2220 56242800
1597 1100 56242800
1792 1100 56242800
1100 1792 56242800
1438 1304 56242800
2221 2135 56242800
2135 2221 56242800
1464 1640 56242800
1640 1464 56242800
2222 2126 56242800
1492 2061 56242800
1438 389 56242800
389 1514 56242800
1595 1963 56242800
1963 1595 56242800
5 2216 56242800
1438 364 56242800
1438 1792 56242800
1807 1580 56242800
1580 1807 56242800
2198 1401 56242800
1792 1933 56242800
2030 1998 56242800
18 389 56329200
2175 17 56329200
17 2175 56329200
1118 2223 56329200
2224 1304 56329200
1304 2224 56329200
1464 1547 56329200
1547 1464 56329200
1492 2126 56329200
1464 2126 56329200
2208 2126 56329200
1414 1961 56329200
1464 1961 56329200
1948 1961 56329200
1961 1464 56329200
1961 1948 56329200
1718 1764 56329200
1764 1718 56329200
924 1273 56329200
1681 1464 56329200
1464 1681 56329200
1514 389 56329200
2225 2188 56329200
2188 2225 56329200
1935 99 56329200
286 2144 56329200
892 2226 56329200
1979 2227 56329200
2118 2228 56329200
2228 2118 56329200
2229 2207 56329200
2207 2229 56329200
0 543 56415600
2017 1738 56415600
1738 2017 56415600
12 1100 56415600
1100 12 56415600
1935 210 56415600
1273 924 56415600
389 1438 56415600
364 1438 56415600
1414 1748 56415600
2230 1933 56415600
1933 2230 56415600
2226 892 56415600
2227 1979 56415600
18 2218 56502000
0 2229 56502000
0 2207 56502000
2156 1738 56502000
1738 2156 56502000
1961 2135 56502000
2135 1961 56502000
2135 2126 56502000
1829 389 56502000
389 1829 56502000
2137 121 56502000
121 2137 56502000
2061 2219 56502000
1991 1933 56502000
2231 1623 56502000
1623 2231 56502000
2118 2232 56502000
2232 2118 56502000
2233 18 56588400
1118 2234 56588400
364 1547 56588400
1547 364 56588400
1246 2118 56588400
2233 1518 56588400
2188 2126 56588400
2061 2070 56588400
2235 2070 56588400
2070 2235 56588400
1464 2234 56588400
1597 2025 56588400
1597 167 56588400
2020 2015 56588400
286 1933 56588400
1933 286 56588400
1979 2236 56588400
1974 1746 56588400
2020 1746 56588400
1746 1974 56588400
2019 1465 56588400
1465 2019 56588400
18 2237 56674800
18 2238 56674800
2239 1738 56674800
1738 2239 56674800
2240 1357 56674800
1357 2240 56674800
1263 1597 56674800
210 2015 56674800
12 103 56674800
1452 2070 56674800
2070 2144 56674800
1412 389 56674800
99 1682 56674800
2241 167 56674800
167 2241 56674800
2214 1933 56674800
1933 2214 56674800
2236 1979 56674800
364 17 56761200
17 364 56761200
103 12 56761200
121 256 56761200
2188 256 56761200
256 121 56761200
256 2188 56761200
1489 1948 56761200
1948 1894 56761200
1948 1489 56761200
1489 1894 56761200
2241 1894 56761200
1894 2241 56761200
121 2188 56761200
2188 121 56761200
2242 121 56761200
121 2242 56761200
953 1933 56761200
1933 953 56761200
248 2012 56761200
99 1935 56761200
2085 1489 56761200
1489 2085 56761200
2243 1365 56761200
1365 2243 56761200
2244 2241 56761200
2241 2244 56761200
2245 2231 56761200
2231 2245 56761200
1833 2 56847600
2 1833 56847600
189 874 56847600
874 2126 56847600
389 12 56847600
1580 2126 56847600
2144 2126 56847600
389 2126 56847600
1597 1291 56847600
1597 1452 56847600
460 189 56847600
189 460 56847600
2118 460 56847600
460 2118 56847600
1933 1437 56847600
1623 99 56847600
99 1623 56847600
1437 1291 56847600
2212 2067 56847600
2067 2212 56847600
2238 18 56934000
18 2246 56934000
1263 1291 56934000
1803 1764 56934000
1930 1733 56934000
1733 1930 56934000
12 389 56934000
2189 2126 56934000
2247 1092 56934000
474 1580 56934000
1580 474 56934000
2247 2061 56934000
2061 2247 56934000
1623 1291 56934000
1465 1291 56934000
2189 613 56934000
613 2189 56934000
613 2212 56934000
2242 2170 56934000
2170 2242 56934000
18 2248 57020400
2206 1738 57020400
1930 210 57020400
210 2137 57020400
210 1930 57020400
2188 1640 57020400
1640 2188 57020400
2212 256 57020400
256 2212 57020400
2149 2015 57020400
1792 1438 57020400
2061 1291 57020400
1935 1748 57020400
2189 2144 57020400
2144 1930 57020400
2144 2189 57020400
1935 2111 57020400
2103 1291 57020400
2073 2122 57020400
2248 18 57106800
1935 0 57106800
0 1935 57106800
1518 1357 57106800
1357 1518 57106800
2129 1803 57106800
1803 2129 57106800
1412 1640 57106800
1640 1412 57106800
2021 2126 57106800
2241 256 57106800
256 2241 57106800
1961 1990 57106800
1412 831 57106800
831 1412 57106800
2227 1652 57106800
1652 2227 57106800
1492 1738 57193200
256 1738 57193200
1738 256 57193200
2202 1100 57193200
210 1492 57193200
2167 2135 57193200
2135 2167 57193200
2249 2015 57193200
2015 2249 57193200
2250 2140 57193200
153 2131 57193200
2131 153 57193200
2251 18 57279600
460 1738 57279600
1795 1738 57279600
1738 460 57279600
1738 1795 57279600
2144 2024 57279600
1480 2112 57279600
1263 151 57279600
1304 2144 57279600
2249 1961 57279600
1489 1597 57279600
90 1597 57279600
1597 1489 57279600
1597 90 57279600
2189 460 57279600
460 2189 57279600
2252 2167 57279600
2189 2167 57279600
2167 2252 57279600
2167 2189 57279600
18 2253 57366000
18 2254 57366000
18 2251 57366000
17 2188 57366000
2148 1738 57366000
1738 2148 57366000
2112 1480 57366000
2135 114 57366000
114 2135 57366000
1807 543 57366000
543 1807 57366000
2112 2012 57366000
2227 2200 57366000
2200 2227 57366000
2255 2167 57366000
2167 2255 57366000
2231 603 57366000
603 2231 57366000
2256 1738 57452400
1738 2256 57452400
210 874 57452400
210 1682 57452400
2162 1961 57452400
5 1291 57452400
1821 1933 57452400
1933 1821 57452400
1968 745 57452400
745 1968 57452400
2125 2111 57452400
1821 18 57538800
18 1821 57538800
18 2257 57538800
17 2258 57538800
1811 1738 57538800
543 210 57538800
1412 1764 57538800
1764 1412 57538800
2189 2188 57538800
2188 2189 57538800
98 1291 57538800
2259 1933 57538800
1933 2259 57538800
2189 1681 57538800
1681 2189 57538800
2189 1926 57538800
235 1291 57538800
11 18 57625200
2098 210 57625200
2260 1803 57625200
1803 2260 57625200
1273 1640 57625200
1640 2261 57625200
1640 1273 57625200
1961 2139 57625200
1915 1823 57625200
1823 1915 57625200
2098 2144 57625200
2144 2098 57625200
11 1291 57625200
1926 2189 57625200
2129 2098 57625200
2098 2129 57625200
1951 1291 57625200
2 618 57711600
1304 1934 57711600
2262 1803 57711600
1803 2262 57711600
1733 1438 57711600
2189 2135 57711600
2135 2189 57711600
2139 1961 57711600
1764 1933 57711600
364 5 57711600
1933 99 57711600
151 1276 57711600
2263 1915 57711600
151 161 57711600
1821 737 57711600
1821 2262 57711600
1632 1807 57711600
1807 1632 57711600
151 756 57711600
1632 1291 57711600
2048 618 57711600
2251 2189 57711600
2189 2251 57711600
1750 2048 57711600
2112 1291 57711600
2264 2 57798000
2265 2 57798000
618 2 57798000
2 2264 57798000
2 2265 57798000
445 210 57798000
2203 210 57798000
210 2203 57798000
210 445 57798000
2251 1803 57798000
1803 2251 57798000
1438 1733 57798000
2261 1640 57798000
2260 445 57798000
2266 445 57798000
2227 445 57798000
445 2260 57798000
445 2266 57798000
445 2227 57798000
2267 1961 57798000
2227 1961 57798000
1961 2227 57798000
1961 2267 57798000
2167 2070 57798000
364 1452 57798000
2118 2207 57798000
2118 2229 57798000
2129 1452 57798000
2257 18 57884400
1961 874 57884400
1821 874 57884400
874 1961 57884400
874 1699 57884400
874 1291 57884400
150 1803 57884400
1803 150 57884400
12 2223 57884400
2227 1518 57884400
1518 2227 57884400
273 2126 57884400
6 1276 57884400
6 135 57884400
6 87 57884400
6 155 57884400
6 22 57884400
6 10 57884400
6 5 57884400
6 94 57884400
6 62 57884400
6 113 57884400
2227 1438 57884400
1438 2227 57884400
1821 2188 57884400
2188 1821 57884400
137 2144 57884400
2144 137 57884400
2267 2263 57884400
2255 46 57884400
1821 2268 57884400
1489 1291 57884400
1595 1915 57884400
2268 18 57970800
1464 18 57970800
18 2268 57970800
18 1464 57970800
2098 17 57970800
17 2098 57970800
445 2269 57970800
2131 2012 57970800
2034 2012 57970800
1304 17 58057200
1915 1738 58057200
2238 2024 58057200
1304 1228 58057200
2144 1304 58057200
1304 14 58057200
1304 219 58057200
1304 1492 58057200
618 1733 58057200
1733 618 58057200
1273 1227 58057200
1764 2033 58057200
1764 1291 58057200
2188 2070 58057200
2070 2188 58057200
2070 2209 58057200
1915 1699 58057200
451 2216 58057200
1915 1188 58057200
1706 1580 58057200
1580 1706 58057200
1915 1571 58057200
1276 2048 58057200
1915 2263 58057200
2261 1935 58057200
1935 2261 58057200
618 1465 58057200
1465 618 58057200
2266 618 58057200
618 2266 58057200
2129 2189 58057200
2189 2129 58057200
2267 2266 58057200
2266 2267 58057200
1915 2128 58057200
2203 1738 58143600
1738 2203 58143600
1580 2024 58143600
2024 1580 58143600
1580 2 58143600
2 1580 58143600
2 1654 58143600
1246 1291 58143600
1665 2135 58143600
2135 1665 58143600
2135 1654 58143600
1518 2152 58143600
543 2126 58143600
2270 1092 58143600
1092 2270 58143600
1273 1291 58143600
2122 2015 58143600
2015 2122 58143600
1792 490 58143600
490 1792 58143600
2271 1910 58143600
1910 2271 58143600
2270 1742 58143600
99 1933 58143600
2021 1933 58143600
1933 2021 58143600
2272 1935 58143600
1935 2272 58143600
737 1291 58143600
2273 2266 58143600
17 1229 58230000
1738 1452 58230000
1357 1915 58230000
2179 1480 58230000
1480 2179 58230000
2015 210 58230000
2274 445 58230000
445 2274 58230000
2268 543 58230000
543 2268 58230000
543 1452 58230000
2275 1580 58230000
2268 1580 58230000
1580 2275 58230000
1580 2268 58230000
2179 1748 58230000
1933 2203 58230000
2179 2012 58230000
2276 2263 58230000
2263 1722 58230000
2263 2257 58230000
2263 2267 58230000
235 2079 58230000
2079 235 58230000
2277 18 58316400
18 2277 58316400
2260 2024 58316400
2024 2260 58316400
450 2 58316400
2277 2 58316400
389 2 58316400
2 450 58316400
2 2277 58316400
2 389 58316400
1803 210 58316400
210 1803 58316400
210 2126 58316400
2227 1733 58316400
1733 2227 58316400
2276 445 58316400
445 2276 58316400
2277 1963 58316400
1963 2277 58316400
1933 1991 58316400
2257 2263 58316400
2278 1783 58316400
1783 2278 58316400
18 2279 58402800
18 2280 58402800
2281 1492 58402800
1492 2281 58402800
2255 1933 58402800
1933 2255 58402800
1276 1915 58402800
1858 2106 58402800
1738 2282 58489200
1738 2283 58489200
1738 2284 58489200
1304 787 58489200
1304 1276 58489200
1304 2130 58489200
1304 445 58489200
1304 1961 58489200
1304 2276 58489200
1304 1915 58489200
1304 1691 58489200
1304 2283 58489200
1304 2284 58489200
2285 1733 58489200
2188 1733 58489200
2286 1733 58489200
1733 2188 58489200
1733 2286 58489200
1733 2285 58489200
2276 1961 58489200
1961 2287 58489200
1961 2282 58489200
1961 2276 58489200
1961 2283 58489200
1961 2284 58489200
1588 2288 58489200
2286 2285 58489200
2285 2286 58489200
2276 2287 58489200
2284 2283 58489200
2276 2283 58489200
2283 2276 58489200
2283 2284 58489200
2283 2282 58489200
2284 2282 58489200
2284 2276 58489200
1551 18 58575600
18 2289 58575600
2290 1738 58575600
2070 1738 58575600
1738 2290 58575600
874 2 58575600
2070 62 58575600
1273 1742 58575600
2281 2280 58575600
1748 1291 58575600
1933 2280 58575600
2285 2012 58575600
2288 1588 58575600
2291 18 58662000
18 2291 58662000
151 0 58662000
1791 2 58662000
2292 2 58662000
2 1817 58662000
2 1791 58662000
2 2292 58662000
1304 1291 58662000
1547 1915 58662000
1733 2062 58662000
1968 1518 58662000
1935 2126 58662000
62 2070 58662000
64 1291 58662000
1276 2293 58662000
618 1817 58662000
1817 618 58662000
151 248 58662000
2059 18 58748400
13 18 58748400
18 13 58748400
1738 2294 58748400
1738 2276 58748400
1738 2295 58748400
1738 2296 58748400
2297 2024 58748400
2024 2297 58748400
1941 874 58748400
1941 1100 58748400
1304 1273 58748400
1941 2298 58748400
2062 1733 58748400
1733 2175 58748400
1640 2175 58748400
445 2049 58748400
1718 2126 58748400
1961 2294 58748400
1961 2295 58748400
1961 2296 58748400
1941 1910 58748400
2148 1948 58748400
1948 2148 58748400
1941 1527 58748400
2106 1868 58748400
1868 2106 58748400
2263 2276 58748400
2148 2167 58748400
2189 1489 58748400
1489 2189 58748400
1966 2079 58748400
2276 2296 58748400
2295 2296 58748400
2296 2295 58748400
2296 2294 58748400
2276 2294 58748400
2295 2294 58748400
2276 2295 58748400
1945 2024 58834800
364 1263 58834800
1263 364 58834800
1263 1437 58834800
2299 28 58834800
28 2299 58834800
1518 1968 58834800
2300 2301 58834800
2049 2301 58834800
2301 2300 58834800
2167 1291 58834800
2167 1990 58834800
2266 2273 58834800
2263 18 58921200
2175 18 58921200
18 2263 58921200
2302 2303 58921200
1652 2303 58921200
2189 2303 58921200
2303 2302 58921200
2303 1652 58921200
2303 2189 58921200
2188 17 58921200
2285 1738 58921200
2304 1738 58921200
2305 1738 58921200
1738 2285 58921200
1738 2305 58921200
2024 2299 58921200
2200 1118 58921200
2189 1803 58921200
1803 2189 58921200
2175 1640 58921200
1518 2078 58921200
2167 2126 58921200
1961 2286 58921200
2301 2280 58921200
2062 2306 58921200
2304 265 58921200
265 2304 58921200
1723 1652 58921200
1652 1723 58921200
1933 2307 58921200
2167 2085 58921200
64 0 59007600
1738 2024 59007600
1738 2304 59007600
2261 2024 59007600
1682 210 59007600
1933 1547 59007600
2061 1547 59007600
1547 2061 59007600
1905 1803 59007600
1803 1905 59007600
1518 1877 59007600
2308 827 59007600
2309 1933 59007600
2208 1933 59007600
1933 2309 59007600
1933 2208 59007600
2129 1291 59007600
1933 0 59094000
1263 1357 59094000
1263 219 59094000
1263 566 59094000
1246 1905 59094000
1961 2304 59094000
1868 1933 59094000
1933 1868 59094000
1681 1323 59094000
1323 1681 59094000
2310 18 59180400
1357 1452 59180400
2061 28 59180400
1742 1273 59180400
90 831 59180400
2157 2061 59180400
1688 1933 59180400
1933 1688 59180400
2311 2310 59180400
2310 2311 59180400
2079 18 59266800
18 2079 59266800
2024 2312 59266800
1518 2313 59266800
2301 1933 59266800
1699 1291 59266800
2079 2061 59266800
2061 2079 59266800
397 2012 59266800
2143 150 59266800
150 2143 59266800
2314 2151 59266800
2151 2314 59266800
18 2015 59353200
2315 1738 59353200
2316 1738 59353200
2317 1738 59353200
1738 62 59353200
1738 1718 59353200
1738 2317 59353200
1738 1729 59353200
2318 2024 59353200
2024 2318 59353200
62 1357 59353200
2316 874 59353200
2315 1856 59353200
2319 1856 59353200
1452 1856 59353200
1263 1237 59353200
2315 1100 59353200
1304 105 59353200
1304 1452 59353200
1547 1452 59353200
2135 62 59353200
2135 2319 59353200
2135 2315 59353200
2135 2316 59353200
2049 445 59353200
446 1597 59353200
2313 1518 59353200
2301 2049 59353200
2315 2070 59353200
2316 2070 59353200
2313 1910 59353200
1452 62 59353200
2316 62 59353200
2315 62 59353200
2319 62 59353200
62 2316 59353200
62 2315 59353200
62 2319 59353200
62 1452 59353200
1452 364 59353200
2316 364 59353200
2315 364 59353200
2142 2061 59353200
2316 2061 59353200
2315 2061 59353200
2319 2061 59353200
1452 2061 59353200
2061 2142 59353200
2315 1933 59353200
1868 1237 59353200
2263 150 59353200
1452 1983 59353200
1983 1452 59353200
2079 2111 59353200
2277 1465 59353200
1465 2277 59353200
2319 2320 59353200
2320 2319 59353200
2321 2198 59353200
2198 2321 59353200
2317 1452 59353200
2315 2319 59353200
2316 2319 59353200
1452 2319 59353200
2319 1452 59353200
2319 2315 59353200
2316 2315 59353200
1452 2315 59353200
2315 1452 59353200
2315 2316 59353200
2315 2129 59353200
1452 2316 59353200
2316 1452 59353200
2316 2129 59353200
1452 2129 59353200
18 2322 59439600
1304 1357 59439600
2061 1856 59439600
1803 114 59439600
114 1803 59439600
1304 1227 59439600
1933 2135 59439600
2049 2135 59439600
2135 2049 59439600
2157 2070 59439600
2070 2157 59439600
1633 2099 59439600
2061 2315 59439600
2061 2316 59439600
2061 2319 59439600
2061 1452 59439600
1933 2256 59439600
1722 2263 59439600
2323 2263 59439600
2263 2323 59439600
2079 1489 59439600
1729 2024 59526000
2079 2 59526000
2 2079 59526000
874 28 59526000
1100 2079 59526000
2324 1803 59526000
1792 2135 59526000
2255 2135 59526000
2135 1792 59526000
2135 2255 59526000
2079 2126 59526000
1961 2256 59526000
2061 2308 59526000
2308 2061 59526000
2042 2015 59526000
2079 2281 59526000
2281 2079 59526000
2061 409 59526000
2061 2325 59526000
2079 2162 59526000
2162 2079 59526000
2261 2263 59526000
2263 2261 59526000
1819 2323 59526000
18 2326 59612400
1198 2024 59612400
2024 1198 59612400
1357 2327 59612400
1263 1856 59612400
1856 1237 59612400
1438 1263 59612400
1263 27 59612400
1263 371 59612400
1263 1438 59612400
1263 1547 59612400
1263 1868 59612400
1263 29 59612400
1571 210 59612400
210 2135 59612400
210 389 59612400
210 220 59612400
1304 1438 59612400
2235 1803 59612400
2019 1733 59612400
1733 2019 59612400
1930 2135 59612400
2269 445 59612400
1968 1910 59612400
2061 153 59612400
2019 1795 59612400
2323 1819 59612400
2328 0 59698800
1733 874 59698800
2329 2126 59698800
2118 2126 59698800
2328 2126 59698800
1961 1996 59698800
2301 150 59698800
1536 1819 59698800
2235 1933 59698800
1412 1933 59698800
1933 2235 59698800
1933 1412 59698800
2266 2329 59698800
2329 2266 59698800
2330 18 59785200
18 2330 59785200
18 2274 59785200
18 2310 59785200
1640 2024 59785200
1733 2024 59785200
1733 2131 59785200
1489 2126 59785200
2070 1821 59785200
2131 1910 59785200
2331 1933 59785200
1365 1933 59785200
1933 2331 59785200
1966 2012 59785200
2122 2073 59785200
1100 2126 59871600
1933 1733 59871600
2131 1733 59871600
1273 2126 59871600
1817 2281 59871600
2281 1817 59871600
2144 1467 59871600
1681 2263 59871600
2263 1681 59871600
2103 1900 59871600
1738 2261 59958000
2312 2024 59958000
1100 1699 59958000
1803 2324 59958000
1892 1733 59958000
1733 1892 59958000
437 2126 59958000
1821 2070 59958000
2332 2333 59958000
2333 2332 59958000
1933 2315 59958000
1933 1452 59958000
1933 2316 59958000
1933 2319 59958000
2131 1437 59958000
2274 18 60044400
874 1750 60044400
2070 210 60044400
1304 2334 60044400
2335 2135 60044400
2135 2335 60044400
1933 2126 60044400
2335 2301 60044400
2301 2335 60044400
1933 2308 60044400
1183 2308 60044400
2308 1183 60044400
2308 499 60044400
2308 2336 60044400
2310 432 60044400
432 2310 60044400
364 62 60044400
2337 2333 60044400
2333 2337 60044400
1565 1933 60044400
1933 1565 60044400
2178 2012 60044400
2142 1323 60044400
1323 2142 60044400
18 1551 60130800
2333 874 60130800
874 2333 60130800
1733 1803 60130800
1803 2261 60130800
1803 1733 60130800
460 1733 60130800
2338 1733 60130800
1733 2338 60130800
2333 2135 60130800
2135 2333 60130800
445 2335 60130800
499 2308 60130800
2308 1933 60130800
1933 1438 60130800
2333 1438 60130800
1438 1933 60130800
1438 2333 60130800
2338 2188 60130800
2188 2338 60130800
2339 2333 60130800
2277 2333 60130800
2333 2339 60130800
2333 2335 60130800
2333 2277 60130800
1933 1970 60130800
2050 2012 60130800
745 2125 60130800
2340 1738 60217200
2 2126 60217200
2328 1640 60217200
1640 2328 60217200
1412 2126 60217200
2341 1273 60217200
1273 2341 60217200
1597 1237 60217200
2306 1237 60217200
1776 90 60217200
90 1776 60217200
1438 2335 60217200
1933 1580 60217200
1580 1933 60217200
2263 1933 60217200
1177 1933 60217200
2263 2089 60217200
1177 50 60217200
2334 2342 60217200
2342 2334 60217200
2343 150 60217200
150 2343 60217200
2340 922 60303600
2135 922 60303600
922 2126 60303600
922 2135 60303600
922 2340 60303600
2325 2 60303600
2142 2 60303600
2 2325 60303600
2 2142 60303600
389 1733 60303600
1733 389 60303600
490 2126 60303600
2070 636 60303600
2070 2167 60303600
2268 2344 60303600
2344 2268 60303600
2345 1933 60303600
2012 2050 60303600
1489 2167 60303600
2167 1489 60303600
1892 1177 60303600
1177 1892 60303600
2281 18 60390000
2237 18 60390000
18 2281 60390000
2070 0 60390000
2332 0 60390000
27 922 60390000
922 27 60390000
1738 2340 60390000
2102 1480 60390000
2346 2126 60390000
1227 1753 60390000
2237 2344 60390000
2344 2237 60390000
1765 1438 60390000
1438 1765 60390000
1765 1536 60390000
1536 1765 60390000
1970 1933 60390000
2019 1933 60390000
1933 2019 60390000
2102 2012 60390000
2347 1765 60390000
1765 2347 60390000
1765 2340 60390000
2194 2340 60390000
780 1237 60390000
18 2139 60476400
2348 1738 60476400
1738 2349 60476400
1738 2348 60476400
2346 874 60476400
874 2346 60476400
1647 1227 60476400
1227 1647 60476400
1465 2070 60476400
2070 1465 60476400
1765 2308 60476400
2308 1765 60476400
389 932 60476400
932 389 60476400
1933 2263 60476400
945 1647 60476400
1647 945 60476400
2350 2323 60476400
2323 2350 60476400
2070 2024 60562800
2351 2024 60562800
1177 2024 60562800
153 2024 60562800
2024 2351 60562800
2024 1177 60562800
2024 153 60562800
874 10 60562800
2346 114 60562800
114 2346 60562800
2070 2061 60562800
2352 2308 60562800
2308 2352 60562800
1910 1968 60562800
1910 2313 60562800
2306 2062 60562800
2341 265 60562800
265 2341 60562800
2353 2131 60562800
2131 2353 60562800
2354 18 60649200
2355 18 60649200
2308 18 60649200
18 2354 60649200
18 2356 60649200
18 2357 60649200
18 2308 60649200
2358 2024 60649200
2024 2358 60649200
1597 114 60649200
114 1597 60649200
1304 1237 60649200
2188 2135 60649200
2135 2188 60649200
2359 28 60649200
28 2359 60649200
2355 2301 60649200
2301 2355 60649200
2360 2308 60649200
2361 2308 60649200
2362 2308 60649200
2363 2308 60649200
2364 2308 60649200
2308 2361 60649200
2308 2360 60649200
2308 2362 60649200
2308 2364 60649200
2308 2363 60649200
2306 2193 60649200
460 2188 60649200
1412 2188 60649200
2299 2188 60649200
2188 2299 60649200
2188 460 60649200
2188 1412 60649200
1742 2270 60649200
2333 460 60649200
460 2333 60649200
2137 2333 60649200
2365 2333 60649200
2333 2137 60649200
2333 2366 60649200
2333 2365 60649200
1817 1933 60649200
1933 1817 60649200
150 2263 60649200
2347 1817 60649200
1817 2347 60649200
2367 2137 60649200
2137 2367 60649200
2368 2343 60649200
2343 2368 60649200
1951 1237 60649200
2364 2369 60649200
2359 2370 60649200
2370 2359 60649200
18 2371 60735600
1640 777 60735600
2367 2308 60735600
2308 2367 60735600
2328 2061 60735600
2061 2328 60735600
2359 1933 60735600
2332 2238 60735600
2356 18 60822000
2372 18 60822000
2366 18 60822000
18 2372 60822000
18 2366 60822000
2263 1738 60822000
1738 2263 60822000
2024 1729 60822000
2365 445 60822000
445 2365 60822000
2373 1933 60822000
1933 2373 60822000
2367 2263 60822000
2263 2367 60822000
2366 2367 60822000
2367 2366 60822000
13 2374 60822000
2122 2078 60822000
2335 18 60908400
17 625 60908400
1571 2024 60908400
2341 2024 60908400
780 1357 60908400
1357 780 60908400
2372 874 60908400
874 2372 60908400
114 2375 60908400
1183 2135 60908400
2135 1183 60908400
1961 2106 60908400
2376 2344 60908400
2344 2376 60908400
1933 2281 60908400
2281 1902 60908400
2281 1933 60908400
2367 1933 60908400
1933 2377 60908400
1653 2367 60908400
2367 1653 60908400
780 1291 60908400
18 2335 60994800
2359 1738 60994800
780 1304 60994800
1933 445 60994800
2344 445 60994800
445 1933 60994800
445 2344 60994800
2352 2301 60994800
2301 2352 60994800
2359 2070 60994800
2070 2359 60994800
1580 2162 60994800
2251 1742 60994800
1742 2251 60994800
2366 2333 60994800
2378 1652 60994800
1652 2378 60994800
1933 2359 60994800
67 2359 60994800
2366 2379 60994800
2359 2380 60994800
2380 2359 60994800
2369 2364 60994800
2289 18 61081200
18 2355 61081200
922 2381 61081200
2365 1803 61081200
1803 2365 61081200
1652 1246 61081200
2263 1640 61081200
1492 1652 61081200
2099 1633 61081200
1933 1699 61081200
1933 1963 61081200
2381 139 61081200
2333 1536 61081200
1536 2333 61081200
1652 1753 61081200
1933 2162 61081200
2162 1933 61081200
2377 1933 61081200
2382 2106 61081200
2106 2382 61081200
2379 2366 61081200
2374 13 61081200
2289 2364 61081200
2364 2289 61081200
2371 18 61167600
2164 922 61167600
922 2164 61167600
1738 2359 61167600
2062 874 61167600
874 2062 61167600
2383 1856 61167600
2384 1856 61167600
2378 2301 61167600
2368 2301 61167600
2301 2378 61167600
2367 1464 61167600
1464 2367 61167600
2335 2333 61167600
1945 2333 61167600
2333 1945 61167600
2368 1933 61167600
1868 1750 61167600
2349 2327 61167600
2349 2295 61167600
2373 2385 61167600
2118 1452 61167600
2386 18 61254000
2174 18 61254000
18 2386 61254000
18 2174 61254000
2255 2024 61254000
2024 2255 61254000
1665 1803 61254000
1803 1665 61254000
2387 2308 61254000
2308 2387 61254000
2281 2344 61254000
1933 2388 61254000
2142 2106 61254000
2106 2142 61254000
2385 2373 61254000
18 2389 61340400
2390 1856 61340400
1803 1246 61340400
2391 2135 61340400
2135 2391 61340400
2381 28 61340400
1933 2367 61340400
2263 1632 61340400
2118 546 61340400
2389 18 61426800
2306 17 61426800
17 2306 61426800
874 2306 61426800
1894 2306 61426800
2368 2365 61426800
2365 2368 61426800
2118 1570 61426800
2118 131 61426800
2118 647 61426800
2118 296 61426800
698 1291 61426800
1221 1118 61513200
2306 2126 61513200
2106 1961 61513200
1921 2341 61513200
1595 2341 61513200
2341 1595 61513200
2341 1538 61513200
2118 1414 61513200
1414 2118 61513200
62 1200 61513200
2392 1652 61513200
1652 2392 61513200
2365 2310 61513200
18 2306 61599600
2298 1480 61599600
1304 780 61599600
1632 2298 61599600
2298 1941 61599600
2298 2135 61599600
2393 2135 61599600
2135 2393 61599600
1961 445 61599600
445 1961 61599600
1580 1961 61599600
1961 1580 61599600
2301 2394 61599600
1933 695 61599600
1632 2263 61599600
2118 695 61599600
2118 297 61599600
2389 2381 61599600
2381 2389 61599600
2341 874 61686000
874 2341 61686000
2395 1856 61686000
2396 1856 61686000
1480 2298 61686000
1246 1699 61686000
446 1237 61686000
1961 2162 61686000
2397 2301 61686000
2301 2397 61686000
2368 2398 61686000
2398 2368 61686000
2310 2365 61686000
2399 2400 61686000
2268 2400 61686000
2400 2399 61686000
2400 2268 61686000
874 2365 61772400
2401 1856 61772400
2402 1856 61772400
1188 1547 61772400
2135 2298 61772400
1580 1640 61772400
1633 2403 61772400
1889 1597 61772400
1597 1889 61772400
2118 111 61772400
1188 1702 61772400
2380 1933 61772400
1933 2400 61772400
1933 2380 61772400
2403 546 61772400
2346 2400 61772400
1706 2400 61772400
2380 2400 61772400
2400 2346 61772400
2400 1706 61772400
2400 2380 61772400
1900 2103 61772400
2404 2381 61772400
2381 2404 61772400
2195 1856 61858800
2405 1856 61858800
2406 210 61858800
28 1547 61858800
1803 2235 61858800
2135 1930 61858800
2135 2365 61858800
28 37 61858800
28 2381 61858800
1518 2403 61858800
2365 2398 61858800
2398 2365 61858800
2118 544 61858800
2400 2403 61858800
2118 568 61858800
1559 1738 61945200
1738 1559 61945200
1856 1291 61945200
210 2406 61945200
2403 1518 61945200
2365 450 61945200
450 2365 61945200
2344 2281 61945200
2241 1933 61945200
2400 1933 61945200
1933 1934 61945200
1933 2241 61945200
2407 2175 61945200
2405 2175 61945200
2175 2407 61945200
2175 2405 61945200
150 1177 61945200
150 2408 61945200
1847 2403 61945200
2403 1847 61945200
2118 2368 61945200
2368 2118 61945200
210 1718 62031600
2403 28 62031600
28 2403 62031600
1713 446 62031600
2406 1961 62031600
2301 2409 62031600
1580 831 62031600
1699 2388 62031600
389 2348 62031600
1632 1580 62031600
1817 1580 62031600
1580 1817 62031600
1580 1632 62031600
2410 2333 62031600
2333 2285 62031600
2333 2410 62031600
780 1748 62031600
2411 1933 62031600
2412 1933 62031600
1933 2413 62031600
1933 2411 62031600
1933 2412 62031600
2034 1792 62031600
1792 2034 62031600
2414 2400 62031600
2415 2403 62031600
2403 2415 62031600
62 1803 62118000
2416 1803 62118000
1803 62 62118000
1803 2416 62118000
1905 1246 62118000
2417 445 62118000
445 2417 62118000
2418 2301 62118000
2301 2418 62118000
1699 1915 62118000
389 2419 62118000
2420 2341 62118000
1414 2048 62118000
2285 2333 62118000
2421 2175 62118000
2175 2421 62118000
1905 2365 62118000
2167 539 62118000
474 1532 62118000
1905 1177 62118000
2403 2400 62118000
2343 2303 62204400
2365 874 62204400
210 2403 62204400
1948 1246 62204400
2118 1733 62204400
831 1580 62204400
2417 1948 62204400
1948 2417 62204400
2419 389 62204400
2118 996 62204400
1905 150 62204400
2408 150 62204400
2368 150 62204400
150 2379 62204400
2328 1915 62204400
2417 2379 62204400
831 1803 62290800
1803 831 62290800
2135 2422 62290800
2070 1154 62290800
2333 2341 62290800
57 1408 62290800
2367 404 62290800
404 2367 62290800
57 46 62290800
57 2079 62290800
874 1856 62377200
2301 1856 62377200
2409 1856 62377200
2423 1856 62377200
1856 2008 62377200
2413 1803 62377200
1803 2413 62377200
2070 1246 62377200
1246 2070 62377200
2409 2301 62377200
2414 2301 62377200
831 90 62377200
1963 2424 62377200
2329 2281 62377200
2281 2329 62377200
2312 2333 62377200
2413 2333 62377200
2425 311 62377200
2368 2106 62377200
2106 2368 62377200
2426 2366 62377200
2366 2426 62377200
2425 2403 62377200
2414 2118 62377200
2427 18 62463600
18 2427 62463600
5 1738 62463600
1738 5 62463600
1738 2414 62463600
831 874 62463600
2420 874 62463600
874 2420 62463600
874 1109 62463600
2428 1856 62463600
2281 2135 62463600
2135 2341 62463600
2135 2281 62463600
2301 2387 62463600
2301 2429 62463600
2301 2414 62463600
2409 2308 62463600
2308 2409 62463600
2167 2398 62463600
2398 2167 62463600
2424 1963 62463600
2341 1921 62463600
2424 166 62463600
46 57 62463600
57 1386 62463600
2427 1323 62463600
1323 2427 62463600
57 2035 62463600
2118 1109 62463600
2118 488 62463600
2118 270 62463600
2194 2414 62463600
2312 2414 62463600
389 18 62550000
2430 1738 62550000
1738 2430 62550000
2281 874 62550000
874 2281 62550000
2431 2301 62550000
2432 2301 62550000
2301 2431 62550000
2301 2432 62550000
2008 2306 62550000
1933 1552 62550000
737 1821 62550000
2167 1452 62550000
2400 2414 62550000
2379 150 62550000
2403 2425 62550000
2432 2429 62550000
2429 2432 62550000
2379 2417 62550000
2082 1738 62636400
2422 1738 62636400
1738 2082 62636400
2397 1856 62636400
2429 1856 62636400
2195 2301 62636400
2301 2195 62636400
2433 1492 62636400
1492 1933 62636400
1492 2433 62636400
2433 1933 62636400
1933 2433 62636400
2434 2400 62636400
2429 2195 62636400
2195 2429 62636400
1183 2435 62636400
2407 2429 62636400
2429 2407 62636400
874 1905 62722800
1263 1748 62722800
2341 389 62722800
2162 2341 62722800
2341 2162 62722800
2118 1971 62722800
2436 1856 62809200
2372 2135 62809200
2135 2372 62809200
2437 2301 62809200
2387 2301 62809200
2301 2438 62809200
2301 2437 62809200
2310 2070 62809200
2070 2310 62809200
1536 1291 62809200
1555 18 62899200
1856 2435 62899200
1803 445 62899200
2439 2440 62899200
2440 2439 62899200
2048 2126 62899200
1633 2070 62899200
1633 1748 62899200
1807 1699 62899200
1682 2441 62899200
2351 2341 62899200
1933 1742 62899200
1742 1933 62899200
2381 1933 62899200
1452 1933 62899200
1933 2381 62899200
2357 2442 62899200
2299 2329 62899200
2329 2299 62899200
2443 1183 62899200
2118 461 62899200
2118 34 62899200
18 2444 62985600
1623 1357 62985600
445 1856 62985600
1856 445 62985600
1153 1948 62985600
1948 1153 62985600
2445 2306 62985600
2306 2445 62985600
1438 1452 62985600
2341 2351 62985600
2424 2368 62985600
2446 2299 62985600
2299 2446 62985600
1755 2447 62985600
2024 1905 63072000
2434 1856 63072000
1821 1856 63072000
2448 1856 63072000
2118 1856 63072000
1856 2438 63072000
1856 2405 63072000
1856 2448 63072000
1856 2449 63072000
1856 2436 63072000
1856 2429 63072000
1856 2428 63072000
1856 1821 63072000
1856 2423 63072000
1856 2409 63072000
1856 2195 63072000
1856 2401 63072000
1856 2402 63072000
1856 2395 63072000
1856 2396 63072000
1856 2397 63072000
1856 2390 63072000
1856 2383 63072000
1856 2384 63072000
1948 490 63072000
490 1948 63072000
2118 829 63072000
389 1948 63072000
1948 389 63072000
389 2341 63072000
1615 1536 63072000
1536 1615 63072000
2368 2424 63072000
2303 2281 63158400
2303 2343 63158400
2303 2450 63158400
490 1738 63158400
2016 1738 63158400
1738 490 63158400
1738 2451 63158400
1738 2016 63158400
1738 2452 63158400
2446 874 63158400
874 2446 63158400
445 1803 63158400
1742 1803 63158400
1803 1092 63158400
1803 1742 63158400
2401 2301 63158400
2301 2401 63158400
2118 1963 63158400
1963 2118 63158400
373 2453 63158400
2445 62 63158400
62 2445 63158400
2310 697 63158400
2454 2365 63158400
2365 2454 63158400
1968 1514 63158400
2455 2446 63158400
2446 2455 63158400
2395 2456 63158400
2445 18 63244800
2457 18 63244800
18 2445 63244800
18 2457 63244800
18 2458 63244800
27 1738 63244800
1738 1811 63244800
1738 27 63244800
2454 2 63244800
2459 1856 63244800
1856 2459 63244800
2445 1304 63244800
1304 1963 63244800
1304 2445 63244800
1412 1438 63244800
1438 1412 63244800
2381 2341 63244800
2341 2381 63244800
2333 2413 63244800
697 2310 63244800
46 2430 63244800
2430 46 63244800
2062 2060 63244800
2060 2062 63244800
1489 1532 63244800
697 2 63331200
2 697 63331200
2 2454 63331200
1905 874 63331200
2135 210 63331200
2368 1803 63331200
1803 2368 63331200
1933 1894 63331200
1894 1933 63331200
94 2306 63331200
2368 2341 63331200
2454 2341 63331200
2341 2368 63331200
2341 2422 63331200
2341 2454 63331200
2365 1933 63331200
2454 2366 63331200
2366 2454 63331200
2447 1755 63331200
2460 18 63417600
2106 2461 63417600
2461 2106 63417600
2079 1597 63417600
1597 2079 63417600
2341 90 63417600
90 2341 63417600
2365 1438 63417600
1438 2365 63417600
2454 62 63417600
2454 2310 63417600
2460 1979 63417600
1979 2460 63417600
2079 1291 63417600
2462 18 63504000
18 2462 63504000
2406 1738 63504000
2255 1738 63504000
1738 2255 63504000
2 512 63504000
1518 2306 63504000
2463 2341 63504000
2272 777 63504000
2464 18 63590400
18 2353 63590400
18 2464 63590400
2465 2303 63590400
2463 2303 63590400
1738 2466 63590400
2344 1856 63590400
2467 1856 63590400
1856 2344 63590400
1856 2467 63590400
2466 1803 63590400
1803 2466 63590400
2445 2344 63590400
2344 2445 63590400
2341 2463 63590400
2365 2188 63590400
2188 2365 63590400
1514 1968 63590400
2465 2463 63590400
2463 2465 63590400
2468 1672 63590400
2353 18 63676800
2341 1304 63676800
1304 457 63676800
1665 1961 63676800
2469 2301 63676800
2301 2469 63676800
2341 432 63676800
2422 432 63676800
457 2306 63676800
2306 2365 63676800
1933 1536 63676800
1536 1933 63676800
2389 1933 63676800
1933 2389 63676800
33 2167 63676800
2167 33 63676800
1973 2458 63676800
2341 18 63763200
18 2341 63763200
51 1738 63763200
1738 51 63763200
2470 1856 63763200
1856 2470 63763200
2440 2135 63763200
2135 2440 63763200
2471 1961 63763200
1961 2471 63763200
1492 1748 63763200
1492 1237 63763200
1412 2461 63763200
2461 1412 63763200
2472 2070 63763200
2070 2472 63763200
2105 1464 63763200
2439 2162 63763200
2162 2439 63763200
2439 2473 63763200
2473 2439 63763200
1807 1382 63763200
1382 1807 63763200
2439 1647 63763200
1647 2439 63763200
2008 1915 63763200
2368 1915 63763200
2434 2439 63763200
2328 2474 63763200
2237 2303 63849600
2303 2465 63849600
2303 2237 63849600
1547 1738 63849600
189 1738 63849600
1738 1547 63849600
1738 189 63849600
2394 2301 63849600
2188 1492 63849600
2306 1894 63849600
1894 1312 63849600
2306 2008 63849600
2341 2445 63849600
2406 1933 63849600
2368 1753 63849600
2118 395 63849600
2439 2475 63849600
2475 2439 63849600
18 2476 63936000
2477 2303 63936000
2380 2303 63936000
2303 2477 63936000
2303 2380 63936000
1738 2472 63936000
2478 1856 63936000
2479 1856 63936000
1856 2478 63936000
2389 1118 63936000
1118 2389 63936000
1118 2480 63936000
2477 418 63936000
1948 2461 63936000
2441 1682 63936000
1933 2341 63936000
2360 478 63936000
2477 2481 63936000
2441 2419 63936000
2419 2441 63936000
2477 18 64022400
18 2477 64022400
2360 2303 64022400
2303 2360 64022400
67 2024 64022400
1856 874 64022400
2449 1856 64022400
2480 1118 64022400
2482 1304 64022400
2481 1246 64022400
150 2301 64022400
2483 2301 64022400
2268 2301 64022400
2301 2484 64022400
2301 2268 64022400
2301 2483 64022400
2481 2461 64022400
2461 2481 64022400
1933 2070 64022400
2237 2070 64022400
2070 2237 64022400
2344 2477 64022400
2341 1933 64022400
1946 2333 64022400
2333 1946 64022400
1933 2351 64022400
1933 2465 64022400
67 2144 64022400
2144 67 64022400
2481 2477 64022400
2481 2438 64022400
2485 2438 64022400
2438 2485 64022400
2486 18 64108800
18 1799 64108800
18 2486 64108800
2269 2135 64108800
2135 2269 64108800
2407 2301 64108800
2301 2407 64108800
2477 2344 64108800
2482 2106 64108800
2408 2120 64108800
2269 18 64195200
18 2487 64195200
1961 2482 64195200
2301 2488 64195200
1464 2105 64195200
1414 1711 64195200
2348 2200 64195200
2329 1817 64195200
1817 2329 64195200
2489 2216 64195200
2164 1532 64195200
2490 57 64195200
57 2490 64195200
2118 1999 64195200
2420 2491 64195200
2466 2491 64195200
18 311 64281600
2162 1738 64281600
2477 2024 64281600
2024 2477 64281600
2477 1856 64281600
1856 2477 64281600
1304 2482 64281600
2264 1246 64281600
2492 2135 64281600
2135 2492 64281600
2301 2493 64281600
2025 1597 64281600
2082 432 64281600
432 2082 64281600
2348 389 64281600
2422 2306 64281600
2424 2344 64281600
2477 2162 64281600
2162 2477 64281600
2180 1748 64281600
2494 2406 64281600
2495 18 64368000
2495 1856 64368000
1856 2495 64368000
1304 1480 64368000
2341 1803 64368000
1803 2341 64368000
1718 2135 64368000
2337 2301 64368000
2496 2301 64368000
2301 2337 64368000
2301 2496 64368000
2308 2341 64368000
2457 2344 64368000
2344 2457 64368000
2344 2424 64368000
2341 2365 64368000
2351 1933 64368000
2200 2348 64368000
2200 1542 64368000
2106 2482 64368000
2329 2357 64368000
2357 2329 64368000
2497 2345 64368000
2345 2497 64368000
2498 18 64454400
311 18 64454400
2499 18 64454400
18 2499 64454400
874 1990 64454400
210 1856 64454400
1597 1856 64454400
1856 210 64454400
1856 1597 64454400
1856 128 64454400
2301 2495 64454400
2351 2070 64454400
2070 2351 64454400
2070 2398 64454400
2368 2306 64454400
2306 2368 64454400
2445 90 64454400
90 2445 64454400
2016 2497 64454400
2465 1933 64454400
2500 1933 64454400
2497 1933 64454400
1933 2500 64454400
2310 2406 64454400
2498 2357 64454400
478 2360 64454400
2120 2408 64454400
2120 1990 64454400
2406 2494 64454400
2497 1130 64454400
2424 2497 64454400
2497 2424 64454400
1263 2079 64540800
2461 1803 64540800
2070 1803 64540800
1803 2070 64540800
2421 2301 64540800
2301 2421 64540800
2473 1580 64540800
1580 2473 64540800
2422 1933 64540800
2268 1933 64540800
2290 1933 64540800
1933 2422 64540800
1933 2268 64540800
1933 2290 64540800
1933 426 64540800
2365 1905 64540800
2501 2422 64540800
2422 2501 64540800
1130 2497 64540800
2502 18 64627200
18 2502 64627200
2503 17 64627200
17 2503 64627200
1856 2504 64627200
1228 2413 64627200
1118 10 64627200
1304 62 64627200
425 1803 64627200
1803 425 64627200
2135 2461 64627200
2461 2406 64627200
2306 1753 64627200
1933 2016 64627200
1933 2365 64627200
1933 1647 64627200
1933 2345 64627200
1933 2194 64627200
1933 2323 64627200
2357 2498 64627200
1229 2413 64627200
2413 457 64627200
2357 2505 64627200
1684 2120 64627200
2406 2497 64627200
18 1372 64713600
1738 2303 64713600
2303 1738 64713600
2062 17 64713600
17 2062 64713600
2067 2024 64713600
2506 1856 64713600
2507 1856 64713600
1856 2506 64713600
1856 2496 64713600
1514 1118 64713600
1118 1514 64713600
1100 1933 64713600
390 1246 64713600
1518 2508 64713600
2461 2310 64713600
425 1597 64713600
1597 425 64713600
2497 2016 64713600
2413 1933 64713600
426 1933 64713600
2406 2310 64713600
46 2255 64713600
2497 2406 64713600
2509 18 64800000
2510 18 64800000
18 2509 64800000
5 0 64800000
1856 2303 64800000
2303 1856 64800000
2303 2306 64800000
2445 17 64800000
17 2445 64800000
1545 1738 64800000
1738 1545 64800000
2511 1856 64800000
2198 1856 64800000
2512 1856 64800000
1856 2306 64800000
1856 2511 64800000
1856 2418 64800000
1856 2198 64800000
1856 2512 64800000
2329 1803 64800000
1803 2329 64800000
1803 2513 64800000
1518 2122 64800000
2413 1948 64800000
1948 2413 64800000
5 1276 64800000
5 4 64800000
5 1933 64800000
2413 2016 64800000
2406 2341 64800000
1536 1750 64800000
2445 1933 64800000
1933 2445 64800000
2406 2413 64800000
2413 2446 64800000
2413 2406 64800000
2510 2357 64800000
2357 2510 64800000
2120 1684 64800000
2118 2491 64800000
80 18 64886400
18 80 64886400
2412 1738 64886400
1738 2412 64886400
1357 1100 64886400
1357 2413 64886400
2310 2 64886400
2175 1856 64886400
1856 2175 64886400
2106 1246 64886400
1246 2106 64886400
2365 1733 64886400
1733 2365 64886400
80 1518 64886400
2099 1518 64886400
1518 80 64886400
1518 2099 64886400
1894 27 64886400
27 1894 64886400
2308 2301 64886400
2398 2070 64886400
2344 2398 64886400
2398 2344 64886400
2501 2306 64886400
2016 2306 64886400
2306 2446 64886400
2306 2501 64886400
2306 2016 64886400
2306 2514 64886400
2344 2406 64886400
2310 1229 64886400
2310 1784 64886400
2406 2365 64886400
1979 2122 64886400
2406 222 64886400
2515 2500 64886400
2500 2515 64886400
2328 2453 64886400
1518 18 64972800
2412 2303 64972800
2303 2412 64972800
1738 2516 64972800
2517 1856 64972800
2387 1856 64972800
2493 1856 64972800
2518 1856 64972800
1856 2479 64972800
1856 2517 64972800
1856 2387 64972800
1856 2493 64972800
1856 2518 64972800
1518 1118 64972800
445 2519 64972800
1652 1492 64972800
2520 2484 64972800
2521 2484 64972800
2484 2520 64972800
2306 1905 64972800
2415 1652 64972800
1652 2415 64972800
1623 2519 64972800
2306 2303 65059200
43 922 65059200
1829 922 65059200
922 43 65059200
922 1829 65059200
1547 1357 65059200
2413 1228 65059200
1547 1753 65059200
2445 1803 65059200
1803 2445 65059200
2366 1246 65059200
2301 2522 65059200
2445 2341 65059200
1880 1580 65059200
1580 1880 65059200
51 2519 65059200
18 2269 65145600
18 2510 65145600
102 2303 65145600
2070 2303 65145600
2303 2440 65145600
2303 102 65145600
2303 1733 65145600
2303 2070 65145600
2472 1738 65145600
2501 1738 65145600
1738 2501 65145600
2523 1856 65145600
1856 2523 65145600
1856 2524 65145600
1868 1640 65145600
1640 1868 65145600
1948 2070 65145600
2475 2308 65145600
2308 2475 65145600
2500 1894 65145600
1894 2500 65145600
1555 2175 65145600
1276 2466 65145600
150 2357 65145600
2368 2406 65145600
2118 2420 65145600
2118 2359 65145600
2424 2491 65145600
2351 18 65232000
150 2303 65232000
874 2303 65232000
2303 874 65232000
2303 150 65232000
105 1738 65232000
1807 210 65232000
210 1807 65232000
2406 1246 65232000
2413 1733 65232000
1733 2413 65232000
105 1961 65232000
1933 2398 65232000
2341 2424 65232000
2497 2525 65232000
2525 1632 65232000
63 0 65318400
0 63 65318400
2525 2303 65318400
2526 2303 65318400
2303 2525 65318400
2303 2526 65318400
136 2024 65318400
2024 136 65318400
2437 1856 65318400
1856 2437 65318400
2525 1246 65318400
2357 1246 65318400
1246 2525 65318400
2344 2135 65318400
2135 2344 65318400
2484 2521 65318400
2306 2422 65318400
2306 457 65318400
2341 2406 65318400
737 2525 65318400
2525 737 65318400
2357 150 65318400
2118 2193 65318400
2118 2353 65318400
2024 2303 65404800
2303 2024 65404800
1188 922 65404800
922 1188 65404800
2391 1738 65404800
1738 2391 65404800
2344 2024 65404800
1228 2406 65404800
1963 27 65404800
27 1963 65404800
2344 1915 65404800
2175 1555 65404800
603 2365 65404800
2365 603 65404800
2078 2118 65404800
2489 1914 65404800
2118 2414 65404800
1372 18 65491200
18 2527 65491200
18 2351 65491200
2416 2303 65491200
2515 2303 65491200
2528 2303 65491200
2303 2226 65491200
2303 2515 65491200
2303 2528 65491200
1580 1738 65491200
1304 1633 65491200
2529 2135 65491200
2135 2529 65491200
2530 1640 65491200
1948 256 65491200
256 1948 65491200
2341 2461 65491200
2329 389 65491200
389 2329 65491200
2519 390 65491200
2400 2434 65491200
2530 1647 65491200
2118 556 65491200
2531 18 65577600
18 2531 65577600
2299 2024 65577600
460 2024 65577600
2024 460 65577600
2268 1856 65577600
1263 2489 65577600
2382 1118 65577600
2349 2461 65577600
2461 2349 65577600
2308 2532 65577600
2400 2398 65577600
1894 2398 65577600
2398 1894 65577600
2468 1894 65577600
1894 2468 65577600
2446 2306 65577600
2226 1412 65577600
1412 2226 65577600
2445 2366 65577600
2366 2445 65577600
2533 2299 65577600
2519 2501 65577600
2501 2519 65577600
2519 2533 65577600
2534 18 65664000
18 2226 65664000
18 2534 65664000
2524 1856 65664000
1118 2382 65664000
2306 1547 65664000
1547 2306 65664000
2440 1803 65664000
2535 1803 65664000
1803 2440 65664000
1803 2535 65664000
1597 1246 65664000
1246 1597 65664000
1733 2341 65664000
390 2126 65664000
2536 2301 65664000
2301 2536 65664000
2536 2015 65664000
2475 2398 65664000
2525 2398 65664000
2016 2398 65664000
2398 2525 65664000
2398 2016 65664000
2525 1894 65664000
1894 2525 65664000
2411 2306 65664000
2306 2430 65664000
2306 2411 65664000
2341 2344 65664000
2344 2341 65664000
2016 2466 65664000
2016 2491 65664000
2475 2341 65664000
2341 2333 65664000
2341 2475 65664000
2341 1930 65664000
2524 2175 65664000
390 360 65664000
2290 2525 65664000
2525 2290 65664000
1914 2489 65664000
2424 2537 65664000
2193 2303 65750400
2303 2193 65750400
2533 922 65750400
5 922 65750400
922 5 65750400
922 2533 65750400
2489 1263 65750400
5 1733 65750400
1733 5 65750400
1930 2461 65750400
2461 1930 65750400
2398 2475 65750400
1682 1894 65750400
1894 1682 65750400
1930 2341 65750400
127 2341 65750400
2341 2400 65750400
2341 127 65750400
176 1179 65750400
2533 2519 65750400
2537 2424 65750400
2015 18 65836800
490 2303 65836800
2538 2303 65836800
2303 1894 65836800
2303 2538 65836800
2303 490 65836800
167 922 65836800
922 167 65836800
2341 1738 65836800
1738 2341 65836800
2341 2070 65836800
2070 2341 65836800
2015 2536 65836800
2341 2398 65836800
2398 2400 65836800
2398 2366 65836800
1699 1933 65836800
2357 389 65836800
389 2357 65836800
2306 2341 65836800
2391 2341 65836800
2539 2341 65836800
2341 2391 65836800
2341 2539 65836800
167 2540 65836800
2012 2541 65836800
2357 2542 65836800
2519 2357 65836800
2543 2357 65836800
18 2542 65923200
2543 2303 65923200
2544 2303 65923200
2501 2303 65923200
2303 2543 65923200
2303 2544 65923200
2303 2501 65923200
1301 922 65923200
922 1301 65923200
1933 1803 65923200
2400 1803 65923200
1803 2400 65923200
1699 2440 65923200
2440 1699 65923200
2366 2398 65923200
1301 932 65923200
2366 1894 65923200
1894 2545 65923200
1894 2366 65923200
2306 2048 65923200
1643 265 65923200
2016 791 65923200
2016 2545 65923200
2546 1643 65923200
737 1643 65923200
1643 335 65923200
1643 2546 65923200
1643 737 65923200
2545 2175 65923200
2175 2545 65923200
2175 2524 65923200
2541 2012 65923200
1792 2245 65923200
2089 2263 65923200
1179 176 65923200
2547 2424 65923200
0 1905 66009600
2226 2303 66009600
2548 2303 66009600
2303 2548 66009600
2548 17 66009600
17 2548 66009600
1412 922 66009600
922 1412 66009600
450 1803 66009600
1803 450 66009600
1640 1580 66009600
2423 2484 66009600
2484 2423 66009600
2398 2549 66009600
335 1643 66009600
1643 70 66009600
2520 2175 66009600
2175 2520 66009600
1817 2525 66009600
2525 1817 66009600
2357 2543 66009600
2118 1915 66009600
2421 2303 66096000
2303 2365 66096000
2303 2421 66096000
2492 922 66096000
922 2492 66096000
1653 1738 66096000
1738 1653 66096000
1263 1671 66096000
1640 2263 66096000
2550 2308 66096000
2308 2550 66096000
2525 2497 66096000
2525 1941 66096000
2525 884 66096000
2424 2547 66096000
2391 922 66182400
922 1894 66182400
922 1547 66182400
2193 1699 66182400
1699 2193 66182400
2406 2368 66182400
2193 17 66268800
1492 1246 66268800
1246 1492 66268800
2405 2301 66268800
2301 2405 66268800
5 1532 66268800
1833 1933 66268800
1933 1833 66268800
2400 2551 66268800
2550 2536 66268800
2536 2550 66268800
2468 2424 66268800
2424 2552 66268800
18 2553 66355200
2554 2303 66355200
2555 2303 66355200
2530 2303 66355200
2303 2530 66355200
2303 2554 66355200
2303 2555 66355200
1856 2024 66355200
2024 2548 66355200
2024 1856 66355200
2166 1856 66355200
1856 2166 66355200
446 1263 66355200
2522 2301 66355200
2484 2556 66355200
1681 90 66355200
90 1681 66355200
1914 1643 66355200
1643 1914 66355200
2166 2175 66355200
2344 18 66441600
2557 2303 66441600
2303 2557 66441600
1807 1357 66441600
1357 1807 66441600
2558 1856 66441600
1856 2268 66441600
1856 2558 66441600
2559 1803 66441600
1803 2559 66441600
2525 1092 66441600
1894 2070 66441600
2070 1894 66441600
2344 1968 66441600
2525 1742 66441600
2554 1167 66441600
1167 2554 66441600
2226 18 66528000
2440 2303 66528000
1547 922 66528000
114 922 66528000
922 114 66528000
1682 1738 66528000
2310 1738 66528000
1738 2310 66528000
1738 1682 66528000
2406 2024 66528000
2024 2406 66528000
2560 1856 66528000
2561 1856 66528000
1856 2560 66528000
1856 2561 66528000
2341 1640 66528000
2556 2484 66528000
1968 2344 66528000
2175 2166 66528000
2525 2073 66528000
2525 248 66528000
2562 2103 66528000
2103 2562 66528000
2329 18 66614400
18 2329 66614400
2365 2303 66614400
922 2563 66614400
1856 2507 66614400
1933 256 66614400
256 1933 66614400
1765 1597 66614400
2564 2341 66614400
2341 2564 66614400
2525 1153 66614400
1153 2525 66614400
1933 2565 66614400
1933 1760 66614400
2566 18 66700800
18 2567 66700800
18 2566 66700800
1933 2303 66700800
2568 922 66700800
922 2568 66700800
1304 1856 66700800
2569 1856 66700800
1856 2569 66700800
2569 1263 66700800
1263 2569 66700800
28 1304 66700800
1547 2569 66700800
2495 2301 66700800
1742 1092 66700800
2569 1633 66700800
2306 490 66700800
490 2306 66700800
2329 635 66700800
635 2329 66700800
2543 2306 66700800
2306 2543 66700800
2569 14 66700800
2344 2570 66700800
2564 1933 66700800
1177 2137 66700800
2137 1177 66700800
2569 278 66700800
818 1915 66700800
2566 2571 66700800
265 2303 66787200
2461 2303 66787200
2303 265 66787200
2303 2461 66787200
1276 922 66787200
2461 922 66787200
922 2461 66787200
2241 1738 66787200
1738 2241 66787200
1738 1492 66787200
1738 2572 66787200
2485 1856 66787200
1856 2485 66787200
1718 210 66787200
2569 1547 66787200
2082 1733 66787200
1733 2082 66787200
635 1640 66787200
1640 635 66787200
2310 2461 66787200
2461 139 66787200
1765 1699 66787200
1699 1765 66787200
62 2306 66787200
2306 62 66787200
62 2454 66787200
2503 1933 66787200
1933 2503 66787200
2175 2572 66787200
2041 1101 66787200
2060 2491 66787200
2573 2574 66787200
2543 2574 66787200
2574 2573 66787200
2574 2543 66787200
2261 2564 66787200
1892 2565 66787200
1177 2543 66787200
2543 1177 66787200
2118 2166 66787200
2575 2166 66787200
2166 2575 66787200
18 2576 66873600
18 2577 66873600
286 1738 66873600
2572 1738 66873600
1738 286 66873600
2461 1733 66873600
2301 2308 66873600
2118 2461 66873600
2461 2578 66873600
2431 2308 66873600
2308 2431 66873600
2579 1742 66873600
1742 2579 66873600
2573 1933 66873600
2475 1933 66873600
1933 2573 66873600
1933 2475 66873600
2572 2175 66873600
2372 1177 66873600
1177 2372 66873600
126 2303 66960000
1177 2303 66960000
2303 126 66960000
2303 1177 66960000
2580 1738 66960000
1738 2580 66960000
2559 2298 66960000
2298 2559 66960000
2406 2135 66960000
2135 2406 66960000
256 1884 66960000
2581 2582 66960000
2582 335 66960000
2582 2581 66960000
2583 2484 66960000
2484 2583 66960000
2581 1643 66960000
1643 2581 66960000
2548 1933 66960000
1933 2548 66960000
2525 2539 66960000
2565 1892 66960000
2332 2303 67046400
2303 2584 67046400
2303 2332 67046400
2543 1738 67046400
1738 2543 67046400
2543 1464 67046400
1464 2543 67046400
2532 2308 67046400
62 2273 67046400
2563 2585 67046400
1733 922 67132800
2261 1738 67132800
2586 1738 67132800
1738 2113 67132800
1738 2586 67132800
2587 1856 67132800
94 1304 67132800
62 1304 67132800
2255 1803 67132800
1803 28 67132800
1803 2255 67132800
1733 2306 67132800
28 1153 67132800
1276 6 67132800
1276 14 67132800
62 94 67132800
94 1365 67132800
94 1276 67132800
94 62 67132800
1276 62 67132800
62 1905 67132800
62 105 67132800
62 1276 67132800
62 1365 67132800
62 87 67132800
62 135 67132800
62 155 67132800
1276 105 67132800
1276 155 67132800
1276 1365 67132800
1276 135 67132800
1276 87 67132800
2588 474 67132800
474 2588 67132800
2500 2589 67132800
2588 1989 67132800
2563 1803 67219200
1803 2563 67219200
1153 28 67219200
2461 2400 67219200
2048 2306 67219200
404 2574 67219200
2406 2303 67305600
2590 922 67305600
922 2590 67305600
2070 1948 67305600
2591 2398 67305600
2398 2591 67305600
432 2592 67305600
2310 2306 67305600
2306 2310 67305600
335 58 67305600
2099 404 67305600
2040 404 67305600
404 2040 67305600
2593 2406 67305600
2406 2593 67305600
2594 2584 67305600
2584 2594 67305600
2595 1803 67392000
1803 2595 67392000
1597 446 67392000
2596 2301 67392000
2301 2596 67392000
1849 2398 67392000
2503 2398 67392000
2398 2503 67392000
2398 1849 67392000
2102 1527 67392000
1527 2102 67392000
1933 2344 67392000
2584 2597 67392000
2592 2593 67392000
2598 922 67478400
922 2598 67478400
2599 1856 67478400
1856 2599 67478400
2598 1263 67478400
2398 1547 67478400
2048 1547 67478400
2593 1547 67478400
1547 2048 67478400
1547 2398 67478400
1547 2593 67478400
1807 1803 67478400
1803 1807 67478400
2461 2582 67478400
2166 2484 67478400
2600 2484 67478400
2484 2166 67478400
2484 2600 67478400
451 1273 67478400
1273 451 67478400
2188 2398 67478400
2528 2398 67478400
2398 2528 67478400
2398 2188 67478400
2598 451 67478400
2528 1527 67478400
1527 2528 67478400
2344 1933 67478400
2067 1933 67478400
1933 2570 67478400
1933 2067 67478400
2601 2593 67478400
2593 2601 67478400
5 2303 67564800
2503 2303 67564800
922 1961 67564800
2176 1738 67564800
1738 2176 67564800
2548 2024 67564800
1856 2575 67564800
1437 1263 67564800
1304 1437 67564800
1304 28 67564800
2591 1733 67564800
2593 1733 67564800
1733 2591 67564800
1733 2593 67564800
2602 2135 67564800
2135 2602 67564800
2135 1640 67564800
1640 2341 67564800
2525 445 67564800
445 2525 67564800
1961 139 67564800
2603 373 67564800
2570 2344 67564800
1933 5 67564800
460 5 67564800
5 460 67564800
5 1237 67564800
2341 2593 67564800
2528 1323 67564800
1323 2528 67564800
2604 1946 67564800
1946 2604 67564800
2589 2500 67564800
2563 2605 67564800
2606 2301 67651200
2301 2607 67651200
2301 2606 67651200
2310 2341 67651200
2341 2310 67651200
2405 2607 67651200
2606 2607 67651200
1706 1933 67651200
1933 2406 67651200
1933 1706 67651200
2597 2584 67651200
1177 2563 67651200
2591 922 67737600
922 2591 67737600
1167 1738 67737600
1738 1167 67737600
1597 1304 67737600
1177 2298 67737600
446 2608 67737600
2593 2341 67737600
2076 2017 67737600
2565 1933 67737600
1933 2366 67737600
2565 1437 67737600
2584 2067 67737600
2559 2303 67824000
1738 1868 67824000
1312 874 67824000
1312 28 67824000
28 1312 67824000
1868 1597 67824000
1312 1894 67824000
1312 2306 67824000
2306 1312 67824000
1312 450 67824000
2195 2607 67824000
2366 1933 67824000
2539 2525 67824000
18 2609 67910400
2593 2303 67910400
2303 2593 67910400
922 2341 67910400
2073 1738 67910400
1738 2073 67910400
2593 2024 67910400
1304 990 67910400
1304 1597 67910400
1304 1518 67910400
1304 94 67910400
1304 635 67910400
1304 43 67910400
1304 1753 67910400
2582 2461 67910400
2593 2070 67910400
2070 2593 67910400
2610 2306 67910400
2306 2610 67910400
2341 2195 67910400
2611 2140 67910400
1276 1823 67910400
2543 2310 67910400
2310 2543 67910400
2612 2195 67910400
2195 2612 67910400
2118 1654 67910400
2611 2565 67910400
2565 2611 67910400
2612 2593 67910400
2593 2613 67910400
2593 2612 67910400
2614 2303 67996800
2472 2303 67996800
2303 2559 67996800
2303 2614 67996800
2303 2472 67996800
1738 1990 67996800
2615 1856 67996800
1856 2615 67996800
2135 2472 67996800
2461 1990 67996800
2536 2308 67996800
2308 2536 67996800
2391 1933 67996800
2616 1933 67996800
1933 2391 67996800
1933 2616 67996800
1276 2592 67996800
2118 1990 67996800
2542 18 68083200
2597 2303 68083200
2303 2597 68083200
2617 1856 68083200
1856 2617 68083200
1700 1547 68083200
1547 1700 68083200
2565 2135 68083200
2135 2565 68083200
2548 2440 68083200
2440 2548 68083200
1700 27 68083200
27 1700 68083200
1821 2301 68083200
2341 2582 68083200
2582 2341 68083200
2618 2484 68083200
2484 2618 68083200
2619 2015 68083200
2015 2619 68083200
2620 311 68083200
311 2620 68083200
2559 2366 68083200
1700 2366 68083200
2366 2559 68083200
2366 1700 68083200
2542 2357 68083200
1700 1177 68083200
1177 1700 68083200
18 2612 68169600
18 2621 68169600
18 2622 68169600
2303 1880 68169600
922 2193 68169600
2604 2135 68169600
2135 2604 68169600
2623 27 68169600
27 2623 68169600
2484 2624 68169600
1933 2595 68169600
2528 2067 68169600
2067 2528 68169600
1204 1177 68169600
1177 1204 68169600
2118 2595 68169600
2625 2605 68169600
2605 2625 68169600
2341 2303 68256000
2366 2303 68256000
2303 2366 68256000
2303 2341 68256000
2303 2626 68256000
2341 922 68256000
2627 2308 68256000
2308 2627 68256000
2195 2341 68256000
1437 1748 68256000
2528 2290 68256000
2290 2528 68256000
18 325 68342400
2628 2303 68342400
2303 2628 68342400
1948 922 68342400
922 1948 68342400
1738 28 68342400
90 1304 68342400
2310 1304 68342400
1304 2310 68342400
1304 90 68342400
2628 1803 68342400
1803 2628 68342400
2135 1276 68342400
2135 2306 68342400
2135 1312 68342400
1933 27 68342400
27 1933 68342400
1933 2582 68342400
2582 1933 68342400
2306 1464 68342400
1464 2306 68342400
2559 1933 68342400
1933 2629 68342400
1933 2559 68342400
2261 2310 68342400
2365 2629 68342400
1817 2542 68342400
2564 2261 68342400
1871 2303 68428800
2303 1871 68428800
2559 922 68428800
2366 922 68428800
922 2559 68428800
922 2366 68428800
2630 1856 68428800
1856 2630 68428800
2306 28 68428800
1489 2461 68428800
2461 1489 68428800
2070 2306 68428800
2306 2366 68428800
2631 1968 68428800
1968 2631 68428800
2632 2329 68428800
2604 2329 68428800
2329 2632 68428800
2329 2604 68428800
635 2303 68515200
27 2303 68515200
1204 2303 68515200
2303 635 68515200
2303 27 68515200
2303 1204 68515200
1738 2633 68515200
2162 2135 68515200
1963 2135 68515200
2135 2162 68515200
2135 1963 68515200
2440 2341 68515200
2634 2582 68515200
2582 2634 68515200
2525 2076 68515200
2118 2605 68515200
2232 2303 68601600
2 2489 68601600
2432 1856 68601600
1856 2432 68601600
1547 2118 68601600
2341 2135 68601600
2635 2301 68601600
2301 2635 68601600
167 1597 68601600
2366 2306 68601600
2525 451 68601600
1848 2341 68601600
2341 1848 68601600
2635 2607 68601600
2017 2076 68601600
2543 2525 68601600
2525 2543 68601600
2366 2472 68601600
2099 2636 68601600
2187 2303 68688000
2303 2187 68688000
2637 1738 68688000
1738 2637 68688000
2187 2135 68688000
2582 2135 68688000
2135 2187 68688000
2135 2582 68688000
1933 1640 68688000
2528 635 68688000
635 2528 68688000
2637 636 68688000
636 2637 68688000
2637 62 68688000
2637 1276 68688000
2542 1817 68688000
2636 2099 68688000
2637 1740 68688000
2638 1177 68688000
2637 1177 68688000
1177 2638 68688000
1177 2637 68688000
2586 2637 68688000
2118 2563 68688000
2118 2637 68688000
2563 2637 68688000
2440 1738 68774400
2492 1738 68774400
1738 2492 68774400
2308 1856 68774400
1246 1228 68774400
2341 2548 68774400
2024 2639 68860800
2341 1733 68860800
2162 2398 68860800
2398 2162 68860800
2082 2341 68860800
2341 2082 68860800
1742 2261 68860800
2574 2162 68860800
2162 2574 68860800
2640 2175 68860800
2175 2640 68860800
2576 18 68947200
18 2573 68947200
18 2641 68947200
2642 1738 68947200
2639 2024 68947200
2413 2024 68947200
2642 2024 68947200
2024 2642 68947200
2469 1856 68947200
1856 2469 68947200
2582 1643 68947200
265 1273 68947200
2341 2308 68947200
2643 2308 68947200
2308 2643 68947200
2341 1699 68947200
1894 1699 68947200
1699 1894 68947200
2644 2341 68947200
2148 2341 68947200
2341 2644 68947200
2542 1933 68947200
1933 2542 68947200
18 2645 69033600
922 2646 69033600
2024 2542 69033600
2341 1547 69033600
1547 2341 69033600
2617 2301 69033600
2405 2308 69033600
2592 2341 69033600
2341 2592 69033600
2647 1933 69033600
2610 1933 69033600
1933 2647 69033600
1933 2610 69033600
2574 404 69033600
2644 2648 69033600
2625 2649 69033600
2193 922 69120000
2646 922 69120000
2542 2024 69120000
1263 874 69120000
126 874 69120000
2418 1856 69120000
2650 1856 69120000
1856 2650 69120000
100 28 69120000
28 100 69120000
1518 2651 69120000
2306 27 69120000
27 2306 69120000
1633 2271 69120000
2646 139 69120000
2644 1742 69120000
1742 2644 69120000
2329 1933 69120000
2649 1933 69120000
1933 2329 69120000
2644 2144 69120000
2144 2644 69120000
2648 2644 69120000
2645 18 69206400
1597 874 69206400
2644 1547 69206400
1547 2644 69206400
2651 1518 69206400
1699 2489 69206400
737 2652 69206400
2652 737 69206400
2644 2542 69206400
2542 2644 69206400
2653 2303 69292800
2303 2653 69292800
2388 1856 69292800
2388 1699 69292800
2489 1699 69292800
2644 2306 69292800
2306 2644 69292800
2310 1915 69292800
2310 2245 69292800
2310 2454 69292800
2099 311 69292800
1177 2525 69292800
2525 1177 69292800
2644 2118 69292800
2592 2649 69292800
2489 2649 69292800
2118 2625 69292800
2118 2649 69292800
2654 2303 69379200
2303 2654 69379200
2271 1263 69379200
2118 2135 69379200
2135 2655 69379200
2301 2175 69379200
2271 1633 69379200
2162 2306 69379200
2306 2162 69379200
2175 2607 69379200
2653 1933 69379200
1933 2653 69379200
1229 1753 69379200
2652 1753 69379200
2652 1229 69379200
2640 2599 69379200
2599 2640 69379200
2537 2497 69379200
18 2656 69465600
922 2657 69465600
2024 2 69465600
1437 1304 69465600
28 2306 69465600
20 389 69465600
1933 2306 69465600
450 1242 69465600
2658 1682 69465600
1682 2658 69465600
1437 1438 69465600
1276 2341 69465600
2659 1643 69465600
1643 2659 69465600
2660 1437 69465600
1437 2660 69465600
1437 2565 69465600
1437 2131 69465600
2573 18 69552000
2657 922 69552000
1738 922 69552000
2661 922 69552000
922 1738 69552000
922 2661 69552000
1750 1738 69552000
1738 1750 69552000
2662 2024 69552000
2024 2662 69552000
2655 1856 69552000
1856 2655 69552000
1547 1669 69552000
2661 1246 69552000
1246 2661 69552000
2175 1733 69552000
2582 2440 69552000
2440 2582 69552000
2385 2301 69552000
2493 2301 69552000
2385 2484 69552000
2624 2484 69552000
2493 2607 69552000
9 1179 69552000
1933 1669 69552000
2565 2661 69552000
2661 2565 69552000
2385 2195 69552000
2663 2103 69552000
2103 2663 69552000
2664 2665 69552000
2137 1246 69638400
1246 2137 69638400
2135 2644 69638400
2122 1518 69638400
2536 2484 69638400
2484 2536 69638400
2306 2070 69638400
2261 1742 69638400
2310 2666 69638400
2122 1979 69638400
2118 2644 69638400
2667 2303 69724800
2668 2303 69724800
2303 2668 69724800
2303 2667 69724800
2024 2413 69724800
1118 2669 69724800
1933 1246 69724800
2670 2484 69724800
2432 2607 69724800
2661 1742 69724800
1742 2661 69724800
2310 1063 69724800
2424 2468 69724800
2118 2671 69724800
2625 2671 69724800
2649 2671 69724800
1792 922 69811200
922 1792 69811200
1754 2024 69811200
2024 1754 69811200
2345 1357 69811200
1357 2345 69811200
1742 1547 69811200
1547 1742 69811200
2135 1291 69811200
1961 2671 69811200
2671 2306 69811200
2306 2649 69811200
2306 2671 69811200
1754 1682 69811200
1682 1754 69811200
2671 1933 69811200
1933 2625 69811200
1933 2649 69811200
1933 2671 69811200
2671 2661 69811200
2661 2671 69811200
2672 1754 69811200
2673 2636 69811200
924 1291 69811200
2671 2118 69811200
924 2303 69897600
2303 924 69897600
2167 922 69897600
922 2570 69897600
922 2167 69897600
635 874 69897600
874 635 69897600
1856 1833 69897600
1304 737 69897600
1246 2595 69897600
2167 1733 69897600
1733 2167 69897600
2525 126 69897600
2015 2669 69897600
1699 1833 69897600
924 1933 69897600
1933 924 69897600
2525 2661 69897600
2118 2592 69897600
2592 2118 69897600
2636 2673 69897600
2565 2303 69984000
2303 2565 69984000
2674 2024 69984000
2024 2674 69984000
1547 1856 69984000
2632 1304 69984000
1304 2632 69984000
2548 2135 69984000
1597 2271 69984000
2675 1933 69984000
1933 2675 69984000
2676 2548 69984000
2548 2676 69984000
2677 2303 70070400
2015 1856 70070400
1263 1951 70070400
1263 2271 70070400
2674 114 70070400
114 2674 70070400
1682 1547 70070400
1547 1682 70070400
1246 2216 70070400
1733 1699 70070400
2676 445 70070400
445 2676 70070400
6 2678 70070400
1699 44 70070400
2506 1821 70070400
1821 2506 70070400
18 2679 70156800
1933 2024 70156800
2680 1856 70156800
2187 1856 70156800
1856 2187 70156800
1856 2680 70156800
1118 2426 70156800
2565 445 70156800
445 2565 70156800
1518 2681 70156800
2016 27 70156800
27 2016 70156800
1229 2461 70156800
1527 2582 70156800
2582 1527 70156800
2308 2405 70156800
1323 2306 70156800
2208 90 70156800
90 2208 70156800
1933 460 70156800
460 1933 70156800
1229 2310 70156800
2310 2118 70156800
1647 2525 70156800
2682 2430 70156800
2430 2682 70156800
1229 2118 70156800
2679 18 70243200
18 2683 70243200
490 922 70243200
922 490 70243200
1738 1961 70243200
2079 1092 70243200
2079 1633 70243200
2674 2188 70243200
2188 2674 70243200
2684 139 70243200
2079 57 70243200
2079 1921 70243200
2079 1237 70243200
2079 44 70243200
2591 2303 70329600
2303 2591 70329600
2116 922 70329600
922 2116 70329600
2670 1856 70329600
1856 2607 70329600
1856 2301 70329600
1856 2670 70329600
2061 1640 70329600
1640 2061 70329600
2599 2308 70329600
2308 2599 70329600
2685 1910 70329600
1910 2685 70329600
62 113 70329600
1933 2686 70329600
1437 1383 70329600
2303 2613 70416000
2570 922 70416000
27 2 70416000
2 27 70416000
2643 1856 70416000
1856 2643 70416000
1856 2015 70416000
2669 1118 70416000
1304 1733 70416000
445 1733 70416000
1733 445 70416000
2015 445 70416000
445 2015 70416000
2687 27 70416000
27 2687 70416000
2688 2308 70416000
2308 2688 70416000
2669 2015 70416000
2076 2661 70416000
1933 2137 70416000
2689 2430 70416000
2430 2689 70416000
2669 2348 70416000
2669 2201 70416000
18 2686 70502400
1718 2303 70502400
2303 1718 70502400
2344 922 70502400
2403 210 70502400
2492 2298 70502400
67 2070 70502400
2070 67 70502400
450 1933 70502400
2679 1527 70502400
1527 2679 70502400
2686 1933 70502400
2367 1412 70502400
1412 2367 70502400
2367 67 70502400
67 2367 70502400
46 150 70502400
2079 2216 70502400
2255 2690 70502400
113 1669 70502400
2367 18 70588800
18 2367 70588800
1792 1536 70588800
1536 1792 70588800
2118 2691 70588800
2118 2692 70588800
2693 18 70675200
1894 2303 70675200
2367 2303 70675200
2303 2367 70675200
2694 2 70675200
2367 2 70675200
2 2694 70675200
2 2367 70675200
2367 2135 70675200
2599 2484 70675200
2367 2015 70675200
2693 1933 70675200
1933 2693 70675200
2525 1605 70675200
2647 2695 70675200
2424 2231 70675200
2231 2424 70675200
18 2696 70761600
1527 2303 70761600
2303 1527 70761600
2413 922 70761600
2067 922 70761600
922 2067 70761600
1263 2697 70761600
1547 1227 70761600
2015 2367 70761600
1963 1894 70761600
1894 1963 70761600
2698 1933 70761600
1933 2698 70761600
18 2693 70848000
2647 2303 70848000
2699 2303 70848000
2303 2647 70848000
2303 2699 70848000
2281 922 70848000
1527 922 70848000
922 2281 70848000
922 1527 70848000
1545 2024 70848000
2024 1545 70848000
2700 2070 70848000
2070 2700 70848000
2561 2308 70848000
2308 2561 70848000
1951 1748 70848000
1647 2255 70848000
2701 2303 70934400
2589 2303 70934400
2702 2303 70934400
2303 2701 70934400
2303 2589 70934400
2303 2702 70934400
1738 2642 70934400
2306 2024 70934400
2024 2306 70934400
2 2398 70934400
1227 1803 70934400
1803 1227 70934400
2703 18 71020800
18 2703 71020800
18 2704 71020800
18 2255 71020800
2 2303 71020800
2705 2303 71020800
2303 2 71020800
2303 2705 71020800
1437 1633 71020800
1597 1633 71020800
2025 2344 71020800
1933 2163 71020800
1933 1718 71020800
1229 1915 71020800
2303 2706 71107200
2303 2707 71107200
2303 2592 71107200
1933 2 71107200
2016 1733 71107200
1733 2016 71107200
635 2582 71107200
2582 635 71107200
2524 2484 71107200
2643 2484 71107200
2484 2524 71107200
2484 2643 71107200
2263 2398 71107200
2398 2263 71107200
2708 1527 71107200
2708 20 71107200
20 2708 71107200
2567 18 71193600
18 2709 71193600
1414 2303 71193600
2693 2303 71193600
2303 2710 71193600
2303 1414 71193600
2303 2693 71193600
2099 1263 71193600
2148 1263 71193600
2697 1263 71193600
1263 2148 71193600
2484 1304 71193600
1304 2484 71193600
1961 1414 71193600
2492 2582 71193600
2582 2492 71193600
2710 2706 71193600
2706 2710 71193600
2016 2303 71280000
2303 2298 71280000
2187 2 71280000
1263 2 71280000
2 2187 71280000
1304 1263 71280000
93 1263 71280000
1263 93 71280000
27 1227 71280000
2711 2301 71280000
2301 2711 71280000
1414 1633 71280000
1633 1597 71280000
1633 1414 71280000
2712 1682 71280000
1682 2712 71280000
780 2079 71280000
2424 2613 71280000
2613 2424 71280000
2424 2647 71280000
2647 2424 71280000
2713 2303 71366400
2303 2713 71366400
2298 1738 71366400
1738 2298 71366400
1738 2406 71366400
2699 2024 71366400
2714 2024 71366400
2024 2699 71366400
2024 2714 71366400
2582 2 71366400
2 2582 71366400
2118 1263 71366400
1460 1118 71366400
2715 1547 71366400
1547 2715 71366400
2716 2484 71366400
2484 2716 71366400
1933 2638 71366400
113 1276 71366400
2489 2200 71366400
2200 2489 71366400
2200 2079 71366400
1460 2669 71366400
2669 1460 71366400
2709 18 71452800
2709 2303 71452800
2303 2677 71452800
2303 1817 71452800
2303 2709 71452800
2516 1738 71452800
1738 2717 71452800
1817 2 71452800
2025 1263 71452800
780 1263 71452800
1263 780 71452800
1263 2118 71452800
1559 2135 71452800
2135 1559 71452800
2718 2582 71452800
2582 2718 71452800
2306 2717 71452800
2306 2324 71452800
2719 1742 71452800
1742 2719 71452800
2638 1933 71452800
2424 2652 71452800
2652 2424 71452800
1229 2717 71452800
18 2712 71539200
2290 2303 71539200
2303 2290 71539200
922 2344 71539200
1856 2526 71539200
2424 1246 71539200
2542 1246 71539200
1246 2424 71539200
1246 2542 71539200
27 2700 71539200
1933 2176 71539200
2661 2548 71539200
2548 2661 71539200
2674 2303 71625600
2303 2674 71625600
2720 922 71625600
90 922 71625600
922 90 71625600
2 2721 71625600
2 2722 71625600
2306 113 71625600
1527 2708 71625600
2723 2200 71625600
1729 1738 71712000
1738 1536 71712000
2721 2 71712000
2724 1304 71712000
2565 1304 71712000
1304 2724 71712000
1304 2565 71712000
1961 432 71712000
2548 2341 71712000
1276 1571 71712000
2725 1933 71712000
1933 2725 71712000
2310 2323 71712000
2721 1437 71712000
2424 2726 71712000
2726 2424 71712000
2424 2727 71712000
922 265 71798400
373 1733 71798400
1733 373 71798400
1933 2440 71798400
2440 1933 71798400
2728 2484 71798400
2484 2728 71798400
2281 1527 71798400
1527 2281 71798400
373 2707 71798400
2424 2281 71798400
2729 2281 71798400
2281 2424 71798400
2281 2729 71798400
18 2730 71884800
2176 2303 71884800
2731 2303 71884800
2303 2176 71884800
2303 2731 71884800
1856 2732 71884800
2705 2306 71884800
2306 2705 71884800
1682 2034 71884800
2472 2281 71884800
2281 2472 71884800
1933 2333 71884800
2333 1933 71884800
2712 2706 71884800
2706 2712 71884800
1933 2424 71884800
2733 2574 71884800
2574 2733 71884800
18 2673 71971200
62 0 71971200
2734 2303 71971200
1894 922 71971200
1457 922 71971200
2672 922 71971200
2735 922 71971200
922 139 71971200
922 1457 71971200
922 2672 71971200
1647 1738 71971200
1738 1647 71971200
2261 1803 71971200
2252 1803 71971200
1803 2252 71971200
2424 2135 71971200
1520 2135 71971200
2135 1520 71971200
1963 2582 71971200
2582 1963 71971200
2103 373 71971200
2661 2736 71971200
2736 2661 71971200
1414 1520 71971200
2672 139 71971200
2424 2737 71971200
2735 1875 71971200
2424 2738 71971200
2738 2424 71971200
2735 2672 71971200
2424 2739 71971200
2739 2424 71971200
0 1118 72057600
2703 2303 72057600
2740 2303 72057600
2741 2303 72057600
2303 2703 72057600
2303 2740 72057600
2303 2741 72057600
2342 2024 72057600
1312 1547 72057600
1547 1312 72057600
2742 445 72057600
445 2306 72057600
2301 2743 72057600
2342 2652 72057600
2652 2342 72057600
2424 2744 72057600
2744 2424 72057600
2712 18 72144000
1536 2 72144000
2 1536 72144000
210 2144 72144000
1547 1892 72144000
2424 1699 72144000
635 1718 72144000
2263 2162 72144000
2342 2162 72144000
2162 2263 72144000
2162 2342 72144000
2424 2712 72144000
2542 2661 72144000
2208 2661 72144000
2661 2542 72144000
2661 2208 72144000
2424 2542 72144000
2542 2424 72144000
2745 2737 72144000
2737 2745 72144000
2342 255 72144000
603 2303 72230400
2303 603 72230400
635 922 72230400
2745 922 72230400
922 2745 72230400
1536 1738 72230400
603 114 72230400
114 603 72230400
1892 1547 72230400
2137 2661 72230400
2661 2137 72230400
2746 1754 72230400
2737 2424 72230400
2411 1738 72316800
1738 2411 72316800
2137 1357 72316800
1357 2137 72316800
1227 1699 72316800
1718 635 72316800
1323 2712 72316800
2712 1323 72316800
2718 1933 72316800
1933 2718 72316800
2424 2661 72316800
2661 2424 72316800
1198 937 72316800
2424 2747 72316800
2747 2424 72316800
320 2748 72316800
2424 2472 72316800
2472 2424 72316800
325 18 72403200
2749 18 72403200
2367 1738 72403200
1738 2030 72403200
1738 2367 72403200
2016 2024 72403200
2024 2016 72403200
1933 635 72403200
2574 2306 72403200
2306 2574 72403200
2718 27 72489600
27 2718 72489600
1276 2398 72489600
2743 2607 72489600
2672 2661 72489600
2743 2750 72489600
2750 2743 72489600
18 2751 72576000
18 2741 72576000
278 0 72576000
0 278 72576000
2087 2303 72576000
2303 2087 72576000
2016 1357 72576000
1357 2016 72576000
2070 2613 72576000
2367 432 72576000
432 2367 72576000
2721 2306 72576000
2712 2303 72662400
2303 2712 72662400
1933 922 72662400
2752 1738 72662400
1738 2752 72662400
2342 1304 72662400
1304 2342 72662400
2752 2582 72662400
2582 2752 72662400
2753 2754 72662400
2754 2753 72662400
2755 2663 72662400
2743 2397 72662400
2397 2743 72662400
2752 2303 72748800
2144 2303 72748800
2303 922 72748800
2303 2752 72748800
2303 2144 72748800
2363 1856 72748800
1856 2363 72748800
1856 2587 72748800
2426 1118 72748800
2756 2135 72748800
2135 2756 72748800
2342 1464 72748800
1464 2342 72748800
2345 1699 72748800
1699 2345 72748800
2147 2306 72748800
2306 2147 72748800
2176 1933 72748800
1276 2147 72748800
2755 333 72748800
333 2755 72748800
18 2723 72835200
1527 0 72835200
0 1527 72835200
2574 2303 72835200
1397 2303 72835200
2303 2742 72835200
2303 2574 72835200
2303 1397 72835200
2757 922 72835200
922 2757 72835200
1856 2758 72835200
1263 1480 72835200
2388 1263 72835200
2194 210 72835200
1547 1527 72835200
1962 1092 72835200
1527 1699 72835200
1699 1527 72835200
1963 1933 72835200
1962 2076 72835200
1905 62 72835200
1229 80 72835200
80 1229 72835200
1198 2525 72835200
2723 2669 72835200
2255 1647 72835200
2759 1962 72835200
1962 2759 72835200
2424 2760 72835200
2574 18 72921600
2751 18 72921600
2742 2303 72921600
2710 2303 72921600
2761 922 72921600
922 2761 72921600
922 2477 72921600
922 635 72921600
2730 1304 72921600
1304 2730 72921600
2730 2298 72921600
2342 2298 72921600
2298 2342 72921600
2357 1733 72921600
1733 2357 72921600
2461 467 72921600
2762 2484 72921600
2484 2762 72921600
2472 2306 72921600
2306 2472 72921600
2710 2707 72921600
2707 2710 72921600
2525 1198 72921600
2669 2723 72921600
2763 2167 72921600
2167 2763 72921600
2730 815 72921600
2764 2303 73008000
2303 2764 73008000
1263 446 73008000
1263 58 73008000
2735 2298 73008000
2765 1910 73008000
2118 71 73008000
1933 2765 73008000
2357 2661 73008000
2661 2357 73008000
2030 2756 73008000
2756 2030 73008000
2118 204 73008000
2766 1738 73094400
1738 2766 73094400
2767 1856 73094400
1856 2767 73094400
1829 2298 73094400
2298 1829 73094400
2194 1733 73094400
2424 2461 73094400
1910 2765 73094400
1689 2306 73094400
2306 1689 73094400
2713 1933 73094400
2735 1933 73094400
1933 2713 73094400
1933 2735 73094400
2661 2768 73094400
2661 2703 73094400
1906 2342 73094400
922 2303 73180800
2473 922 73180800
922 2473 73180800
922 2642 73180800
1738 2769 73180800
2761 2024 73180800
2712 2024 73180800
2770 1118 73180800
1118 2770 73180800
2741 2298 73180800
2766 2298 73180800
2298 1933 73180800
2763 2135 73180800
2135 2763 73180800
2661 445 73180800
445 2661 73180800
2099 446 73180800
2473 1227 73180800
1227 2473 73180800
2763 2582 73180800
2582 2763 73180800
2306 1754 73180800
2424 1527 73180800
533 2707 73180800
2707 533 73180800
2763 1536 73180800
1536 2763 73180800
2771 2175 73180800
2175 2771 73180800
1559 1868 73180800
1868 1559 73180800
2661 1559 73180800
1559 2661 73180800
2772 2525 73180800
2525 2772 73180800
2746 2661 73180800
2768 2661 73180800
2751 2661 73180800
2661 2746 73180800
2661 2751 73180800
2751 2357 73180800
2357 2751 73180800
2741 18 73267200
2773 18 73267200
18 2773 73267200
2661 0 73267200
2298 922 73267200
2718 922 73267200
922 2298 73267200
922 2333 73267200
922 2718 73267200
2774 2024 73267200
2024 2774 73267200
2774 2298 73267200
1933 2298 73267200
2342 445 73267200
445 2742 73267200
445 2342 73267200
2424 2582 73267200
2582 2424 73267200
1754 2306 73267200
1527 2424 73267200
2741 2707 73267200
2076 2775 73267200
62 2048 73267200
62 1915 73267200
2592 1933 73267200
1933 2592 73267200
222 2406 73267200
2775 1962 73267200
2775 2118 73267200
2342 1906 73267200
18 2344 73353600
2303 256 73353600
2024 2761 73353600
1397 1547 73353600
1547 1397 73353600
1547 635 73353600
1246 1875 73353600
1580 2298 73353600
432 62 73353600
2548 635 73353600
2774 2306 73353600
2306 2774 73353600
2048 62 73353600
2776 2357 73353600
2357 2776 73353600
815 2574 73353600
2777 2303 73440000
2595 2303 73440000
2761 2303 73440000
2778 2303 73440000
2060 2303 73440000
2303 2777 73440000
2303 2595 73440000
2303 2761 73440000
2303 2060 73440000
2303 2778 73440000
374 2024 73440000
2024 374 73440000
2218 1803 73440000
1803 2218 73440000
2661 1961 73440000
222 2707 73440000
2707 222 73440000
2724 2076 73440000
1911 2712 73440000
2712 1911 73440000
2779 1933 73440000
1933 2779 73440000
222 2661 73440000
2780 1397 73440000
1397 2780 73440000
2772 18 73526400
2781 18 73526400
18 2782 73526400
18 2781 73526400
18 2783 73526400
2784 2303 73526400
2751 2303 73526400
2303 2503 73526400
2303 2784 73526400
2303 2751 73526400
2608 1263 73526400
1263 2608 73526400
2763 445 73526400
445 2763 73526400
2608 446 73526400
2785 256 73526400
256 2785 73526400
2786 2484 73526400
2484 2786 73526400
1437 1910 73526400
1911 2306 73526400
2306 1911 73526400
2306 2721 73526400
2787 2763 73526400
2763 2787 73526400
2118 1201 73526400
2788 2755 73526400
2755 2788 73526400
18 2789 73612800
18 2790 73612800
18 2791 73612800
18 2772 73612800
210 2303 73612800
2303 210 73612800
1738 2440 73612800
2372 1803 73612800
1803 2372 73612800
2325 1733 73612800
2792 2484 73612800
2484 2792 73612800
2707 2741 73612800
62 2793 73612800
62 2637 73612800
2794 2763 73612800
2743 2748 73612800
922 2413 73699200
2424 2024 73699200
2787 2135 73699200
2135 2787 73699200
2398 566 73699200
2306 2795 73699200
2569 1952 73699200
2796 18 73782000
2782 18 73782000
18 2796 73782000
2797 2303 73782000
2707 2303 73782000
2303 2797 73782000
2477 922 73782000
445 922 73782000
2798 922 73782000
922 2516 73782000
922 2798 73782000
922 2735 73782000
1738 2735 73782000
2024 2799 73782000
2408 1856 73782000
2800 1856 73782000
1856 2408 73782000
1856 2800 73782000
10 1118 73782000
2756 1246 73782000
1246 2756 73782000
2797 2298 73782000
2718 2298 73782000
2298 2718 73782000
1555 446 73782000
1792 139 73782000
2079 1437 73782000
2756 1545 73782000
1545 2756 73782000
2672 2735 73782000
2424 2303 73868400
2303 2424 73868400
2763 922 73868400
922 2763 73868400
2024 1738 73868400
2116 1738 73868400
1738 2116 73868400
1803 2024 73868400
2801 2024 73868400
2024 1803 73868400
2024 2801 73868400
256 2 73868400
2 256 73868400
2565 1547 73868400
1547 2802 73868400
1547 2565 73868400
390 2582 73868400
2582 390 73868400
2079 1910 73868400
2306 2712 73868400
2803 2303 73954800
2342 2303 73954800
1880 2303 73954800
1977 2303 73954800
2303 2333 73954800
2303 2342 73954800
2303 2803 73954800
2303 1977 73954800
2804 1738 73954800
1738 2280 73954800
2804 2024 73954800
2804 1547 73954800
2802 1547 73954800
2672 1803 73954800
1803 2672 73954800
432 2298 73954800
2805 2298 73954800
2298 432 73954800
2298 2806 73954800
2062 1518 73954800
1597 2807 73954800
2061 1933 73954800
1933 2712 73954800
1943 2137 73954800
2137 1943 73954800
2804 802 73954800
1962 2775 73954800
2804 2690 73954800
2808 18 74041200
18 2808 74041200
2806 2303 74041200
2721 2303 74041200
2303 2806 74041200
2303 1559 74041200
2303 2721 74041200
922 2809 74041200
2732 1856 74041200
256 1228 74041200
1228 256 74041200
2806 2298 74041200
1518 2062 74041200
6 27 74041200
2661 2582 74041200
2582 2661 74041200
2306 2346 74041200
2810 94 74041200
94 2810 74041200
98 2346 74041200
2756 2661 74041200
344 2763 74041200
2763 344 74041200
1015 18 74127600
2789 18 74127600
18 1015 74127600
2811 2303 74127600
2756 2303 74127600
2812 2303 74127600
2303 2756 74127600
2303 2812 74127600
2303 2811 74127600
922 765 74127600
83 2 74127600
2 83 74127600
2813 2135 74127600
2135 2813 74127600
2814 2484 74127600
2800 2484 74127600
2484 2800 74127600
2800 2308 74127600
2308 2800 74127600
2796 2707 74127600
2707 2796 74127600
1198 1718 74127600
1718 1198 74127600
2810 1323 74127600
1323 2810 74127600
2815 2208 74127600
2208 2815 74127600
2303 2232 74214000
765 922 74214000
922 2799 74214000
1464 2 74214000
105 1263 74214000
2816 2810 74214000
2751 2810 74214000
2810 2751 74214000
2810 2816 74214000
2298 1246 74300400
1824 2016 74300400
2016 1824 74300400
1580 2810 74300400
1906 566 74300400
1906 18 74386800
2805 18 74386800
1868 2303 74386800
2303 1868 74386800
922 2817 74386800
2818 1856 74386800
1856 2818 74386800
2796 2135 74386800
2135 2796 74386800
1933 1961 74386800
397 2076 74386800
2040 2799 74386800
1229 2424 74386800
2118 2424 74386800
18 2574 74473200
2661 2303 74473200
96 2303 74473200
2819 2303 74473200
2303 2661 74473200
2303 96 74473200
2303 2819 74473200
2516 922 74473200
2809 922 74473200
2817 922 74473200
922 1068 74473200
1412 1738 74473200
1738 1412 74473200
2118 2024 74473200
2820 1856 74473200
1856 2820 74473200
1438 1100 74473200
2176 1547 74473200
1547 2176 74473200
2821 2582 74473200
2582 2821 74473200
2537 2341 74473200
2516 1532 74473200
2118 302 74473200
2118 622 74473200
2763 2794 74473200
2342 344 74473200
344 2342 74473200
2118 2584 74473200
2584 2118 74473200
737 2303 74559600
2303 737 74559600
1068 922 74559600
2822 922 74559600
922 2024 74559600
922 2822 74559600
2584 2024 74559600
2786 1856 74559600
2823 1856 74559600
1856 2786 74559600
1856 2823 74559600
884 1304 74559600
1304 884 74559600
1527 1547 74559600
1547 1229 74559600
1803 2661 74559600
1246 2060 74559600
2298 2584 74559600
1527 1640 74559600
1640 1527 74559600
2824 2484 74559600
2484 2824 74559600
566 2398 74559600
2306 2825 74559600
737 5 74559600
5 2076 74559600
5 737 74559600
5 1652 74559600
5 2073 74559600
2076 397 74559600
2810 566 74559600
566 2810 74559600
884 2525 74559600
2473 2661 74559600
2661 2473 74559600
2118 1198 74559600
2812 2584 74559600
2584 2812 74559600
18 2805 74646000
2826 0 74646000
0 2826 74646000
2303 2827 74646000
2280 922 74646000
2024 922 74646000
922 2280 74646000
2756 1738 74646000
1738 2756 74646000
1263 105 74646000
2342 1803 74646000
1803 2342 74646000
2775 446 74646000
2828 2829 74646000
2829 2828 74646000
2446 1597 74646000
1597 2446 74646000
2542 1699 74646000
1699 2542 74646000
1379 2306 74646000
2306 1379 74646000
2810 265 74646000
265 2810 74646000
2775 2076 74646000
2162 1580 74646000
2808 1401 74646000
2661 2342 74646000
2830 2808 74646000
2831 1906 74646000
1906 2831 74646000
2832 18 74732400
2811 18 74732400
18 2832 74732400
18 2811 74732400
2833 2303 74732400
2782 2303 74732400
2303 2833 74732400
2303 2782 74732400
2799 922 74732400
1547 2076 74732400
2745 2298 74732400
2298 2745 74732400
2834 2135 74732400
2835 2135 74732400
2135 2834 74732400
2135 2835 74732400
2338 27 74732400
27 2338 74732400
442 2461 74732400
2461 442 74732400
1423 1597 74732400
2775 20 74732400
20 2775 74732400
311 2099 74732400
2424 1229 74732400
1597 1738 74818800
1738 1597 74818800
2799 2024 74818800
1868 1263 74818800
2836 114 74818800
114 2836 74818800
2298 2827 74818800
2461 1682 74818800
442 2661 74818800
2473 90 74818800
90 2473 74818800
1682 2255 74818800
2661 2076 74818800
2800 2661 74818800
325 2837 74818800
2708 2838 74818800
2342 2839 74818800
18 2828 74905200
18 2840 74905200
2592 922 74905200
922 2592 74905200
1597 1437 74905200
2838 1910 74905200
1910 2838 74905200
2797 1948 74905200
1948 2797 74905200
1401 2808 74905200
2263 2838 74905200
2838 1198 74905200
1198 2838 74905200
2838 1875 74905200
2839 2342 74905200
2841 849 74905200
849 2841 74905200
2842 2843 74905200
2843 2842 74905200
2454 2844 74905200
2840 18 74991600
18 2845 74991600
1357 2454 74991600
2135 2844 74991600
1961 1915 74991600
2308 1915 74991600
2308 2454 74991600
2308 2844 74991600
2844 10 74991600
2661 1910 74991600
1699 2844 74991600
1948 2844 74991600
2034 1682 74991600
2840 1536 74991600
1536 2840 74991600
1933 2844 74991600
2310 2844 74991600
1276 2844 74991600
2151 311 74991600
311 2151 74991600
2846 2810 74991600
2810 2846 74991600
2561 2786 74991600
2786 2561 74991600
2844 2454 74991600
2791 18 75078000
2769 1738 75078000
1738 2847 75078000
2844 2024 75078000
1357 2847 75078000
1357 2848 75078000
2661 2135 75078000
1640 2048 75078000
1961 2849 75078000
1961 2847 75078000
1961 2848 75078000
1961 2850 75078000
1961 2851 75078000
1961 2844 75078000
1227 2844 75078000
2852 2829 75078000
2829 2852 75078000
9 2582 75078000
1559 2582 75078000
2721 2582 75078000
2582 1559 75078000
2582 2721 75078000
442 2844 75078000
2308 2847 75078000
2308 2848 75078000
2308 2851 75078000
2308 2850 75078000
1910 2844 75078000
2747 2306 75078000
2306 2747 75078000
2306 2400 75078000
2844 14 75078000
2844 451 75078000
2400 2341 75078000
2365 2341 75078000
2844 1643 75078000
2844 1571 75078000
1229 105 75078000
2844 2061 75078000
2738 1933 75078000
1933 2850 75078000
1933 2848 75078000
1933 2851 75078000
2310 2847 75078000
2310 2848 75078000
2310 2851 75078000
2310 2850 75078000
2844 390 75078000
1276 2851 75078000
1276 2454 75078000
2844 1868 75078000
1198 2721 75078000
2721 1198 75078000
1807 2844 75078000
2106 2844 75078000
2106 1915 75078000
2542 2844 75078000
2142 1198 75078000
1198 2142 75078000
2833 2342 75078000
2342 2833 75078000
1229 2847 75078000
2847 2454 75078000
2848 2454 75078000
2851 2454 75078000
2850 2454 75078000
2847 2850 75078000
2848 2850 75078000
2851 2850 75078000
2844 2850 75078000
2850 2851 75078000
2850 1915 75078000
2850 2844 75078000
2850 1291 75078000
2847 2851 75078000
2848 2851 75078000
2844 2851 75078000
2851 1915 75078000
2847 1915 75078000
2848 1915 75078000
2844 1915 75078000
2847 2848 75078000
2844 2848 75078000
2848 2844 75078000
2844 2847 75078000
2847 2844 75078000
2844 1291 75078000
18 2853 75164400
2118 1738 75164400
1423 1738 75164400
2854 2024 75164400
2024 2854 75164400
2398 2 75164400
2855 1263 75164400
2817 1547 75164400
2833 2298 75164400
2298 2833 75164400
2135 2661 75164400
1227 2847 75164400
1227 2851 75164400
1227 2850 75164400
2829 2398 75164400
2856 2582 75164400
2582 2856 75164400
1536 2398 75164400
2398 1536 75164400
2857 432 75164400
432 2857 75164400
2858 2826 75164400
2826 2858 75164400
2808 2707 75164400
2707 2808 75164400
2859 566 75164400
1536 566 75164400
566 2859 75164400
566 1536 75164400
1765 9 75164400
9 1765 75164400
9 2844 75164400
2838 2162 75164400
2162 2838 75164400
2162 2844 75164400
2841 2857 75164400
2808 2830 75164400
1229 2848 75164400
1229 2851 75164400
1229 2850 75164400
1229 2844 75164400
2860 18 75250800
2853 18 75250800
679 2303 75250800
2857 2303 75250800
2303 2857 75250800
2810 1738 75250800
1738 2810 75250800
2861 2024 75250800
2024 2861 75250800
1480 1263 75250800
2810 2298 75250800
2856 2298 75250800
2298 2810 75250800
2135 2807 75250800
1933 2829 75250800
2398 2829 75250800
2847 2461 75250800
2848 2461 75250800
2851 2461 75250800
2850 2461 75250800
2844 2461 75250800
2582 9 75250800
2841 1699 75250800
2661 2306 75250800
2306 2661 75250800
265 2844 75250800
585 94 75250800
2862 94 75250800
94 585 75250800
94 2862 75250800
2810 1580 75250800
1742 2844 75250800
189 2851 75250800
189 2847 75250800
189 2848 75250800
189 2850 75250800
189 2844 75250800
566 1906 75250800
2012 2844 75250800
2863 2661 75250800
2661 2863 75250800
2860 2863 75250800
2864 2857 75250800
2857 2864 75250800
1962 2039 75250800
2852 18 75337200
2865 18 75337200
18 2866 75337200
18 2860 75337200
18 2852 75337200
18 2865 75337200
2843 2303 75337200
373 2303 75337200
2867 2303 75337200
2303 2843 75337200
2303 2868 75337200
2303 2829 75337200
2303 373 75337200
2303 2867 75337200
2868 2829 75337200
2829 2868 75337200
1948 2847 75337200
1948 2848 75337200
1948 2851 75337200
1948 2850 75337200
1948 2454 75337200
373 2847 75337200
373 2848 75337200
373 2851 75337200
373 2850 75337200
373 2844 75337200
2868 5 75337200
9 2847 75337200
9 2848 75337200
9 2851 75337200
9 2850 75337200
1718 1933 75337200
1933 2661 75337200
1933 2167 75337200
884 2844 75337200
2869 2810 75337200
2810 2869 75337200
2194 2847 75337200
2194 2848 75337200
2194 2851 75337200
2194 2850 75337200
2870 18 75423600
2871 2303 75423600
1580 2303 75423600
2872 2303 75423600
2652 2303 75423600
2404 2303 75423600
2303 1580 75423600
2303 2872 75423600
2303 2404 75423600
2223 1118 75423600
450 2398 75423600
2398 450 75423600
2398 2424 75423600
2398 2844 75423600
1910 2851 75423600
1910 2850 75423600
1412 566 75423600
566 1412 75423600
1792 2844 75423600
2167 2548 75423600
2548 2167 75423600
2548 2844 75423600
2424 46 75423600
46 2844 75423600
46 2424 75423600
2799 2040 75423600
2424 2118 75423600
2424 2844 75423600
18 2867 75510000
2303 2652 75510000
1911 1738 75510000
1738 1911 75510000
1699 2835 75510000
2306 1323 75510000
2872 636 75510000
636 2872 75510000
1792 1559 75510000
1559 1792 75510000
1323 2525 75510000
2525 1323 75510000
2868 2872 75510000
2860 2808 75510000
2808 2860 75510000
2867 18 75596400
922 2844 75596400
2525 114 75596400
2872 1803 75596400
1803 2872 75596400
1464 2298 75596400
2298 2542 75596400
2298 1464 75596400
2301 2873 75596400
1868 2829 75596400
2829 1868 75596400
2867 1464 75596400
1464 2867 75596400
2874 2306 75596400
2306 2874 75596400
2841 1933 75596400
1792 1753 75596400
2424 2801 75596400
1860 18 75682800
18 2875 75682800
2303 2016 75682800
1397 922 75682800
922 1868 75682800
922 2584 75682800
2424 1738 75682800
2584 2298 75682800
1699 1733 75682800
771 2844 75682800
126 1961 75682800
1961 126 75682800
1643 2582 75682800
1412 2070 75682800
2070 1412 75682800
2167 2306 75682800
2103 2306 75682800
2306 2103 75682800
2424 2341 75682800
2871 2707 75682800
2707 2871 75682800
2800 2607 75682800
1652 2844 75682800
2424 1933 75682800
1489 2844 75682800
2876 603 75682800
603 2876 75682800
2837 325 75682800
2424 1623 75682800
2800 2561 75682800
2411 2424 75682800
1862 18 75769200
2584 2303 75769200
2877 2303 75769200
1559 2303 75769200
2878 2303 75769200
2303 2877 75769200
2303 2878 75769200
1856 2170 75769200
1765 2298 75769200
2298 1765 75769200
2135 1915 75769200
2801 2707 75769200
2707 2801 75769200
2879 585 75769200
585 2402 75769200
585 2879 75769200
2188 2844 75769200
1559 1765 75769200
246 2844 75769200
2880 2801 75769200
2801 2880 75769200
1229 2872 75769200
2872 2118 75769200
2475 18 75855600
2862 2303 75855600
2303 2785 75855600
2303 2862 75855600
2584 922 75855600
1738 2106 75855600
437 2024 75855600
2024 437 75855600
1357 2881 75855600
2882 1856 75855600
1856 2882 75855600
1227 2298 75855600
2298 1227 75855600
2306 1640 75855600
585 1464 75855600
2862 1464 75855600
1464 2862 75855600
2742 2883 75855600
2883 2742 75855600
2306 2167 75855600
2862 585 75855600
585 2862 75855600
585 2844 75855600
2495 2175 75855600
2175 2495 75855600
2884 2430 75855600
1835 2430 75855600
2430 1835 75855600
2430 2884 75855600
2348 2669 75855600
2884 1835 75855600
1835 2884 75855600
2106 2872 75855600
2737 2872 75855600
2885 2763 75855600
2561 2800 75855600
2408 2584 75855600
2194 2844 75855600
2118 2872 75855600
2883 2303 75942000
2303 2883 75942000
1894 2298 75942000
2298 1894 75942000
585 771 75942000
771 585 75942000
2301 2886 75942000
2887 2308 75942000
2308 2887 75942000
2888 585 75942000
585 2888 75942000
2889 1401 75942000
2661 1933 75942000
1868 2890 75942000
444 26 75942000
26 444 75942000
2732 2800 75942000
2800 2732 75942000
1419 2891 75942000
2697 1063 75942000
2185 2303 76028400
2303 2185 76028400
1357 1473 76028400
2170 1856 76028400
2525 2298 76028400
2298 2525 76028400
320 2484 76028400
2398 1699 76028400
2733 2892 76028400
2892 2733 76028400
1401 2889 76028400
2893 2175 76028400
2175 2893 76028400
2894 2754 76028400
2893 2754 76028400
2754 2894 76028400
2754 2893 76028400
892 2844 76028400
2863 2860 76028400
2040 2844 76028400
2893 2887 76028400
2887 2893 76028400
2895 2849 76028400
2875 18 76114800
2896 2303 76114800
2897 2303 76114800
2303 28 76114800
2303 2897 76114800
2303 2896 76114800
1738 2898 76114800
2 1263 76114800
2899 1733 76114800
126 1733 76114800
1733 2899 76114800
2484 2485 76114800
1699 2398 76114800
2388 1423 76114800
2880 167 76114800
167 2880 76114800
2388 2271 76114800
127 2900 76114800
2852 512 76114800
512 2852 76114800
512 2844 76114800
2901 2733 76114800
2733 2901 76114800
2899 2800 76114800
2800 2899 76114800
18 2475 76201200
2902 2303 76201200
1688 2303 76201200
1547 2303 76201200
2303 1688 76201200
2303 2902 76201200
2303 1547 76201200
2679 922 76201200
922 2679 76201200
1868 1547 76201200
1647 2298 76201200
2613 2298 76201200
2892 2298 76201200
2903 2298 76201200
2298 1647 76201200
2298 2613 76201200
2298 2892 76201200
2743 2301 76201200
2484 2904 76201200
2905 2883 76201200
2883 2905 76201200
2906 2607 76201200
456 2162 76201200
2906 2754 76201200
2754 2906 76201200
2907 2871 76201200
2871 2907 76201200
2908 2473 76201200
2473 2908 76201200
2909 2652 76201200
2652 2909 76201200
2900 127 76201200
2746 1650 76201200
1650 2746 76201200
2910 2303 76287600
2303 2910 76287600
1868 922 76287600
922 874 76287600
2911 2024 76287600
2024 2911 76287600
2024 2238 76287600
1423 1263 76287600
114 2525 76287600
2424 1733 76287600
1733 2424 76287600
2912 2135 76287600
2135 2912 76287600
2525 37 76287600
37 2525 76287600
1199 2707 76287600
2707 1199 76287600
2800 1868 76287600
1868 2800 76287600
2424 2835 76287600
2800 2913 76287600
2913 2800 76287600
2763 2871 76287600
2860 2871 76287600
2871 2763 76287600
2871 2860 76287600
2914 497 76287600
2914 2915 76287600
2916 2917 76287600
2918 2917 76287600
1955 2917 76287600
2917 2916 76287600
2917 1955 76287600
2917 2918 76287600
2489 24 76287600
2918 1955 76287600
1955 2918 76287600
2763 2574 76287600
2911 2238 76287600
2238 2911 76287600
494 2919 76287600
2868 2920 76287600
2424 2411 76287600
2424 2603 76287600
1580 18 76374000
18 1580 76374000
1578 2303 76374000
2868 2303 76374000
2864 2303 76374000
2303 1640 76374000
2303 2921 76374000
874 2892 76374000
1246 2847 76374000
2542 2298 76374000
636 1733 76374000
1733 636 76374000
445 432 76374000
2922 2923 76374000
2923 2922 76374000
357 2844 76374000
2924 432 76374000
2920 432 76374000
432 2924 76374000
1894 26 76374000
2925 2892 76374000
2892 2926 76374000
1595 2016 76374000
2016 1595 76374000
2860 1580 76374000
1580 2860 76374000
2175 2927 76374000
1276 2678 76374000
2338 1559 76374000
1559 2338 76374000
2808 2737 76374000
2737 2808 76374000
2584 2408 76374000
2864 2868 76374000
2868 2864 76374000
2910 2920 76374000
2920 2910 76374000
2424 2252 76374000
2252 2424 76374000
2922 2160 76374000
2160 2922 76374000
2928 18 76460400
18 2928 76460400
2921 2303 76460400
1640 2303 76460400
2929 2303 76460400
703 2303 76460400
2930 2303 76460400
2303 2135 76460400
2303 2930 76460400
2303 2929 76460400
636 2 76460400
2 636 76460400
2917 1640 76460400
1640 2917 76460400
2763 37 76460400
37 2763 76460400
2926 2931 76460400
2926 2892 76460400
2779 2892 76460400
2892 2779 76460400
2678 2016 76460400
2016 2678 76460400
2932 62 76460400
62 2932 76460400
2678 1276 76460400
1177 2413 76460400
2413 1177 76460400
2933 2678 76460400
2836 2763 76460400
2934 2763 76460400
2763 2885 76460400
2763 2836 76460400
2763 2934 76460400
2841 2924 76460400
2667 531 76460400
531 2667 76460400
2933 2926 76460400
2926 2933 76460400
2926 2935 76460400
2725 2936 76460400
2936 2725 76460400
2790 110 76460400
110 2790 76460400
2937 2920 76460400
2938 2920 76460400
2920 2938 76460400
703 2939 76460400
2582 2303 76546800
2940 2303 76546800
2749 2303 76546800
2188 2303 76546800
2888 2303 76546800
2936 2303 76546800
1901 2303 76546800
445 2303 76546800
2303 2582 76546800
2303 2188 76546800
2303 2941 76546800
2303 2749 76546800
2303 2914 76546800
2303 2940 76546800
2303 2888 76546800
2303 2936 76546800
2303 1901 76546800
1803 2477 76546800
2569 12 76546800
2548 2582 76546800
2582 2548 76546800
2942 2931 76546800
431 1894 76546800
1894 431 76546800
2175 2943 76546800
2835 2424 76546800
2910 1457 76546800
2678 2933 76546800
737 2844 76546800
2477 353 76546800
2906 75 76546800
75 2906 76546800
2910 1977 76546800
1977 2910 76546800
2941 2477 76546800
2861 2477 76546800
2477 2941 76546800
2477 2861 76546800
2786 2943 76546800
2943 2786 76546800
2943 2906 76546800
2942 18 76633200
2733 2303 76633200
1301 2303 76633200
2162 2303 76633200
2798 2303 76633200
2852 2303 76633200
1412 2303 76633200
2914 2303 76633200
2303 2798 76633200
2303 2733 76633200
2303 2852 76633200
2303 1412 76633200
114 2076 76633200
432 1961 76633200
2306 2730 76633200
2870 2162 76633200
2162 2870 76633200
1457 2910 76633200
2944 464 76633200
464 2944 76633200
2194 353 76633200
2733 2801 76633200
2801 2733 76633200
2943 75 76633200
75 2943 76633200
2943 2125 76633200
2125 2943 76633200
2945 2733 76633200
2733 2945 76633200
2946 2945 76633200
2945 2946 76633200
2935 2926 76633200
2947 2943 76633200
2948 2943 76633200
2949 2943 76633200
2408 2943 76633200
2943 2948 76633200
2943 2949 76633200
2943 2947 76633200
2936 2500 76633200
2500 2936 76633200
2936 18 76719600
2950 18 76719600
18 2936 76719600
18 2950 76719600
1652 0 76719600
75 2303 76719600
149 2303 76719600
2303 75 76719600
1652 1304 76719600
61 90 76719600
90 61 76719600
1652 5 76719600
1652 219 76719600
1542 2200 76719600
1817 2844 76719600
2951 75 76719600
75 2951 76719600
2810 2351 76719600
2351 2810 76719600
2951 2947 76719600
2947 2951 76719600
2743 2951 76719600
2951 2743 76719600
2952 2910 76719600
2910 2952 76719600
2683 18 76806000
18 2953 76806000
18 2954 76806000
2939 2303 76806000
2955 2303 76806000
2303 2955 76806000
2303 2939 76806000
2956 922 76806000
922 2956 76806000
494 1803 76806000
1803 494 76806000
2016 2298 76806000
2298 2016 76806000
2931 2942 76806000
75 2398 76806000
2398 75 76806000
2933 1894 76806000
2926 1894 76806000
2676 1894 76806000
2955 1894 76806000
1894 2933 76806000
1894 2926 76806000
1894 2676 76806000
1894 497 76806000
1894 2957 76806000
1894 989 76806000
1894 2955 76806000
2913 2826 76806000
494 2016 76806000
2016 494 76806000
2958 1933 76806000
46 1753 76806000
2913 2542 76806000
1750 2863 76806000
75 2927 76806000
2927 75 76806000
1204 75 76806000
75 1204 76806000
2954 1204 76806000
1204 2954 76806000
2959 2860 76806000
2860 2959 76806000
2424 2958 76806000
2958 2424 76806000
2960 18 76892400
18 2960 76892400
18 2942 76892400
2961 2303 76892400
2303 2961 76892400
2784 2 76892400
2 2784 76892400
2102 1246 76892400
75 1227 76892400
2810 2883 76892400
2883 2810 76892400
26 1894 76892400
425 2076 76892400
425 2962 76892400
460 2844 76892400
2963 2175 76892400
1868 1437 76892400
1437 2844 76892400
2964 1968 76892400
1968 2964 76892400
1968 2844 76892400
2965 2810 76892400
2810 2965 76892400
2963 2844 76892400
2966 18 76978800
18 2966 76978800
2303 2817 76978800
2963 1856 76978800
446 1480 76978800
2961 114 76978800
2967 114 76978800
114 2961 76978800
114 2967 76978800
446 1750 76978800
2941 2883 76978800
2883 2941 76978800
2367 1894 76978800
2942 1894 76978800
1894 2367 76978800
1894 2942 76978800
1414 1682 76978800
2469 2607 76978800
2962 425 76978800
2968 1153 76978800
1153 2968 76978800
2964 892 76978800
703 11 76978800
11 703 76978800
2655 2125 76978800
2125 2655 76978800
2469 2800 76978800
2785 2303 77065200
2303 1811 77065200
445 2844 77065200
2584 2883 77065200
2883 2584 77065200
1894 639 77065200
2969 61 77065200
61 2969 77065200
2584 1901 77065200
1901 2584 77065200
2584 2810 77065200
2810 2584 77065200
2753 2748 77065200
2194 639 77065200
2194 2024 77151600
2970 1856 77151600
1856 2970 77151600
2918 2298 77151600
1199 2298 77151600
2920 2298 77151600
2298 2707 77151600
2298 2918 77151600
2298 1199 77151600
2298 2920 77151600
2484 2943 77151600
432 2341 77151600
96 2175 77151600
2175 96 77151600
2194 2163 77151600
2163 2194 77151600
2194 967 77151600
2971 2965 77151600
2965 2971 77151600
2972 18 77238000
18 2972 77238000
2973 2303 77238000
37 874 77238000
874 37 77238000
874 2974 77238000
2975 1246 77238000
1246 2844 77238000
1733 2298 77238000
1595 2298 77238000
2298 1733 77238000
2298 1595 77238000
2896 2707 77238000
2707 2896 77238000
2976 2103 77238000
2103 2976 77238000
1595 2844 77238000
2977 2748 77238000
2861 2794 77238000
2794 2861 77238000
18 2978 77324400
2979 874 77324400
874 2979 77324400
2980 2298 77324400
2973 1640 77324400
2652 37 77324400
37 2652 77324400
2981 2931 77324400
2931 2981 77324400
2712 2070 77324400
2070 2712 77324400
1437 1597 77324400
2306 1276 77324400
2982 2175 77324400
2175 2982 77324400
2647 2652 77324400
2652 2647 77324400
2141 276 77324400
2194 2833 77324400
2303 2983 77410800
2984 2024 77410800
2024 2984 77410800
2 2424 77410800
2141 874 77410800
2814 1856 77410800
1856 2814 77410800
2873 2301 77410800
2712 2424 77410800
2937 2896 77410800
2896 2937 77410800
2743 96 77410800
96 2743 77410800
2904 2985 77410800
2141 0 77497200
922 2973 77497200
922 2738 77497200
922 2986 77497200
2 44 77497200
2162 2298 77497200
2552 2298 77497200
2298 2162 77497200
1640 2973 77497200
2678 6 77497200
2987 2931 77497200
2931 2987 77497200
2076 2988 77497200
1652 2060 77497200
2882 78 77497200
18 2964 77583600
1365 2829 77583600
2829 1365 77583600
2989 2931 77583600
2931 2989 77583600
2754 2484 77583600
2990 2306 77583600
2306 2990 77583600
2988 2076 77583600
2991 2076 77583600
2076 2991 77583600
2076 1291 77583600
2076 2844 77583600
2992 1412 77583600
1412 2992 77583600
2992 2141 77583600
2141 2992 77583600
2194 953 77583600
1365 18 77670000
18 1365 77670000
2941 2303 77670000
2993 2303 77670000
2813 2303 77670000
2303 2813 77670000
2303 2993 77670000
2079 1357 77670000
2175 2301 77670000
2461 2424 77670000
2963 2484 77670000
2175 2484 77670000
2141 2883 77670000
2883 2141 77670000
2892 2424 77670000
2162 2281 77670000
2281 2162 77670000
2994 2175 77670000
2536 2754 77670000
2754 2536 77670000
2652 2473 77670000
2995 2536 77670000
2743 2536 77670000
2536 2743 77670000
2536 2995 77670000
2994 2125 77670000
2125 2994 77670000
2079 1063 77670000
1819 2941 77670000
2941 1819 77670000
2485 2753 77670000
2990 2979 77670000
2979 2990 77670000
2964 18 77756400
922 2996 77756400
1738 2424 77756400
874 1227 77756400
1547 9 77756400
2997 2298 77756400
285 1733 77756400
1733 285 77756400
2998 2931 77756400
2931 2998 77756400
2421 2484 77756400
2484 2421 77756400
2981 2162 77756400
2162 2981 77756400
1911 1199 77756400
1199 1911 77756400
2473 2652 77756400
1183 2914 77756400
2914 1183 77756400
2999 75 77756400
75 2999 77756400
2973 922 77842800
2079 874 77842800
1199 1304 77842800
2079 1304 77842800
1304 1199 77842800
2843 1246 77842800
1246 2843 77842800
2843 37 77842800
37 2843 77842800
2461 2931 77842800
1559 2931 77842800
2931 1559 77842800
2914 2707 77842800
2707 2914 77842800
2079 1933 77842800
2914 1199 77842800
1199 2914 77842800
2471 2896 77842800
2896 2471 77842800
2079 2847 77842800
2079 2848 77842800
2079 2851 77842800
2079 2850 77842800
2079 2844 77842800
2852 2945 77842800
2945 2852 77842800
2135 1738 77929200
1199 1738 77929200
2990 1738 77929200
1738 1199 77929200
2990 1246 77929200
603 1733 77929200
1733 603 77929200
2135 1933 77929200
3000 2883 77929200
2883 3000 77929200
61 1682 77929200
1682 61 77929200
2743 2754 77929200
2754 2743 77929200
2936 2896 77929200
2941 2896 77929200
2896 2936 77929200
2896 2941 77929200
2775 1198 77929200
1198 2775 77929200
1412 3001 78015600
3001 2914 78015600
9 922 78015600
2905 922 78015600
922 9 78015600
922 2905 78015600
2905 1738 78015600
1738 2905 78015600
2907 2 78015600
2 2907 78015600
62 1263 78015600
2989 1118 78015600
1118 2989 78015600
2344 1246 78015600
1246 2298 78015600
2582 2298 78015600
1682 2298 78015600
2298 2582 78015600
2298 1682 78015600
2914 2829 78015600
2955 2829 78015600
2829 2955 78015600
2647 2582 78015600
2582 3002 78015600
2582 2647 78015600
2344 2025 78015600
278 62 78015600
62 278 78015600
3003 2525 78015600
2963 2721 78015600
2721 2963 78015600
2823 3004 78015600
2992 2303 78102000
2303 2992 78102000
2329 3001 78102000
3001 2329 78102000
3001 1412 78102000
1718 1738 78102000
874 3005 78102000
874 3006 78102000
1906 1263 78102000
1263 1906 78102000
1246 2963 78102000
2936 2135 78102000
2868 2135 78102000
2135 2936 78102000
2141 256 78102000
256 2141 78102000
3005 2931 78102000
2473 450 78102000
450 2473 78102000
2342 14 78102000
2424 2016 78102000
2016 2424 78102000
2141 2118 78102000
2896 2424 78102000
2775 2962 78102000
2424 2422 78102000
2873 3007 78102000
2963 2753 78102000
2753 2963 78102000
2873 2748 78102000
3004 2823 78102000
2743 2963 78102000
2905 18 78188400
3008 3001 78188400
3001 3008 78188400
2684 922 78188400
2996 922 78188400
922 2955 78188400
1246 2 78188400
1803 2 78188400
2 1803 78188400
2194 874 78188400
874 2194 78188400
1227 1304 78188400
1640 1803 78188400
1803 1640 78188400
3009 1246 78188400
1246 3009 78188400
2422 2135 78188400
1188 446 78188400
3010 1961 78188400
1961 3010 78188400
2301 3011 78188400
1227 75 78188400
3012 2931 78188400
2931 3012 78188400
3010 2306 78188400
2306 3010 78188400
2647 265 78188400
265 2647 78188400
2073 5 78188400
2187 2905 78188400
2473 2905 78188400
2905 2187 78188400
2905 2473 78188400
2955 139 78188400
1559 2333 78188400
2721 2118 78188400
3010 2917 78188400
2137 2118 78188400
3013 2998 78188400
2998 3013 78188400
3013 18 78274800
0 1416 78274800
3014 2303 78274800
1781 3001 78274800
3001 2896 78274800
3001 1781 78274800
2530 2 78274800
2974 2 78274800
2 2530 78274800
2 2974 78274800
2974 874 78274800
3013 1547 78274800
1547 3013 78274800
2712 1733 78274800
1733 2712 78274800
2721 2931 78274800
2931 2721 78274800
2998 2905 78274800
1559 2905 78274800
2905 2998 78274800
2905 1559 78274800
3008 494 78274800
494 3008 78274800
3000 2756 78274800
2756 3000 78274800
2998 1781 78274800
1781 2998 78274800
3013 2530 78274800
2530 3013 78274800
2978 18 78361200
18 3015 78361200
2799 2303 78361200
2576 2303 78361200
2303 2799 78361200
2303 3014 78361200
2303 2576 78361200
2712 2 78361200
2 2712 78361200
2016 874 78361200
874 2016 78361200
2351 2829 78361200
3011 2484 78361200
2484 3011 78361200
2799 2905 78361200
2905 2016 78361200
2905 2799 78361200
2799 2715 78361200
2715 2799 78361200
2655 2948 78361200
3016 1663 78361200
1663 3016 78361200
2998 2673 78361200
3017 3001 78447600
3001 3017 78447600
3001 1536 78447600
800 2 78447600
2 800 78447600
2855 2484 78447600
2484 2855 78447600
1457 1682 78447600
2855 2607 78447600
1545 3018 78447600
3018 1545 78447600
2998 75 78447600
3009 1545 78447600
1545 3009 78447600
2948 2655 78447600
2073 2844 78447600
2799 3019 78447600
3019 2799 78447600
18 3013 78534000
18 2905 78534000
2303 3018 78534000
2412 2298 78534000
2298 2412 78534000
432 1933 78534000
3020 2905 78534000
3005 2905 78534000
2905 3020 78534000
2905 3005 78534000
1652 3021 78534000
1559 2845 78534000
2655 3022 78534000
922 2720 78620400
922 3023 78620400
1750 874 78620400
874 2424 78620400
3024 28 78620400
28 3024 78620400
1750 2126 78620400
3002 2582 78620400
2918 2883 78620400
2883 2918 78620400
1849 1602 78620400
1276 2563 78620400
1276 2637 78620400
2471 2913 78620400
2913 2471 78620400
24 2489 78620400
24 2844 78620400
3022 2655 78620400
1943 3025 78620400
2829 2 78706800
2 2829 78706800
874 2135 78706800
3026 3014 78706800
3014 3026 78706800
1699 1547 78706800
1547 1750 78706800
2135 1718 78706800
1868 446 78706800
3026 2883 78706800
2883 3026 78706800
2082 1699 78706800
1699 2424 78706800
3010 451 78706800
3027 1963 78706800
1963 3027 78706800
3027 2707 78706800
2707 3027 78706800
2473 2712 78706800
2712 2473 78706800
3028 3026 78706800
3026 3028 78706800
2814 2655 78706800
2655 2814 78706800
3009 2424 78706800
3029 3030 78706800
2983 2303 78793200
2732 3001 78793200
3001 3011 78793200
1901 1118 78793200
1118 1901 78793200
2424 2298 78793200
625 2931 78793200
2931 625 78793200
2306 3027 78793200
1559 2707 78793200
2707 1559 78793200
3027 2162 78793200
2162 3027 78793200
2712 824 78793200
3018 1437 78793200
1437 3018 78793200
2754 3031 78793200
625 3027 78793200
3027 625 78793200
2740 2412 78793200
2412 2740 78793200
3011 2750 78793200
922 3032 78879600
3033 1738 78879600
1738 3033 78879600
333 874 78879600
874 333 78879600
3033 1246 78879600
1246 3033 78879600
28 2712 78879600
1595 2931 78879600
2931 1595 78879600
3024 2905 78879600
2905 3024 78879600
3026 2707 78879600
2707 3026 78879600
3011 2607 78879600
3032 139 78879600
285 62 78879600
286 62 78879600
62 285 78879600
62 286 78879600
2351 1559 78879600
333 2844 78879600
3034 3026 78879600
3027 3026 78879600
3026 3027 78879600
3026 3034 78879600
3035 990 78879600
990 3035 78879600
2918 922 78966000
2306 922 78966000
922 2306 78966000
922 2918 78966000
2412 2024 78966000
2024 2412 78966000
3027 2 78966000
2 3027 78966000
2135 7 78966000
2913 2883 78966000
3027 2883 78966000
2883 3027 78966000
2883 2913 78966000
3027 2306 78966000
2351 90 78966000
90 2351 78966000
3033 7 78966000
2941 3027 78966000
3027 2941 78966000
2962 2775 78966000
2135 2424 79052400
2135 1979 79052400
2999 2754 79052400
2754 2999 79052400
1738 1580 79138800
311 1118 79138800
1118 22 79138800
1118 311 79138800
2135 1580 79138800
3036 2754 79138800
2754 3036 79138800
3033 3037 79138800
3037 3033 79138800
3038 3001 79225200
3001 3038 79225200
3039 2 79225200
2 3039 79225200
3040 874 79225200
22 1118 79225200
625 2135 79225200
2135 625 79225200
2135 477 79225200
2135 1470 79225200
2829 1933 79225200
2913 2070 79225200
2070 2913 79225200
3039 2883 79225200
2883 3039 79225200
2826 2913 79225200
3041 2754 79225200
2754 3041 79225200
3027 2055 79225200
3042 922 79311600
922 3042 79311600
2959 3014 79311600
3014 2959 79311600
1246 2907 79311600
445 3018 79311600
3043 2905 79311600
2905 3043 79311600
1416 333 79311600
333 1416 79311600
2897 2913 79311600
2913 2897 79311600
2917 3010 79311600
3044 3027 79311600
3027 3044 79311600
2194 1287 79311600
3045 2907 79311600
2907 3045 79311600
3046 3014 79398000
3014 2913 79398000
3014 3046 79398000
1304 1547 79398000
3029 1894 79398000
2914 1894 79398000
1894 2914 79398000
1894 3029 79398000
3047 2905 79398000
3048 2905 79398000
2905 3047 79398000
2905 3048 79398000
3049 3027 79398000
3027 3049 79398000
3011 2748 79398000
3050 3049 79398000
3049 3050 79398000
2933 18 79484400
788 18 79484400
3051 18 79484400
18 788 79484400
3018 2303 79484400
3052 3001 79484400
1536 3001 79484400
3041 3001 79484400
3001 3052 79484400
3001 3041 79484400
874 210 79484400
3053 1547 79484400
1547 3053 79484400
1547 58 79484400
3042 2298 79484400
2754 2301 79484400
2301 2754 79484400
2016 2905 79484400
2472 2905 79484400
2905 2472 79484400
3052 2076 79484400
2076 3052 79484400
2678 1571 79484400
1571 2678 79484400
2678 390 79484400
390 2678 79484400
149 3001 79570800
3001 149 79570800
2440 2024 79570800
126 1547 79570800
1536 2829 79570800
2829 1536 79570800
2576 2060 79570800
18 3051 79657200
2852 3001 79657200
3001 2852 79657200
2559 1738 79657200
1738 2559 79657200
2 2024 79657200
2559 2 79657200
2 2559 79657200
256 28 79657200
28 256 79657200
2484 2301 79657200
126 2844 79657200
3054 432 79657200
432 3054 79657200
3051 2826 79657200
2826 3051 79657200
2559 2905 79657200
2905 2559 79657200
3055 2607 79657200
3056 3051 79657200
3051 3056 79657200
3057 18 79743600
18 3057 79743600
2 2374 79743600
3053 1246 79743600
2135 2705 79743600
19 2484 79743600
3055 1571 79743600
1571 3055 79743600
3058 369 79743600
3059 2592 79743600
2592 3059 79743600
18 3060 79830000
2592 2303 79830000
3055 2303 79830000
1738 2712 79830000
2162 3014 79830000
2920 3014 79830000
3056 3014 79830000
3014 2162 79830000
3014 2920 79830000
3014 3056 79830000
1547 1699 79830000
460 28 79830000
2188 28 79830000
28 2188 79830000
28 460 79830000
3018 445 79830000
3061 139 79830000
2228 1416 79830000
1416 2228 79830000
3062 1709 79830000
18 2933 79916400
1892 2303 79916400
2303 1892 79916400
2303 3063 79916400
3064 3001 79916400
3001 3064 79916400
922 2582 79916400
922 3061 79916400
3065 2024 79916400
2024 3042 79916400
2446 1263 79916400
2888 1894 79916400
1894 2888 79916400
1536 2844 79916400
2800 3066 79916400
1952 278 79916400
3055 2601 79916400
2120 2024 80002800
256 874 80002800
874 256 80002800
3067 3014 80002800
3014 3067 80002800
2845 445 80002800
445 2845 80002800
1229 1092 80002800
3068 1092 80002800
2580 2905 80002800
2905 2580 80002800
2188 2016 80002800
2016 2188 80002800
3069 2592 80002800
2592 3069 80002800
18 3070 80089200
2914 3001 80089200
2914 1738 80089200
1738 2914 80089200
2024 2120 80089200
1547 2765 80089200
1547 2913 80089200
3071 2484 80089200
2484 3071 80089200
2484 2599 80089200
2484 19 80089200
2913 1651 80089200
2914 636 80089200
636 2914 80089200
3068 3072 80089200
3073 2012 80089200
2012 3073 80089200
2914 2913 80089200
2913 2914 80089200
3027 2914 80089200
2914 3027 80089200
3055 2927 80089200
3070 18 80175600
2941 3001 80175600
3001 2941 80175600
2473 874 80175600
874 2473 80175600
128 1856 80175600
1856 3074 80175600
2576 2582 80175600
2582 2576 80175600
2484 2844 80175600
2905 195 80175600
195 2905 80175600
2712 2826 80175600
2826 2712 80175600
3075 3044 80175600
3044 3075 80175600
2668 3001 80262000
3001 2668 80262000
3001 2785 80262000
2135 2024 80262000
2678 2 80262000
2 2678 80262000
2907 3014 80262000
3014 2907 80262000
1246 2344 80262000
62 5 80262000
2103 5 80262000
2639 2905 80262000
2905 2639 80262000
990 1571 80262000
990 390 80262000
3076 2754 80262000
2754 3076 80262000
2678 990 80262000
990 2678 80262000
3077 2103 80262000
2103 3077 80262000
2920 2937 80262000
18 3048 80348400
2103 0 80348400
2905 2303 80348400
2303 2905 80348400
2445 2024 80348400
2024 3078 80348400
3070 2883 80348400
3079 2103 80348400
2103 3079 80348400
18 3080 80434800
3040 2024 80434800
1412 256 80434800
256 1412 80434800
2582 2344 80434800
1821 2484 80434800
3076 2484 80434800
2484 2754 80434800
2484 3076 80434800
2484 3055 80434800
3081 2883 80434800
2883 3081 80434800
2883 3082 80434800
373 2896 80434800
3083 3011 80434800
3011 3083 80434800
2730 18 80521200
2652 2024 80521200
2024 2445 80521200
874 2963 80521200
1246 3014 80521200
3014 1246 80521200
1547 46 80521200
373 1246 80521200
1246 373 80521200
2775 1910 80521200
1910 2775 80521200
1911 2883 80521200
1183 2883 80521200
2883 1911 80521200
2883 1183 80521200
2826 3065 80521200
3084 2306 80521200
2306 3084 80521200
2905 450 80521200
450 2905 80521200
1416 2905 80521200
3018 2905 80521200
2905 1416 80521200
2905 3018 80521200
2740 3065 80521200
3082 3001 80607600
3001 3082 80607600
3001 1166 80607600
2 62 80607600
2 5 80607600
2 1933 80607600
2332 1856 80607600
3074 1856 80607600
1856 2332 80607600
2135 1166 80607600
1092 3085 80607600
1416 195 80607600
3082 2883 80607600
1416 2883 80607600
2188 3051 80607600
3086 1536 80607600
2914 1536 80607600
1536 3086 80607600
1536 2914 80607600
2962 2661 80607600
2725 3086 80607600
18 2140 80694000
2344 2582 80694000
1183 3055 80694000
2981 3055 80694000
3055 1183 80694000
3055 2981 80694000
3082 1595 80694000
1595 3082 80694000
3080 18 80780400
2883 3001 80780400
3001 2883 80780400
3042 2024 80780400
2135 1691 80780400
3087 256 80780400
256 3087 80780400
432 2398 80780400
2883 3070 80780400
1948 1691 80780400
2188 2306 80780400
2306 2188 80780400
3055 2905 80780400
2905 3055 80780400
2060 1691 80780400
3055 3088 80780400
3086 2725 80780400
1803 922 80866800
265 1291 80866800
265 1933 80866800
1892 2736 80866800
2736 1892 80866800
1416 3089 80866800
3001 2024 80953200
2826 2 80953200
3053 2398 80953200
2398 3053 80953200
3060 2883 80953200
2883 3060 80953200
333 2905 80953200
2905 333 80953200
1849 3090 80953200
3091 2103 80953200
2103 3091 80953200
256 2303 81039600
1738 2351 81039600
3070 2440 81039600
3059 2440 81039600
2440 3070 81039600
2440 3059 81039600
3056 2188 81039600
2188 3056 81039600
3090 1849 81039600
2652 444 81039600
278 1952 81039600
2999 3055 81039600
1892 2981 81039600
2981 1892 81039600
20 18 81126000
18 3092 81126000
18 3088 81126000
2303 2871 81126000
3093 922 81126000
3029 922 81126000
922 3029 81126000
874 1438 81126000
3023 3014 81126000
3014 3023 81126000
3014 2720 81126000
195 114 81126000
114 195 81126000
3062 1100 81126000
2440 256 81126000
3033 195 81126000
195 1416 81126000
195 3033 81126000
2871 2826 81126000
3094 2905 81126000
2905 3094 81126000
2905 3089 81126000
2871 1817 81126000
1817 2871 81126000
444 2652 81126000
3062 2053 81126000
2053 3062 81126000
3029 3095 81126000
2829 2303 81212400
2303 3096 81212400
3029 3001 81212400
3001 3029 81212400
3062 2024 81212400
1100 3062 81212400
3097 2883 81212400
2883 3097 81212400
3096 2548 81212400
2548 3096 81212400
3098 3053 81212400
3053 3098 81212400
1963 2303 81298800
2303 1963 81298800
3086 3001 81298800
3001 3086 81298800
1246 2871 81298800
1312 2135 81298800
2712 256 81298800
256 2712 81298800
1829 2829 81298800
2829 1829 81298800
2829 2712 81298800
3024 1651 81298800
2826 2871 81298800
2826 2306 81298800
2905 3099 81298800
2712 2871 81298800
2712 1933 81298800
618 2048 81298800
3060 3100 81298800
3100 3060 81298800
18 3098 81385200
1961 2303 81385200
3101 2303 81385200
2303 1961 81385200
2303 3051 81385200
2303 3101 81385200
3102 3001 81385200
3099 2905 81385200
3103 2103 81385200
2103 3103 81385200
3104 2947 81385200
2947 3104 81385200
1246 3105 81471600
2905 2829 81471600
2829 2905 81471600
2871 195 81471600
195 2871 81471600
2053 2905 81471600
2905 2053 81471600
2103 3066 81471600
3066 2103 81471600
3104 2896 81471600
2896 3104 81471600
3106 3105 81471600
3105 3106 81471600
2548 2398 81558000
2398 2548 81558000
3107 3072 81558000
3072 3107 81558000
2871 2162 81558000
2162 2871 81558000
46 2721 81558000
3062 2871 81558000
2871 3062 81558000
2223 18 81644400
18 2223 81644400
1817 2303 81644400
1738 1665 81644400
3061 2024 81644400
2024 3061 81644400
2913 1246 81644400
1246 2913 81644400
1246 2629 81644400
2223 12 81644400
2053 3001 81730800
3094 3001 81730800
2162 3001 81730800
3001 3102 81730800
618 1738 81730800
1738 2868 81730800
3108 446 81730800
1948 2422 81730800
2652 2826 81730800
2826 2652 81730800
2826 3109 81730800
2712 1718 81730800
618 285 81730800
2947 3094 81730800
3094 2947 81730800
3025 1943 81730800
2723 18 81817200
3001 2871 81817200
2162 1246 81817200
1246 2162 81817200
1229 2135 81817200
2135 1229 81817200
432 445 81817200
1817 2826 81817200
2826 1817 81817200
1817 2905 81817200
2905 1817 81817200
3011 2754 81817200
2754 3011 81817200
3001 2918 81903600
1246 1547 81903600
2440 1547 81903600
62 1547 81903600
1803 1547 81903600
1547 62 81903600
1547 1803 81903600
1547 2440 81903600
1547 2324 81903600
2871 2398 81903600
2398 2871 81903600
3110 2905 81903600
566 2905 81903600
2905 3110 81903600
2905 566 81903600
3100 2200 81903600
1905 2844 81903600
3098 18 81990000
2918 3001 81990000
2905 3001 81990000
3001 2905 81990000
3001 1963 81990000
3111 3014 81990000
3112 3014 81990000
2701 3014 81990000
2281 3014 81990000
3014 3111 81990000
3014 3112 81990000
3014 2281 81990000
3014 2701 81990000
1547 1263 81990000
3111 2923 81990000
2053 2440 81990000
2440 2053 81990000
3040 2826 81990000
3033 2826 81990000
2905 2826 81990000
2826 3040 81990000
2826 3033 81990000
2826 2905 81990000
2106 1858 81990000
3113 2053 81990000
2053 3113 81990000
2923 114 82076400
114 2923 82076400
1718 2712 82076400
3114 2053 82076400
2053 3114 82076400
2413 2303 82162800
2303 2413 82162800
2740 1738 82162800
3048 1738 82162800
1738 2740 82162800
1738 3048 82162800
3014 446 82162800
313 1464 82162800
1464 313 82162800
3107 389 82162800
2367 1718 82162800
1718 2367 82162800
2775 3115 82162800
2775 3116 82162800
18 3117 82249200
2542 2303 82249200
450 2303 82249200
2303 2542 82249200
2303 450 82249200
3056 3001 82249200
2073 3001 82249200
3118 3001 82249200
3001 3056 82249200
3001 3118 82249200
3001 2073 82249200
1738 1933 82249200
874 2721 82249200
2913 3014 82249200
3117 1547 82249200
1547 1733 82249200
28 1803 82249200
2440 3028 82249200
1518 2140 82249200
1910 1092 82249200
2398 1068 82249200
3118 2016 82249200
2016 3118 82249200
2122 2200 82249200
2297 2913 82249200
2913 2297 82249200
3118 2053 82249200
2053 3118 82249200
3116 2775 82249200
3061 922 82335600
3023 922 82335600
3029 3014 82335600
1183 3014 82335600
3087 3014 82335600
3014 1183 82335600
3014 3029 82335600
3014 3087 82335600
3048 3119 82335600
1894 3119 82335600
3119 3048 82335600
3119 1894 82335600
2905 1803 82335600
1803 2905 82335600
3066 1246 82335600
1911 1246 82335600
1246 1911 82335600
2931 3005 82335600
373 3120 82335600
3112 3120 82335600
3120 3112 82335600
373 2306 82335600
2306 373 82335600
2712 308 82335600
3102 3121 82335600
3121 3102 82335600
105 0 82422000
3096 2303 82422000
3051 2303 82422000
2995 3001 82422000
3001 2995 82422000
3118 3014 82422000
2329 3014 82422000
3014 3118 82422000
3014 2329 82422000
3122 2829 82422000
2829 3122 82422000
2548 62 82422000
2715 460 82422000
3123 1901 82422000
1901 3123 82422000
18 3124 82508400
3123 1464 82508400
1464 3123 82508400
3125 1457 82508400
1457 3125 82508400
3123 3001 82594800
3001 3123 82594800
3120 585 82594800
3125 2303 82681200
2303 3125 82681200
3121 1246 82681200
3120 2041 82681200
3120 3118 82681200
3126 2303 82767600
2303 3126 82767600
3125 3001 82767600
333 3001 82767600
3127 3001 82767600
3001 3125 82767600
3001 333 82767600
2712 3014 82767600
3014 2712 82767600
3128 1246 82767600
1246 3128 82767600
1246 3121 82767600
3047 3120 82767600
3118 3120 82767600
3120 3047 82767600
2973 2826 82767600
2826 2973 82767600
2826 2137 82767600
2351 3066 82767600
3129 3121 82767600
3121 3129 82767600
3127 2896 82767600
2896 3127 82767600
3127 2342 82767600
18 874 82854000
3066 1547 82854000
3066 2351 82854000
114 1849 82940400
2871 3119 82940400
2813 3119 82940400
3130 3119 82940400
3119 2871 82940400
3119 3130 82940400
3119 2813 82940400
2918 2440 82940400
2440 2918 82940400
58 1849 82940400
3066 62 82940400
18 2749 83026800
2918 2303 83026800
2826 2303 83026800
2303 2826 83026800
2303 2918 83026800
2749 3014 83026800
3014 2749 83026800
1547 3066 83026800
2306 2582 83026800
2582 2306 83026800
3053 3120 83026800
3120 3053 83026800
1559 2826 83026800
2826 1559 83026800
2749 2913 83026800
2913 2749 83026800
3053 3121 83026800
3121 3053 83026800
3129 3131 83026800
3131 3129 83026800
3132 2655 83026800
2655 3132 83026800
3133 3134 83026800
460 2303 83113200
1246 2024 83113200
1791 3014 83113200
3014 1791 83113200
3135 114 83113200
114 3135 83113200
1791 3119 83113200
3119 1791 83113200
1246 1933 83113200
3131 2440 83113200
2440 3131 83113200
3094 3120 83113200
3120 3094 83113200
2826 1894 83113200
2712 1894 83113200
1894 2826 83113200
2137 2826 83113200
2306 1933 83113200
2365 2844 83113200
3136 3137 83113200
3137 3136 83113200
3068 3138 83113200
3139 18 83199600
3137 18 83199600
18 3127 83199600
18 3137 83199600
2137 2303 83199600
2303 2137 83199600
3001 1649 83199600
3139 3014 83199600
3014 3139 83199600
1547 1480 83199600
3127 3119 83199600
2667 3119 83199600
3119 3127 83199600
3119 2667 83199600
446 2073 83199600
2218 3120 83199600
3120 3096 83199600
3120 2218 83199600
2883 2706 83199600
2413 2306 83199600
3099 2896 83199600
2896 3099 83199600
585 1229 83286000
585 808 83286000
3018 2333 83286000
2333 3018 83286000
3140 3141 83286000
3141 3140 83286000
18 3142 83372400
3143 2826 83372400
3144 2826 83372400
2826 3144 83372400
2826 1933 83372400
3144 3121 83372400
1229 1933 83372400
1536 3014 83458800
3014 1536 83458800
3145 3120 83458800
3120 3145 83458800
2826 3094 83458800
2826 3143 83458800
3089 2905 83458800
2900 2430 83458800
2900 1835 83458800
3146 2900 83458800
2900 3146 83458800
2939 18 83545200
18 2939 83545200
445 3014 83545200
3014 445 83545200
3147 1733 83545200
1733 3147 83545200
2852 445 83545200
445 2852 83545200
2852 2440 83545200
2592 2440 83545200
2440 2852 83545200
2440 2592 83545200
2137 1948 83545200
1948 2137 83545200
2845 1559 83545200
2900 884 83545200
18 3139 83631600
2 1246 83631600
1547 3040 83631600
3040 1246 83631600
1246 3040 83631600
3040 2135 83631600
2135 3040 83631600
2413 1640 83631600
1640 2413 83631600
1640 1933 83631600
2883 256 83631600
256 2883 83631600
3040 3120 83631600
3040 432 83631600
534 2844 83631600
2652 1905 83631600
2587 2655 83631600
2655 2587 83631600
3148 2794 83631600
2794 3148 83631600
2845 18 83718000
3131 3001 83718000
3001 3131 83718000
2440 3149 83718000
1905 2652 83718000
3150 3131 83718000
3131 3150 83718000
3127 3151 83718000
3151 3127 83718000
3152 3112 83718000
3112 3152 83718000
3153 3154 83718000
3154 3153 83718000
2218 2303 83804400
1312 2303 83804400
3131 2303 83804400
2303 3001 83804400
2303 2218 83804400
2303 1312 83804400
3001 2082 83804400
922 3018 83804400
1559 3119 83804400
3119 1559 83804400
3154 2308 83804400
2308 3154 83804400
2712 3155 83804400
3033 2548 83804400
2548 3033 83804400
3156 3007 83804400
3007 3156 83804400
3135 2024 83890800
2024 3135 83890800
3123 1559 83890800
1559 3123 83890800
3157 3156 83890800
3156 3157 83890800
3158 3119 83977200
3119 3158 83977200
2706 2883 83977200
3121 2826 83977200
2826 3121 83977200
3131 3018 83977200
3018 3131 83977200
2118 2603 83977200
3026 18 84063600
18 3026 84063600
3159 3001 84063600
3001 2308 84063600
3001 3159 84063600
3018 922 84063600
3160 922 84063600
922 3160 84063600
1961 2024 84063600
3131 2024 84063600
2024 3131 84063600
265 3014 84063600
3014 265 84063600
1948 2489 84063600
3161 2826 84063600
2826 3161 84063600
2187 3018 84063600
3018 2187 84063600
404 2099 84063600
3040 2719 84063600
3127 18 84150000
1357 17 84150000
2440 3119 84150000
3119 2440 84150000
3026 1246 84150000
1246 3026 84150000
2306 1733 84150000
3127 2440 84150000
625 2440 84150000
2440 3127 84150000
2440 625 84150000
2736 3120 84150000
3120 2736 84150000
432 3040 84150000
3123 2826 84150000
2826 3123 84150000
2430 2900 84150000
3141 3026 84150000
3026 3141 84150000
2852 3141 84150000
3141 2852 84150000
1905 2024 84236400
3028 2440 84236400
1961 1933 84236400
3162 2829 84236400
2829 3162 84236400
3162 3120 84236400
3120 3162 84236400
2308 2484 84236400
2484 2308 84236400
3121 2883 84236400
2883 3121 84236400
3162 1559 84236400
3099 1559 84236400
1559 3162 84236400
1559 3099 84236400
1911 2914 84236400
2914 1911 84236400
3102 1229 84236400
18 3163 84322800
2082 3001 84322800
2826 3001 84322800
3001 2826 84322800
3158 922 84322800
2440 2736 84322800
1894 3101 84322800
1595 3164 84322800
3164 1595 84322800
2923 1559 84409200
1963 2440 84409200
2188 2440 84409200
2440 1963 84409200
2440 2188 84409200
3096 3120 84409200
1682 1457 84409200
1414 3165 84409200
3060 18 84495600
3127 2303 84495600
2303 3127 84495600
2712 3001 84495600
265 922 84495600
3018 2923 84495600
2923 3018 84495600
1559 1414 84495600
3165 1414 84495600
2188 1414 84495600
1414 1559 84495600
1414 2188 84495600
3127 3066 84495600
3066 3127 84495600
3166 3121 84495600
3121 3166 84495600
3165 2612 84495600
3157 3159 84495600
3159 3157 84495600
18 1901 84582000
18 3167 84582000
18 3168 84582000
18 3144 84582000
450 3001 84582000
3001 450 84582000
1312 3164 84582000
3068 2025 84582000
2025 3068 84582000
2923 2303 84668400
2303 2959 84668400
2613 3014 84668400
3014 2613 84668400
3119 2817 84668400
3026 2440 84668400
2440 3026 84668400
2883 2974 84668400
2883 2779 84668400
432 1894 84668400
3131 2281 84668400
2639 2281 84668400
3026 2281 84668400
2959 2281 84668400
2281 3131 84668400
2281 2639 84668400
2281 3026 84668400
2281 2959 84668400
2413 3018 84668400
3169 2303 84754800
2303 3169 84754800
2303 3026 84754800
3049 3001 84754800
3017 922 84754800
922 3017 84754800
1547 2826 84754800
105 1246 84754800
3096 2135 84754800
2281 2923 84754800
2187 2923 84754800
3026 2923 84754800
2923 2281 84754800
2923 2187 84754800
2923 3026 84754800
2829 2914 84754800
3131 3120 84754800
3120 3131 84754800
3026 2913 84754800
2959 2913 84754800
2913 3026 84754800
2913 2959 84754800
3050 3026 84754800
3131 3026 84754800
3026 3050 84754800
3026 3131 84754800
2959 3131 84754800
3131 2959 84754800
12 18 84841200
2021 922 84841200
1911 2024 84841200
2024 1911 84841200
3066 3014 84841200
3014 3066 84841200
1263 1941 84841200
3120 28 84841200
28 3120 84841200
1559 2923 84841200
2959 2923 84841200
2923 2959 84841200
2959 2829 84841200
2826 2707 84841200
2021 139 84841200
2959 3170 84841200
3150 3170 84841200
3171 3170 84841200
3170 3171 84841200
3170 3150 84841200
2959 3139 84841200
3139 2959 84841200
3172 2303 84927600
2303 3172 84927600
2148 3014 84927600
3014 2148 84927600
3018 1733 84927600
1518 1092 84927600
3120 3040 84927600
2188 450 84927600
450 2188 84927600
3164 3066 84927600
3066 3164 84927600
3173 3121 84927600
3121 3173 84927600
2719 3040 84927600
3173 3049 84927600
3170 2959 84927600
58 18 85014000
1948 0 85014000
2847 1738 85014000
2848 1738 85014000
2851 1738 85014000
2850 1738 85014000
2844 1738 85014000
1738 2844 85014000
874 3119 85014000
1323 3014 85014000
3014 1323 85014000
1948 1856 85014000
1803 1933 85014000
2850 1246 85014000
2847 1246 85014000
28 1276 85014000
28 1933 85014000
3174 3120 85014000
3120 3174 85014000
2398 1933 85014000
1948 1276 85014000
2826 113 85014000
2844 2306 85014000
2850 2306 85014000
2848 2306 85014000
2847 2306 85014000
2306 2847 85014000
2306 2848 85014000
2306 2851 85014000
2306 2850 85014000
1276 94 85014000
3023 2905 85014000
2905 3023 85014000
2844 1933 85014000
2850 1933 85014000
2851 1933 85014000
2848 1933 85014000
2847 1933 85014000
1276 1933 85014000
1437 1933 85014000
2844 1276 85014000
2850 1276 85014000
2851 1276 85014000
2848 1276 85014000
2847 1276 85014000
1276 1944 85014000
1276 2847 85014000
1276 2848 85014000
1276 2850 85014000
3112 2913 85014000
2913 3112 85014000
2850 1229 85014000
2851 1229 85014000
2848 1229 85014000
2847 1229 85014000
1414 3001 85100400
3175 3001 85100400
2188 3001 85100400
3001 1414 85100400
3001 3175 85100400
3001 2188 85100400
3123 874 85100400
874 3123 85100400
1246 2388 85100400
3070 2923 85100400
3175 2923 85100400
2923 3070 85100400
2923 3175 85100400
3175 2440 85100400
2440 3175 85100400
113 2826 85100400
3018 3078 85100400
3176 874 85186800
874 3176 85186800
2721 1733 85186800
1733 2721 85186800
2073 2440 85186800
2440 2073 85186800
3017 2826 85186800
2826 3017 85186800
3017 2281 85186800
2281 3017 85186800
3127 3173 85186800
3173 3127 85186800
3164 824 85186800
3127 1871 85186800
1871 3127 85186800
3001 3094 85273200
3001 3049 85273200
2813 2440 85273200
3171 2440 85273200
2440 2813 85273200
2440 3171 85273200
3120 3135 85273200
2398 2959 85273200
3162 1438 85273200
1438 3162 85273200
3177 1536 85273200
1536 3177 85273200
3094 2959 85273200
533 3164 85273200
3164 533 85273200
3178 18 85359600
3119 2024 85359600
3150 3014 85359600
3014 3150 85359600
2923 3120 85359600
3162 2440 85359600
2440 3162 85359600
3120 3018 85359600
3173 1894 85359600
1894 3173 85359600
3178 1729 85359600
2146 3162 85359600
3162 2146 85359600
874 3179 85446000
3120 3119 85446000
3119 3120 85446000
2923 3094 85446000
3177 2440 85446000
2440 3177 85446000
3180 167 85446000
922 1803 85532400
3119 1738 85532400
1738 3119 85532400
3078 2024 85532400
3018 3120 85532400
2041 3120 85532400
2489 1948 85532400
3078 265 85532400
3144 18 85618800
2817 2303 85618800
3179 874 85618800
2592 3014 85618800
3059 3121 85618800
3121 3059 85618800
3169 18 85705200
18 3178 85705200
18 3169 85705200
18 2870 85705200
2079 1100 85705200
3121 2923 85705200
2923 3121 85705200
3149 2440 85705200
2883 2440 85705200
2440 2883 85705200
3181 2712 85705200
2712 3181 85705200
2079 2765 85705200
3087 3162 85705200
3162 3087 85705200
3182 1752 85705200
1752 3182 85705200
3183 3184 85705200
3184 3183 85705200
874 18 85791600
3001 3185 85791600
2868 1738 85791600
874 1738 85791600
2810 2024 85791600
2024 2810 85791600
2 1753 85791600
874 1753 85791600
874 2959 85791600
874 1933 85791600
18 3186 85878000
3185 3001 85878000
3168 3001 85878000
922 1811 85878000
3121 874 85878000
874 3121 85878000
3187 3014 85878000
3014 3187 85878000
2817 3119 85878000
3168 2440 85878000
2440 3178 85878000
2440 3181 85878000
2440 3168 85878000
3181 1559 85878000
1559 3181 85878000
3188 3121 85878000
3121 3188 85878000
3168 3173 85878000
2817 3001 85964400
3001 2817 85964400
3149 2 85964400
2 3149 85964400
2440 3014 85964400
3189 2440 85964400
2734 2440 85964400
3190 2440 85964400
2440 3189 85964400
2440 2734 85964400
2440 3190 85964400
2329 3191 85964400
3191 2329 85964400
3192 2905 85964400
2905 3192 85964400
2 18 86050800
18 2 86050800
18 3193 86050800
3181 3014 86050800
3014 3181 86050800
3181 256 86050800
3173 256 86050800
256 3181 86050800
256 3173 86050800
2306 3194 86050800
3195 265 86050800
265 3195 86050800
3196 2905 86050800
2905 3196 86050800
3017 3149 86050800
3149 3017 86050800
2426 3168 86050800
3168 2426 86050800
2141 2907 86050800
3082 1671 86050800
3197 3181 86050800
3181 3197 86050800
3087 3001 86137200
3001 3087 86137200
3180 922 86137200
2306 1803 86137200
1803 2306 86137200
3198 2923 86137200
3178 2440 86137200
1559 2440 86137200
2162 2440 86137200
2440 1559 86137200
2440 2162 86137200
2079 1961 86137200
3009 1961 86137200
1961 3009 86137200
3199 3120 86137200
2162 2892 86137200
2892 2162 86137200
3180 2281 86137200
2237 2281 86137200
2589 2281 86137200
2281 2237 86137200
2281 2589 86137200
3197 3149 86137200
3149 3197 86137200
3175 62 86137200
3058 3173 86137200
3173 3200 86137200
3173 3058 86137200
3196 18 86223600
3113 922 86223600
922 3199 86223600
922 3113 86223600
1198 1228 86223600
2135 951 86223600
3149 2923 86223600
2923 3149 86223600
1198 1518 86223600
2829 1961 86223600
2712 1961 86223600
3149 1961 86223600
1961 2829 86223600
1961 3149 86223600
1961 2712 86223600
3181 3149 86223600
2263 3149 86223600
3149 3181 86223600
3149 2263 86223600
81 2076 86223600
3200 18 86310000
2440 3197 86310000
286 3201 86310000
3201 286 86310000
2826 3202 86310000
3203 2281 86310000
3204 2281 86310000
2281 3180 86310000
2281 3203 86310000
2281 3204 86310000
3205 2754 86310000
2754 3205 86310000
3200 3173 86310000
3203 3162 86310000
3162 3203 86310000
3159 3206 86310000
2721 3001 86396400
3112 3001 86396400
3001 3112 86396400
3198 3149 86396400
1312 3144 86396400
3144 1312 86396400
3198 3162 86396400
3159 2670 86396400
2670 3159 86396400
3207 2616 86396400
2616 3207 86396400
3193 18 86482800
18 3208 86482800
18 3196 86482800
922 2263 86482800
2135 874 86482800
874 3203 86482800
1228 1246 86482800
1228 1198 86482800
1733 3018 86482800
1518 1198 86482800
3176 373 86482800
3164 373 86482800
3181 2281 86482800
2281 3181 86482800
3209 3192 86482800
3210 3192 86482800
3192 3209 86482800
3192 3210 86482800
3162 2652 86482800
2652 3162 86482800
3162 1862 86482800
1862 3162 86482800
0 1738 86569200
265 3001 86569200
3001 265 86569200
265 2024 86569200
2281 1733 86569200
1733 2281 86569200
3181 2440 86569200
3197 2440 86569200
3162 1963 86569200
3211 3162 86569200
3162 3211 86569200
1559 3001 86655600
3096 2024 86655600
3198 3192 86655600
3167 3192 86655600
3192 3167 86655600
224 1792 86655600
1792 224 86655600
3018 2413 86655600
3162 3173 86655600
3173 3162 86655600
3162 2141 86655600
2141 3162 86655600
3198 3009 86655600
3096 3212 86655600
3212 3096 86655600
3156 3001 86742000
2984 3001 86742000
3001 3156 86742000
3001 2984 86742000
3173 3168 86742000
3198 18 86828400
2024 3096 86828400
362 3070 86828400
3070 362 86828400
2408 2655 86828400
2655 2408 86828400
3023 1738 86914800
1738 3023 86914800
3198 874 86914800
874 2712 86914800
3119 2829 86914800
1752 3201 86914800
3201 1752 86914800
3159 3213 86914800
2712 1738 87001200
2712 28 87001200
2707 2923 87001200
2923 2707 87001200
3198 2440 87001200
3169 2440 87001200
1595 2440 87001200
3214 2440 87001200
2897 2440 87001200
2440 3169 87001200
2440 1595 87001200
2440 3214 87001200
2440 1444 87001200
2440 2897 87001200
2016 2281 87001200
2712 2281 87001200
2281 2016 87001200
2281 2712 87001200
2303 2923 87087600
3199 922 87087600
874 3198 87087600
2281 1246 87087600
2440 3198 87087600
2829 2959 87087600
2829 3198 87087600
3192 2237 87087600
3192 3198 87087600
2403 2140 87087600
2351 1753 87087600
404 3053 87087600
3162 2734 87087600
2734 3162 87087600
3215 3216 87087600
2140 18 87174000
0 2024 87174000
2440 874 87174000
3070 874 87174000
3053 874 87174000
874 2440 87174000
874 3070 87174000
1246 3122 87174000
2140 1518 87174000
3131 2829 87174000
2829 3131 87174000
2461 2341 87174000
2712 2306 87174000
2237 3192 87174000
2140 2173 87174000
2140 2250 87174000
2140 892 87174000
2140 2403 87174000
2140 3217 87174000
2140 3218 87174000
2140 1979 87174000
2140 2177 87174000
2140 2611 87174000
2073 3162 87174000
3162 2073 87174000
3119 3001 87260400
3158 2024 87260400
3014 3094 87260400
3014 2813 87260400
3122 1246 87260400
1246 2829 87260400
1246 533 87260400
2923 3198 87260400
2736 2440 87260400
2440 2974 87260400
2829 2351 87260400
2281 3120 87260400
3120 2281 87260400
3149 3198 87260400
533 3053 87260400
3009 3198 87260400
2737 18 87346800
1547 0 87346800
1547 28 87346800
3219 1246 87346800
1246 3219 87346800
3135 1733 87346800
1733 3135 87346800
2829 28 87346800
1438 2440 87346800
566 2440 87346800
2440 1438 87346800
2440 566 87346800
3135 3120 87346800
2712 3201 87346800
3201 2712 87346800
3066 2707 87346800
113 44 87346800
0 1547 87433200
0 1856 87433200
0 98 87433200
0 2754 87433200
0 2306 87433200
0 1948 87433200
0 2303 87433200
3205 3001 87433200
3001 3205 87433200
2024 2923 87433200
566 874 87433200
874 566 87433200
2413 3014 87433200
3014 2413 87433200
2826 3119 87433200
3094 3119 87433200
1547 2141 87433200
3220 1733 87433200
1733 3220 87433200
2829 62 87433200
2281 2844 87433200
3221 1437 87433200
1437 3221 87433200
3070 2147 87433200
2147 3070 87433200
3196 2413 87433200
2413 3196 87433200
1961 1733 87519600
1733 1961 87519600
3222 2829 87519600
2829 3222 87519600
3129 3223 87519600
3223 3129 87519600
0 1480 87606000
0 114 87606000
0 2141 87606000
0 2118 87606000
2024 2021 87606000
874 1246 87606000
3224 126 87606000
1597 2388 87606000
3017 3192 87606000
3192 3017 87606000
2673 18 87692400
2655 3001 87692400
1545 3001 87692400
3001 2655 87692400
3001 3153 87692400
2024 3225 87692400
2024 3198 87692400
2281 3119 87692400
3119 2826 87692400
3119 2281 87692400
3226 1733 87692400
1733 3226 87692400
533 2829 87692400
2829 533 87692400
2658 1849 87692400
2754 2963 87692400
3162 3198 87692400
2024 3226 87778800
3227 1856 87778800
1856 3227 87778800
2829 3119 87778800
3144 1733 87778800
1733 3144 87778800
2440 185 87778800
3059 2281 87778800
3070 2281 87778800
3145 2281 87778800
2281 3059 87778800
2281 3070 87778800
2281 3145 87778800
3226 3192 87778800
2639 3192 87778800
3192 3226 87778800
3192 2639 87778800
3121 3144 87778800
1729 3178 87778800
3228 3229 87778800
3229 3228 87778800
3227 3001 87865200
3001 3227 87865200
1464 1246 87865200
1246 1464 87865200
1961 2079 87865200
566 3192 87865200
3192 566 87865200
3217 2140 87865200
18 3230 87951600
18 3231 87951600
874 3001 87951600
1738 3232 87951600
3233 3119 87951600
3119 3233 87951600
566 1733 87951600
1733 566 87951600
3234 2281 87951600
2281 3234 87951600
3219 3192 87951600
3192 3219 87951600
3230 2140 87951600
3059 3070 87951600
3070 3059 87951600
3001 3229 88038000
3162 874 88038000
1911 3014 88038000
3014 1911 88038000
3192 3119 88038000
3119 3192 88038000
1547 100 88038000
3192 1246 88038000
1246 3192 88038000
2298 2440 88038000
2281 2440 88038000
2440 2829 88038000
2440 2281 88038000
1894 3235 88038000
3192 1963 88038000
3236 1963 88038000
1963 3192 88038000
3162 3237 88038000
2918 3053 88038000
3053 2918 88038000
18 3238 88124400
1246 3066 88124400
2845 1910 88124400
1910 2845 88124400
3237 2281 88124400
2281 3237 88124400
457 566 88124400
566 457 88124400
3237 3162 88124400
1856 1738 88210800
2281 2070 88210800
2070 2281 88210800
3001 2301 88297200
3001 1856 88297200
1945 3014 88297200
3014 1945 88297200
3175 1246 88297200
3175 2829 88297200
2829 3175 88297200
533 3018 88297200
3233 3070 88297200
3070 3233 88297200
3239 18 88383600
3238 18 88383600
18 3239 88383600
2024 3120 88383600
3192 3014 88383600
2779 3014 88383600
3240 3014 88383600
3014 2779 88383600
3014 3240 88383600
3014 3192 88383600
2440 77 88383600
3241 3192 88383600
3192 3241 88383600
2187 1536 88383600
3129 1738 88470000
1738 3129 88470000
2024 1640 88470000
1301 2829 88470000
2829 1301 88470000
3070 3192 88470000
3192 3070 88470000
3229 3001 88556400
3242 3014 88556400
3014 3242 88556400
2440 28 88556400
1227 2440 88556400
2440 1227 88556400
2829 3194 88556400
3243 2281 88556400
2281 3243 88556400
1246 3053 88642800
2135 3243 88642800
2281 2398 88642800
2398 2281 88642800
1595 2281 88642800
2281 1595 88642800
3244 2607 88642800
3168 3192 88642800
3087 3192 88642800
3192 3168 88642800
3192 3087 88642800
311 2140 88642800
2737 3026 88642800
3087 3070 88642800
3070 3087 88642800
3244 3156 88642800
3156 3244 88642800
3151 18 88729200
18 3151 88729200
1738 297 88729200
1246 2281 88729200
1246 3245 88729200
1464 2923 88729200
2306 2118 88729200
3223 2147 88729200
2147 3223 88729200
457 2810 88729200
3214 1738 88815600
1246 1718 88815600
1246 3078 88815600
3168 2281 88815600
2281 3168 88815600
3151 3168 88815600
3168 3151 88815600
18 3235 88902000
3173 2303 88902000
2303 3173 88902000
3121 3001 88902000
3001 3121 88902000
874 3173 88902000
3014 2829 88902000
2398 1246 88902000
1246 2398 88902000
1221 2298 88902000
3246 2298 88902000
3053 404 88902000
3211 3173 88902000
3173 3211 88902000
3247 397 88902000
397 3247 88902000
397 3248 88902000
3247 1107 88902000
3247 3248 88902000
3249 18 88988400
2398 0 88988400
2652 3001 88988400
3001 2712 88988400
105 1357 88988400
2845 3014 88988400
3014 2845 88988400
105 1304 88988400
2923 1464 88988400
105 1518 88988400
105 1948 88988400
105 62 88988400
105 1276 88988400
105 1944 88988400
2712 2146 88988400
1276 1753 88988400
3137 2845 88988400
2845 3137 88988400
2686 18 89074800
3186 2923 89074800
2923 3186 89074800
446 1910 89074800
2826 3250 89074800
2147 3251 89074800
3251 2147 89074800
3089 3149 89074800
3149 3089 89074800
1997 3089 89074800
3089 1997 89074800
3173 18 89161200
3252 18 89161200
3235 18 89161200
18 3173 89161200
1153 3001 89161200
3001 1153 89161200
2024 3245 89161200
1718 1246 89161200
1246 1227 89161200
3164 2398 89161200
2398 3164 89161200
533 2306 89161200
2306 533 89161200
384 3053 89161200
3053 384 89161200
3170 3001 89247600
3120 922 89247600
3225 922 89247600
3253 3151 89247600
3151 3253 89247600
3179 3235 89247600
3254 3235 89247600
3235 3254 89247600
265 1738 89334000
1738 265 89334000
2135 3201 89334000
2306 2826 89334000
3011 2397 89334000
3186 18 89420400
2237 3014 89420400
3014 2237 89420400
3192 27 89420400
27 3192 89420400
3144 3192 89420400
3223 3192 89420400
3192 3223 89420400
3192 3144 89420400
1783 1291 89420400
874 2925 89506800
3014 3149 89506800
3255 3112 89506800
3112 3255 89506800
3254 3102 89506800
3102 3254 89506800
3256 3257 89506800
3257 3256 89506800
2829 3014 89593200
3120 3199 89593200
3173 2686 89593200
3257 3258 89593200
3258 3257 89593200
3256 3259 89593200
18 3252 89679600
18 3253 89679600
18 3249 89679600
3119 2303 89679600
3096 3001 89679600
922 3225 89679600
27 3014 89679600
3014 27 89679600
1246 2357 89679600
2135 2852 89679600
3179 457 89679600
3260 3235 89679600
3235 3260 89679600
3245 1640 89766000
566 3235 89766000
2686 3173 89766000
922 3120 89852400
3014 3261 89852400
1945 3119 89852400
3119 1945 89852400
3119 1952 89852400
3262 2706 89852400
2706 3262 89852400
3263 18 89938800
18 3263 89938800
922 3264 89938800
533 3119 89938800
3119 533 89938800
3119 2400 89938800
3211 2923 89938800
2923 3211 89938800
2484 2948 89938800
2826 1545 89938800
2400 2306 89938800
3264 139 89938800
3235 566 89938800
3265 3211 89938800
3211 3265 89938800
3263 2799 89938800
1438 3001 90025200
3001 1438 90025200
3235 1894 90025200
2218 3121 90025200
3266 3254 90025200
3254 3266 90025200
2298 2303 90111600
3235 3001 90111600
3001 3235 90111600
1246 1357 90111600
3119 256 90111600
2298 1580 90111600
2826 2829 90111600
2902 2829 90111600
2829 2826 90111600
2829 2902 90111600
566 1633 90111600
1545 2826 90111600
3264 1914 90111600
922 1729 90198000
922 1718 90198000
3214 2829 90198000
1246 3119 90284400
3119 1246 90284400
28 3232 90284400
2306 2398 90284400
2398 2306 90284400
2897 3173 90284400
3173 2897 90284400
2813 3014 90370800
28 2440 90370800
3229 2175 90370800
2175 3229 90370800
3040 2863 90370800
2863 3040 90370800
2400 2008 90370800
18 2349 90457200
1729 922 90457200
2024 67 90457200
788 3119 90457200
3119 788 90457200
2721 1246 90457200
3264 1753 90457200
3235 2053 90457200
2053 3235 90457200
2622 3151 90457200
3151 2622 90457200
3263 3267 90457200
3267 3263 90457200
3268 3001 90543600
3001 3268 90543600
2024 3158 90543600
625 3191 90543600
1888 3191 90543600
3191 625 90543600
3191 1888 90543600
3258 2306 90543600
2306 3258 90543600
3269 3151 90543600
3151 3269 90543600
625 2896 90543600
2896 625 90543600
3211 3119 90630000
3144 3119 90630000
3265 3119 90630000
3119 3211 90630000
3119 3144 90630000
3119 3265 90630000
2923 445 90630000
2638 2923 90630000
2923 2638 90630000
3267 3270 90630000
3235 2025 90630000
3265 3199 90630000
2349 18 90716400
18 3271 90716400
18 3272 90716400
2484 3001 90716400
3210 1738 90716400
1738 3210 90716400
3070 3014 90716400
3014 3070 90716400
3131 2298 90716400
2298 3131 90716400
2484 2175 90716400
2312 432 90716400
3270 3267 90716400
2349 2223 90716400
2223 2349 90716400
2752 3014 90802800
3014 2752 90802800
2784 62 90802800
62 2784 90802800
3273 2706 90802800
2706 3273 90802800
2923 1640 90889200
2400 2301 90889200
2400 2829 90889200
2829 2721 90889200
3235 1092 90889200
533 432 90889200
432 2312 90889200
432 533 90889200
2400 62 90889200
62 2400 90889200
2400 2721 90889200
2657 1738 90975600
1738 2657 90975600
3261 3014 90975600
2923 1246 90975600
3234 2298 90975600
2829 1640 90975600
1640 2829 90975600
445 2923 90975600
3274 2440 90975600
457 2440 90975600
2440 3274 90975600
2440 457 90975600
3274 3191 90975600
3191 3274 90975600
3271 18 91062000
1416 1640 91062000
2923 1416 91062000
3275 2223 91062000
2223 3275 91062000
3205 2655 91062000
2655 3205 91062000
2263 922 91148400
3072 1092 91148400
3144 3191 91148400
3191 3144 91148400
1464 3001 91234800
3001 1464 91234800
2024 3094 91234800
1416 3201 91234800
3201 1416 91234800
3270 3070 91234800
3070 3270 91234800
874 2826 91321200
2156 3014 91321200
3214 3014 91321200
3014 2156 91321200
3014 3214 91321200
2440 1640 91321200
1595 2923 91321200
2923 1595 91321200
2751 3270 91321200
3270 2751 91321200
1753 922 91407600
3089 922 91407600
922 3089 91407600
1753 2 91407600
1753 874 91407600
2140 1118 91407600
1118 2140 91407600
1753 1547 91407600
1753 28 91407600
1753 1640 91407600
256 2440 91407600
3276 256 91407600
256 3276 91407600
1753 1227 91407600
1753 2461 91407600
1753 1699 91407600
1753 2306 91407600
1753 1423 91407600
1753 1652 91407600
1753 1276 91407600
1753 2163 91407600
1753 1792 91407600
1753 46 91407600
1753 2652 91407600
1753 745 91407600
1753 2368 91407600
1753 360 91407600
18 3191 91494000
2308 3001 91494000
2927 3001 91494000
3001 2927 91494000
2147 3014 91494000
3014 2147 91494000
2144 210 91494000
1948 210 91494000
210 1948 91494000
3214 2298 91494000
100 2829 91494000
2829 100 91494000
2144 1948 91494000
1948 2144 91494000
3113 139 91494000
2440 2298 91580400
1733 1933 91580400
1640 1416 91580400
3168 2923 91580400
2923 3168 91580400
126 1291 91580400
126 1933 91580400
3277 3201 91580400
3201 3277 91580400
2306 3278 91580400
2060 1933 91580400
3231 3277 91580400
3277 3231 91580400
1416 2303 91666800
3274 2923 91666800
2923 3274 91666800
2484 2814 91666800
3270 3144 91666800
3144 3270 91666800
3252 3270 91666800
3270 3252 91666800
3277 618 91666800
618 3277 91666800
3279 18 91753200
18 3279 91753200
2135 0 91753200
1246 3001 91753200
3001 1246 91753200
2120 874 91753200
3169 3119 91753200
3119 3169 91753200
2135 1100 91753200
2135 28 91753200
2135 373 91753200
2301 3280 91753200
2147 3191 91753200
3191 2147 91753200
2147 2905 91753200
2905 2147 91753200
2136 2140 91753200
2140 2136 91753200
3169 3018 91753200
3018 3169 91753200
3270 2147 91753200
3277 2147 91753200
3266 2147 91753200
2147 3270 91753200
2147 3277 91753200
2147 3266 91753200
2306 256 91839600
2461 1753 91839600
2141 3072 91839600
3072 2141 91839600
3277 3270 91839600
3270 3277 91839600
2747 3277 91839600
3277 2747 91839600
3277 3119 91926000
3119 3277 91926000
2622 2147 91926000
2471 2147 91926000
2147 2622 91926000
2147 2471 91926000
3001 2484 92012400
922 3093 92012400
1304 2016 92012400
3281 445 92012400
445 3281 92012400
3072 3133 92012400
2897 3270 92012400
3270 2897 92012400
3133 3282 92012400
3282 3133 92012400
3283 1738 92098800
1738 3283 92098800
3270 3014 92098800
3014 3270 92098800
3276 3284 92098800
2106 18 92185200
2106 0 92185200
2923 3014 92185200
3014 2923 92185200
3270 2923 92185200
2923 3270 92185200
2106 2175 92185200
2175 2106 92185200
3285 2040 92185200
1304 464 92271600
3133 3072 92271600
3235 3089 92271600
3270 3089 92271600
3089 3235 92271600
3089 3270 92271600
3235 944 92271600
944 3235 92271600
2060 1246 92358000
3286 3014 92444400
3286 3119 92444400
3119 3286 92444400
3286 3237 92444400
3237 3286 92444400
2298 3014 92530800
2135 3096 92530800
2652 3191 92530800
3191 2652 92530800
3191 18 92617200
922 3287 92617200
2306 3201 92617200
3201 2306 92617200
3288 3191 92617200
3289 3137 92617200
3137 3289 92617200
2065 0 92703600
0 2065 92703600
1856 2963 92703600
114 3290 92703600
2308 2175 92703600
2065 3191 92703600
3191 2065 92703600
3291 3290 92703600
3290 3291 92703600
3270 2863 92703600
2863 3270 92703600
2065 3270 92703600
3270 2065 92703600
3134 3282 92703600
3282 3134 92703600
3264 922 92790000
2106 922 92790000
922 2106 92790000
3290 1263 92790000
3292 1246 92790000
1246 3292 92790000
3070 2298 92790000
2298 3070 92790000
2053 3072 92790000
2140 3289 92790000
2140 311 92790000
2187 3055 92790000
1547 3001 92876400
3001 1547 92876400
2888 3014 92876400
3119 1547 92876400
2115 2298 92876400
1733 1640 92876400
2135 3286 92876400
3293 445 92876400
445 3293 92876400
3277 3237 92876400
3237 3277 92876400
533 3270 92876400
3270 533 92876400
3277 2897 92876400
2897 3277 92876400
3294 3137 92876400
3137 3294 92876400
922 2950 92962800
1640 3014 92962800
3014 1640 92962800
3295 2298 92962800
2897 2298 92962800
2298 2897 92962800
3191 256 92962800
256 3191 92962800
2301 3296 92962800
3022 2408 92962800
2408 3022 92962800
2896 3001 93049200
445 3001 93049200
3001 445 93049200
922 1640 93049200
460 3119 93049200
3119 460 93049200
2826 1948 93049200
1948 2826 93049200
3235 3168 93049200
3168 3235 93049200
3001 922 93135600
2139 3014 93135600
3014 2139 93135600
3191 3288 93135600
3289 2140 93135600
2669 2941 93135600
2147 0 93222000
3120 3014 93222000
3014 3120 93222000
3191 3119 93222000
3119 3191 93222000
1518 3297 93222000
3266 3191 93222000
3191 3266 93222000
2298 3001 93308400
60 3001 93308400
3001 256 93308400
3001 2298 93308400
3001 60 93308400
618 3014 93308400
3014 618 93308400
1547 126 93308400
67 1640 93308400
1640 67 93308400
3191 445 93308400
445 3191 93308400
2357 2301 93308400
126 3131 93308400
3270 3191 93308400
3298 3191 93308400
3299 3191 93308400
3300 3191 93308400
3191 3270 93308400
3191 3298 93308400
3191 3299 93308400
3191 3300 93308400
2306 2357 93308400
2106 1753 93308400
944 3282 93308400
3301 618 93308400
618 3301 93308400
3287 922 93394800
1952 3119 93394800
1640 184 93394800
636 1464 93394800
1464 636 93394800
1901 3191 93394800
460 3191 93394800
3277 3191 93394800
457 3191 93394800
3191 3277 93394800
3191 457 93394800
3191 1901 93394800
3191 460 93394800
3282 944 93394800
256 3001 93481200
2016 922 93481200
2950 922 93481200
922 2016 93481200
3014 2888 93481200
3072 3235 93481200
1733 2835 93567600
3191 1464 93567600
1464 3191 93567600
3156 3302 93567600
3001 3096 93654000
2835 1246 93654000
3303 1640 93654000
1640 3303 93654000
3302 3156 93654000
2024 3161 93740400
3129 3119 93740400
3191 2298 93740400
2298 3191 93740400
3129 2923 93740400
2923 3129 93740400
3304 3191 93740400
3173 3191 93740400
3191 3304 93740400
3191 3173 93740400
3173 2707 93740400
2707 3173 93740400
3264 2661 93740400
3173 874 93826800
3305 3014 93826800
3014 3305 93826800
3014 2473 93826800
2408 2607 93826800
3306 1033 93826800
1033 3306 93826800
3304 3307 93826800
3307 3304 93826800
18 815 93913200
18 3308 93913200
3173 3001 93913200
2473 3001 93913200
3001 3173 93913200
3001 2473 93913200
3014 922 93913200
922 3309 93913200
922 3014 93913200
3192 2016 93913200
2016 3192 93913200
2024 3001 93999600
96 3001 93999600
2142 3001 93999600
2065 3001 93999600
3001 96 93999600
3001 2142 93999600
3001 2065 93999600
2548 922 93999600
922 2548 93999600
3304 2398 93999600
2398 3304 93999600
815 1948 93999600
1948 815 93999600
2825 2073 93999600
3309 139 93999600
1862 3173 93999600
3173 1862 93999600
3304 2329 93999600
2329 3304 93999600
1246 2826 94086000
384 2135 94086000
2135 384 94086000
67 3120 94086000
3120 67 94086000
1633 1437 94086000
3291 2765 94086000
3237 3001 94172400
3001 3237 94172400
3211 874 94172400
1246 2835 94172400
815 2298 94172400
2298 815 94172400
3237 2440 94172400
2721 1948 94172400
2835 1948 94172400
1948 2721 94172400
1948 2835 94172400
3089 3191 94172400
3191 3089 94172400
3119 2707 94258800
3276 3191 94258800
3191 3276 94258800
3306 2707 94258800
2707 2725 94258800
3055 1856 94348800
2473 2923 94348800
2923 2473 94348800
3055 2301 94348800
3229 2484 94348800
2484 3229 94348800
3131 126 94348800
2473 3191 94348800
3191 2473 94348800
2707 3306 94348800
1602 1849 94348800
3055 2187 94348800
3055 2999 94348800
3001 2303 94435200
1961 3001 94435200
3001 1961 94435200
1817 3119 94435200
3119 28 94435200
3119 1817 94435200
3310 2135 94435200
2135 3310 94435200
3070 460 94435200
460 3070 94435200
2303 3179 94521600
922 3001 94521600
3311 3001 94521600
3001 3311 94521600
1856 2982 94521600
1100 28 94521600
2484 3007 94521600
1948 3290 94521600
2897 3191 94521600
1817 3191 94521600
3191 2897 94521600
3191 1817 94521600
3312 1682 94521600
1682 3312 94521600
2835 3310 94521600
3312 2548 94521600
2548 3312 94521600
3098 1817 94521600
1817 3098 94521600
3179 2303 94608000
3312 874 94608000
874 3312 94608000
1246 3310 94608000
2883 2298 94608000
2298 2883 94608000
3134 3072 94608000
3310 2835 94608000
3179 1729 94608000
815 18 94694400
3149 3001 94694400
3001 3149 94694400
3001 3310 94694400
1738 3310 94694400
2024 1733 94694400
2845 446 94694400
815 3192 94694400
3192 815 94694400
3313 2187 94694400
2187 3313 94694400
3055 3001 94780800
1911 3001 94780800
2558 3001 94780800
3001 3055 94780800
3001 1911 94780800
3001 2558 94780800
2016 2135 94780800
2135 2016 94780800
3314 3156 94780800
3315 3264 94780800
3264 3315 94780800
3314 3157 94780800
3157 3314 94780800
3253 18 94867200
3237 874 94867200
874 3237 94867200
1246 1733 94867200
1961 62 94867200
3316 2484 94867200
2125 2484 94867200
2484 3316 94867200
3237 2736 94867200
2981 3192 94867200
3192 2981 94867200
3072 719 94867200
3253 1817 94867200
3315 3237 94867200
3237 3315 94867200
2125 3007 94867200
3264 3317 94867200
874 2707 94953600
3214 3119 94953600
3119 2306 94953600
719 3072 94953600
815 2845 94953600
2024 3315 95040000
2024 3304 95040000
1963 874 95040000
874 1963 95040000
1633 3318 95040000
2306 3319 95040000
2310 199 95040000
3001 3089 95126400
2981 874 95126400
874 2923 95126400
2506 3014 95126400
3014 2506 95126400
2147 1547 95126400
1547 2147 95126400
3320 3251 95126400
3251 3320 95126400
3320 2707 95126400
874 3320 95212800
3119 445 95212800
460 1640 95212800
1640 460 95212800
2905 445 95212800
3059 445 95212800
445 2905 95212800
445 3059 95212800
2841 432 95212800
1792 3072 95212800
3072 1792 95212800
2140 3321 95212800
3322 2525 95212800
3323 3324 95212800
3324 3323 95212800
3325 18 95299200
2736 3001 95299200
3001 2736 95299200
2871 874 95299200
1955 874 95299200
456 874 95299200
874 456 95299200
2826 1246 95299200
3321 2140 95299200
199 2310 95299200
3326 3324 95299200
3324 3326 95299200
3327 3312 95299200
3312 3327 95299200
2306 18 95385600
3001 2743 95385600
3001 3076 95385600
3014 874 95385600
2736 3014 95385600
3014 2736 95385600
2135 2303 95472000
2706 2303 95472000
2147 3119 95472000
3119 2147 95472000
456 771 95472000
771 456 95472000
3328 3089 95472000
3089 3328 95472000
3329 2147 95472000
3327 2147 95472000
2147 3329 95472000
2147 3327 95472000
3327 3328 95472000
2863 3001 95558400
3001 3330 95558400
3001 2863 95558400
2868 3119 95558400
3119 2868 95558400
456 445 95558400
3070 445 95558400
3301 445 95558400
445 456 95558400
445 3070 95558400
445 3301 95558400
3089 771 95558400
771 3089 95558400
3191 3321 95558400
3331 3251 95558400
552 3251 95558400
3251 552 95558400
3330 2607 95558400
2548 2106 95558400
3332 3333 95558400
3334 3333 95558400
3333 3332 95558400
3333 3334 95558400
3321 2845 95558400
2845 3321 95558400
3328 2041 95558400
2041 3328 95558400
3334 3328 95558400
460 18 95644800
18 460 95644800
2800 3001 95644800
2135 3001 95644800
3001 2800 95644800
2706 874 95644800
2237 2135 95644800
2135 2237 95644800
2135 3334 95644800
445 3325 95644800
432 2841 95644800
1301 3192 95644800
3335 3192 95644800
3192 1301 95644800
3192 3335 95644800
1819 2706 95644800
2706 1819 95644800
3066 2800 95644800
1301 3333 95644800
3333 1301 95644800
3334 3331 95644800
2897 3298 95644800
3298 2897 95644800
3334 3336 95644800
3336 3334 95644800
3337 18 95731200
18 3337 95731200
18 3325 95731200
18 3338 95731200
3089 2303 95731200
2303 3089 95731200
1948 1738 95731200
2706 3119 95731200
2060 28 95731200
28 2060 95731200
445 3339 95731200
3321 3191 95731200
3340 3191 95731200
3191 3340 95731200
2707 2826 95731200
2706 2826 95731200
3251 3331 95731200
2707 3331 95731200
3331 2706 95731200
2706 3331 95731200
618 3341 95731200
3341 618 95731200
3342 3100 95731200
3100 3342 95731200
3330 3001 95817600
3001 28 95817600
1738 3327 95817600
1738 3334 95817600
3343 3014 95817600
3014 3343 95817600
3119 3214 95817600
3119 1444 95817600
2707 2298 95817600
61 2923 95817600
2923 61 95817600
2706 256 95817600
256 2706 95817600
3344 2707 95817600
2707 3344 95817600
3192 3089 95817600
3070 61 95817600
61 3070 95817600
3298 2706 95817600
2706 3298 95817600
3345 3333 95817600
3333 3345 95817600
3331 3334 95817600
3343 3029 95817600
3343 3033 95817600
552 2303 95904000
2303 552 95904000
3001 3214 95904000
3001 1444 95904000
874 3192 95904000
1457 3014 95904000
3325 3014 95904000
3014 3325 95904000
1304 63 95904000
1304 3346 95904000
3331 1733 95904000
1733 3331 95904000
3251 445 95904000
445 3251 95904000
2829 2883 95904000
2829 1444 95904000
2829 3214 95904000
460 3253 95904000
3329 3173 95904000
3173 3329 95904000
3325 3237 95904000
3237 3325 95904000
3347 3235 95904000
3235 3347 95904000
3325 3348 95904000
3348 18 95990400
3338 18 95990400
3349 2303 95990400
2303 3144 95990400
2303 3349 95990400
1738 1803 95990400
61 1304 95990400
3348 2135 95990400
2135 3348 95990400
3325 2016 95990400
2016 3325 95990400
61 2707 95990400
2707 61 95990400
3192 3350 95990400
3351 2400 95990400
2400 3351 95990400
3348 3325 95990400
3352 3350 95990400
3350 3352 95990400
3144 2303 96076800
1304 3001 96076800
922 3161 96076800
3232 1738 96076800
1738 2118 96076800
1738 3214 96076800
2923 2144 96076800
2825 1633 96076800
3251 3214 96076800
2118 3353 96076800
0 373 96163200
3001 3350 96163200
922 2835 96163200
2024 1229 96163200
28 3119 96163200
2388 446 96163200
3350 3251 96163200
3251 3350 96163200
3298 2147 96163200
2147 3298 96163200
3173 3354 96163200
3264 2141 96163200
2141 3264 96163200
3337 2928 96163200
2928 3337 96163200
432 2303 96249600
2303 432 96249600
2303 3341 96249600
3001 3119 96249600
3001 1653 96249600
1803 1738 96249600
874 3355 96249600
3201 3014 96249600
3014 3201 96249600
1263 3305 96249600
432 1640 96249600
1640 432 96249600
12 3260 96249600
2355 2607 96249600
3192 824 96249600
2355 3055 96249600
18 3132 96336000
0 1229 96336000
3328 2303 96336000
2303 2734 96336000
2303 2406 96336000
3344 3001 96336000
3001 432 96336000
3001 3344 96336000
3001 3162 96336000
189 922 96336000
922 189 96336000
1738 2422 96336000
1738 3328 96336000
2024 3327 96336000
2024 3334 96336000
2024 3356 96336000
2826 3014 96336000
3014 2826 96336000
1547 1545 96336000
1518 3353 96336000
1518 2147 96336000
3251 2829 96336000
2829 3251 96336000
362 2883 96336000
2883 362 96336000
3348 3251 96336000
1545 3251 96336000
3251 3348 96336000
3251 1545 96336000
3357 2607 96336000
3253 2498 96336000
2498 3253 96336000
2147 3358 96336000
362 2477 96336000
3359 3331 96336000
3331 3359 96336000
3360 1329 96336000
1329 3360 96336000
3357 3229 96336000
3229 3357 96336000
2342 3001 96422400
3001 2342 96422400
3001 3361 96422400
2024 3362 96422400
2024 3326 96422400
2024 3323 96422400
2024 3324 96422400
2024 3363 96422400
2306 445 96422400
2016 2829 96422400
3357 2484 96422400
2484 3357 96422400
2883 1633 96422400
1633 2883 96422400
2880 3192 96422400
3192 2880 96422400
2845 3026 96422400
3026 2845 96422400
3211 3168 96422400
3168 3211 96422400
3364 18 96508800
18 3364 96508800
18 3218 96508800
18 3348 96508800
18 3365 96508800
18 3354 96508800
2303 3328 96508800
3192 874 96508800
2883 3014 96508800
3014 2883 96508800
3325 445 96508800
2883 445 96508800
445 2707 96508800
445 2883 96508800
3366 1518 96508800
1518 3366 96508800
3261 3120 96508800
3120 3261 96508800
126 3224 96508800
3192 2883 96508800
2883 3192 96508800
3089 3251 96508800
3251 3089 96508800
3325 2707 96508800
2707 3325 96508800
3218 2140 96508800
3366 2140 96508800
2140 3366 96508800
3337 2845 96508800
2845 3337 96508800
3328 3325 96508800
3325 3328 96508800
3354 18 96595200
1246 2303 96595200
2880 2303 96595200
2303 2880 96595200
1640 922 96595200
1263 3367 96595200
1263 1063 96595200
1263 3368 96595200
3119 824 96595200
1246 432 96595200
432 2829 96595200
2883 2829 96595200
2829 432 96595200
2883 3369 96595200
3325 3149 96595200
3149 3325 96595200
3341 3192 96595200
3192 3341 96595200
3192 99 96595200
2525 3370 96595200
3354 3173 96595200
2118 1535 96595200
460 3001 96681600
3001 460 96681600
3001 3127 96681600
2024 660 96681600
2024 484 96681600
2024 2504 96681600
2024 1893 96681600
2024 1535 96681600
2024 3361 96681600
2024 617 96681600
2024 567 96681600
2024 3371 96681600
2024 3372 96681600
2024 3373 96681600
2024 3374 96681600
3305 1263 96681600
2880 445 96681600
445 2880 96681600
2144 2923 96681600
3305 446 96681600
3369 2883 96681600
3328 3251 96681600
566 1063 96681600
3369 1416 96681600
3100 2765 96681600
3375 3298 96681600
3298 3375 96681600
3354 3325 96681600
3325 3354 96681600
3376 3305 96681600
3305 3376 96681600
1733 3001 96768000
432 3001 96768000
3001 3170 96768000
3001 1733 96768000
3001 567 96768000
3001 1559 96768000
28 3014 96768000
3014 28 96768000
2188 445 96768000
445 2188 96768000
3226 2440 96768000
2440 3226 96768000
3237 2829 96768000
3170 2525 96768000
3331 2141 96768000
2141 3331 96768000
2845 815 96768000
3341 2303 96854400
3001 3377 96854400
3298 3014 96854400
210 3014 96854400
3375 3014 96854400
3014 3298 96854400
3014 210 96854400
3014 3375 96854400
2883 2923 96854400
2923 2883 96854400
2734 3251 96854400
2908 2707 96854400
2707 2908 96854400
2835 533 96854400
3344 2536 96854400
2536 3344 96854400
1227 3001 96940800
3014 1457 96940800
3251 1246 96940800
1640 3120 96940800
2041 2923 96940800
2923 2041 96940800
1227 3089 96940800
1948 3120 96940800
3325 3251 96940800
2041 3251 96940800
3251 3325 96940800
3251 2041 96940800
3251 3375 96940800
3072 2053 96940800
3072 1063 96940800
3378 3173 96940800
3173 3378 96940800
2738 2041 96940800
2041 2738 96940800
3102 3325 96940800
3325 3102 96940800
1552 3375 96940800
3379 18 97027200
18 3379 97027200
2024 2913 97027200
2289 1263 97027200
1246 2721 97027200
3325 2923 97027200
2923 3325 97027200
3149 2706 97027200
3380 2175 97027200
2175 3380 97027200
3381 3341 97027200
3341 3381 97027200
18 3382 97113600
18 3383 97113600
3001 2721 97113600
2024 3134 97113600
3232 28 97113600
2141 28 97113600
3328 2829 97113600
2829 3328 97113600
3281 2763 97113600
18 2498 97200000
2306 1246 97200000
2135 1905 97200000
1633 1063 97200000
3191 1063 97200000
18 3384 97286400
3377 3001 97286400
3298 3001 97286400
3001 3298 97286400
1894 28 97286400
2736 2829 97286400
2736 3237 97286400
1738 3385 97372800
2024 3231 97372800
2024 3385 97372800
2024 3386 97372800
3387 874 97372800
874 3387 97372800
2835 3119 97372800
3119 2835 97372800
2829 1547 97372800
1547 2829 97372800
28 3251 97372800
3191 3386 97372800
227 3251 97372800
3251 227 97372800
2712 3290 97372800
3290 2712 97372800
2706 3385 97372800
2163 1753 97372800
2829 3001 97459200
1640 3001 97459200
3001 2829 97459200
2024 1179 97459200
2024 3388 97459200
1547 1438 97459200
432 1246 97459200
28 1894 97459200
3191 3389 97459200
432 1179 97459200
432 3388 97459200
3251 450 97459200
450 3251 97459200
3281 1179 97459200
18 3390 97545600
18 3391 97545600
3001 1640 97545600
2024 3392 97545600
3328 1856 97545600
1856 3328 97545600
3393 1263 97545600
114 1910 97545600
1246 2706 97545600
2706 1733 97545600
3298 3251 97545600
2835 922 97632000
922 2684 97632000
2024 1386 97632000
2024 860 97632000
2024 2647 97632000
2024 2718 97632000
2024 2897 97632000
2024 2559 97632000
2024 3394 97632000
3381 874 97632000
3390 3014 97632000
3014 3390 97632000
1227 210 97632000
210 1227 97632000
2737 3120 97632000
442 105 97632000
3281 3191 97632000
105 802 97632000
533 2835 97632000
3395 2914 97632000
2914 3395 97632000
3396 2737 97632000
2737 3396 97632000
1246 2863 97718400
3395 2829 97718400
2829 3395 97718400
3397 2825 97718400
3251 3298 97718400
924 1643 97718400
1276 113 97718400
2754 1493 97718400
2754 1382 97718400
2754 1397 97718400
2863 3281 97718400
924 335 97718400
2754 0 97804800
3001 241 97804800
2024 241 97804800
2024 2366 97804800
2914 3014 97804800
3014 2914 97804800
2754 1856 97804800
1856 113 97804800
1263 884 97804800
1948 1547 97804800
1547 1948 97804800
3398 445 97804800
445 3398 97804800
2301 113 97804800
2829 3399 97804800
3191 1948 97804800
1948 3191 97804800
3191 2754 97804800
3191 3160 97804800
2754 1276 97804800
2754 113 97804800
3011 113 97804800
3191 0 97891200
3001 113 97891200
2024 2263 97891200
2024 2593 97891200
1263 3290 97891200
3191 2263 97891200
2099 2263 97891200
3281 1821 97891200
3328 2099 97891200
2099 3328 97891200
3400 2189 97891200
3001 0 97977600
0 3191 97977600
0 3001 97977600
3014 3001 97977600
3001 3014 97977600
3387 3151 97977600
3151 3387 97977600
3151 2257 97977600
3365 18 98064000
1901 18 98064000
1963 3001 98064000
3401 3001 98064000
3001 3401 98064000
2024 831 98064000
3144 3014 98064000
3014 2440 98064000
3014 3144 98064000
460 1547 98064000
3399 3402 98064000
3402 3399 98064000
3174 3399 98064000
3001 1259 98150400
2525 3251 98150400
3251 2525 98150400
3402 2652 98150400
2652 3402 98150400
18 3403 98236800
2301 1794 98236800
3395 195 98236800
2965 195 98236800
195 3395 98236800
195 2965 98236800
1948 2565 98236800
2306 460 98236800
2163 3072 98236800
3072 2163 98236800
2498 460 98236800
460 2498 98236800
3404 2914 98236800
2914 3404 98236800
3001 2461 98323200
2024 585 98323200
3119 3355 98323200
1640 1733 98323200
2175 3001 98409600
3001 2175 98409600
3001 692 98409600
3001 3375 98409600
2024 815 98409600
2024 3375 98409600
2863 1246 98409600
2832 3066 98409600
3066 2832 98409600
2024 2130 98496000
27 1640 98496000
1640 27 98496000
3405 2706 98496000
2706 3405 98496000
1856 240 98582400
3119 2137 98582400
46 2200 98582400
2024 1182 98668800
3406 2498 98668800
2498 3406 98668800
1856 1632 98755200
3120 1246 98755200
3119 3094 98841600
3144 195 98841600
195 3144 98841600
3407 3331 98841600
3331 3407 98841600
533 1738 98928000
2024 3192 98928000
3168 195 98928000
195 3168 98928000
533 2706 98928000
1235 3408 98928000
3408 1235 98928000
1227 3014 99014400
3014 1227 99014400
3328 3119 99014400
3066 3119 99014400
3119 3066 99014400
3119 3328 99014400
3144 2829 99014400
2829 2016 99014400
2829 3144 99014400
2835 1699 99014400
3066 3001 99100800
874 3014 99100800
2829 2473 99100800
3328 195 99100800
2473 195 99100800
195 3328 99100800
195 2473 99100800
2141 2706 99100800
3293 3040 99100800
3040 3293 99100800
3405 2141 99100800
18 3409 99187200
18 3406 99187200
18 1665 99187200
195 3119 99187200
3119 195 99187200
3253 195 99187200
195 3253 99187200
3410 3173 99187200
1357 2135 99273600
874 1547 99273600
3293 3014 99273600
3014 3293 99273600
3410 357 99273600
357 3410 99273600
2826 2931 99273600
2931 2826 99273600
3040 2144 99273600
2144 3040 99273600
2908 533 99273600
533 2908 99273600
3168 874 99360000
1792 874 99360000
874 1792 99360000
3261 3119 99360000
3119 3261 99360000
3328 3144 99360000
3144 3328 99360000
3408 2838 99360000
2461 3001 99446400
2024 613 99446400
2 613 99446400
3300 2923 99446400
2923 3300 99446400
3395 3251 99446400
3251 3395 99446400
1276 98 99446400
3411 224 99446400
224 3411 99446400
922 2021 99532800
2024 3095 99532800
3120 2923 99532800
2140 3412 99532800
2140 1943 99532800
2140 3230 99532800
3405 2863 99619200
18 3413 99705600
26 3001 99705600
3001 26 99705600
3251 3014 99705600
3014 3251 99705600
2306 3414 99705600
2908 3251 99705600
3251 2908 99705600
3251 613 99705600
3072 3404 99705600
1943 2140 99705600
1819 2473 99705600
3413 18 99792000
3251 2298 99792000
2298 3251 99792000
460 3251 99792000
3251 460 99792000
2473 1819 99792000
3173 3410 99792000
2738 922 99878400
874 922 99878400
3261 922 99878400
2024 1492 99878400
333 3014 99878400
2099 3014 99878400
3014 333 99878400
3014 2099 99878400
3014 2422 99878400
445 1754 99878400
2398 3415 99878400
2306 2144 99878400
2306 3251 99878400
75 3001 99964800
3001 75 99964800
3001 2748 99964800
922 3261 99964800
3119 3014 99964800
3014 3119 99964800
3414 2306 99964800
2189 3400 99964800
18 3416 100051200
3251 2303 100051200
2303 3251 100051200
3160 3191 100051200
2928 2136 100051200
2136 2928 100051200
2928 2173 100051200
2144 1547 100137600
3040 2923 100137600
2923 3040 100137600
3414 2863 100137600
2863 3414 100137600
3234 3414 100137600
3414 3234 100137600
3412 2140 100224000
1894 3001 100310400
3001 1894 100310400
1718 922 100310400
3251 126 100310400
126 3251 100310400
1416 460 100310400
460 1416 100310400
3001 3201 100396800
2024 1764 100396800
2398 1640 100396800
1640 2398 100396800
2706 1492 100396800
1492 2706 100396800
3251 1894 100396800
1894 3251 100396800
2707 3251 100396800
3168 3251 100396800
3251 2707 100396800
3251 3168 100396800
1911 2016 100396800
2016 1911 100396800
892 2173 100396800
3417 3253 100396800
3253 3417 100396800
2024 1592 100483200
2135 2868 100483200
3418 3201 100483200
3201 3418 100483200
3072 3419 100483200
3420 2136 100483200
2136 3420 100483200
18 3421 100569600
2914 3251 100569600
3251 2914 100569600
3419 3072 100569600
3191 1571 100656000
2826 3422 100656000
1963 636 100656000
636 1963 100656000
3417 3410 100656000
3410 3417 100656000
1862 3151 100656000
3151 1862 100656000
3383 18 100742400
2024 3013 100742400
3170 3014 100742400
3119 1733 100742400
2706 1754 100742400
2041 3070 100742400
3070 2041 100742400
2041 3410 100742400
3410 2041 100742400
3001 3224 100828800
3001 3423 100828800
2024 1381 100828800
2024 3424 100828800
195 2303 100915200
2303 195 100915200
3231 2135 100915200
2135 3231 100915200
3192 2923 100915200
2923 3192 100915200
195 357 100915200
357 195 100915200
3120 2883 100915200
460 195 100915200
195 460 100915200
3417 2736 100915200
2736 3417 100915200
1832 1754 100915200
3417 3231 100915200
2923 1547 101001600
195 1547 101001600
1547 195 101001600
3416 2135 101001600
2135 3416 101001600
3421 2923 101001600
2923 3421 101001600
3416 2931 101001600
83 195 101001600
195 83 101001600
2582 922 101088000
3251 874 101088000
874 3251 101088000
3231 2829 101088000
2829 3231 101088000
3425 195 101088000
195 3425 101088000
3072 3068 101088000
3290 2525 101088000
3426 2931 101174400
432 3281 101174400
3421 18 101260800
2024 3205 101260800
18 1153 101347200
3119 1640 101347200
636 2440 101347200
2440 636 101347200
3191 1633 101347200
3191 3318 101347200
1750 1753 101347200
3390 18 101433600
2024 3312 101433600
3427 874 101433600
874 3427 101433600
3367 1263 101433600
1263 3428 101433600
1263 3429 101433600
1733 3119 101433600
3421 2829 101433600
2829 3421 101433600
2835 2461 101433600
3367 2825 101433600
3367 3429 101433600
2754 3191 101433600
636 2652 101433600
3251 1754 101433600
3001 2652 101520000
2024 3430 101520000
2024 3431 101520000
3251 28 101520000
3432 2931 101520000
2931 3432 101520000
3251 2883 101520000
2883 3251 101520000
1323 3251 101520000
3251 1323 101520000
100 1754 101520000
1640 3119 101606400
1640 1547 101606400
1547 2706 101606400
2835 1733 101606400
3191 1617 101606400
1153 18 101692800
2024 874 101692800
2931 2473 101692800
3191 2747 101692800
1153 3420 101692800
3231 3151 101692800
3151 3231 101692800
3410 2931 101779200
3410 195 101779200
195 3410 101779200
2144 2306 101779200
3420 1153 101779200
3433 2122 101779200
2122 3433 101779200
2102 256 101865600
2931 3260 101865600
1948 3260 101865600
3149 3251 101865600
3251 3149 101865600
3290 114 101952000
3251 1640 101952000
1640 3251 101952000
1640 3434 101952000
3433 2931 101952000
2734 2931 101952000
2931 3433 101952000
2931 2734 101952000
3435 2398 101952000
2398 3435 101952000
2398 432 101952000
3260 1948 101952000
2706 3251 101952000
2706 2863 101952000
892 2964 101952000
3436 3410 101952000
3410 3436 101952000
796 3437 101952000
3437 796 101952000
2823 3433 101952000
3433 2823 101952000
874 3191 102038400
3191 1263 102038400
1263 2025 102038400
1263 2388 102038400
1633 2721 102038400
1633 3191 102038400
1633 2807 102038400
2747 3191 102038400
3191 3438 102038400
3191 1849 102038400
892 3439 102038400
2931 3391 102124800
3290 3251 102124800
2747 3251 102124800
3251 3290 102124800
3251 2747 102124800
3439 892 102124800
1547 1640 102211200
3112 2298 102211200
2298 2931 102211200
2298 3112 102211200
460 2923 102211200
2923 460 102211200
2473 2829 102211200
1819 2931 102211200
2931 2928 102211200
2931 1819 102211200
3440 1754 102211200
2024 1547 102297600
2024 289 102297600
2652 195 102297600
2908 3201 102297600
3201 2908 102297600
2306 1915 102297600
1437 18 102384000
18 1437 102384000
3001 2707 102384000
3001 2963 102384000
3434 1640 102384000
2144 1416 102384000
26 1416 102384000
1416 26 102384000
3441 2652 102384000
3099 2652 102384000
2652 3441 102384000
2652 3099 102384000
1227 922 102470400
3301 3119 102470400
3119 3301 102470400
1640 2440 102470400
2928 2931 102470400
2141 2931 102470400
2931 2141 102470400
3151 3410 102470400
3410 3151 102470400
3102 3119 102556800
3119 3102 102556800
1492 1547 102556800
1547 1492 102556800
3260 256 102556800
256 3260 102556800
2142 3144 102556800
3144 2142 102556800
3437 1901 102556800
1901 3437 102556800
3410 18 102643200
18 3410 102643200
18 1301 102643200
874 1640 102643200
2883 2931 102643200
874 2931 102729600
3421 2883 102729600
2883 3421 102729600
373 2835 102729600
1437 1276 102729600
1276 1437 102729600
3391 18 102816000
2024 3442 102816000
2024 3443 102816000
2024 3444 102816000
2024 3445 102816000
2024 3446 102816000
2024 3447 102816000
2024 3448 102816000
2024 3449 102816000
3201 2298 102816000
2298 3201 102816000
3440 3450 102816000
3440 3451 102816000
3440 3442 102816000
3440 3443 102816000
3440 3444 102816000
3440 3445 102816000
3440 3446 102816000
3440 3447 102816000
3440 3448 102816000
3440 3449 102816000
2024 3452 102902400
2024 3453 102902400
2024 3454 102902400
2024 3455 102902400
2024 3456 102902400
874 3381 102902400
2765 1594 102902400
195 2498 102902400
3410 3089 102902400
3089 105 102902400
3089 3410 102902400
2765 1933 102902400
3457 2175 102902400
2175 3457 102902400
3458 1437 102902400
2765 1437 102902400
1437 3458 102902400
2765 397 102902400
2765 884 102902400
2765 3095 102902400
2765 3100 102902400
2765 2073 102902400
2765 1063 102902400
2024 3459 102988800
2024 3460 102988800
2835 874 102988800
1862 2931 102988800
3440 3460 102988800
3440 3459 102988800
3070 2303 103075200
3191 2303 103075200
2303 2835 103075200
2303 3070 103075200
2303 3191 103075200
2706 1547 103075200
2706 1640 103075200
1640 2706 103075200
432 3461 103075200
2706 3461 103075200
2736 2303 103161600
2303 2736 103161600
2024 3462 103161600
2024 3463 103161600
2024 3464 103161600
2931 445 103161600
445 2931 103161600
3408 2931 103161600
3465 2825 103161600
2835 373 103161600
1901 44 103161600
3437 44 103161600
3001 3066 103248000
3100 2147 103248000
3197 18 103334400
3169 3001 103334400
3001 3169 103334400
3408 874 103334400
2737 1856 103334400
2931 1862 103334400
3191 3169 103334400
1552 3408 103334400
3408 1552 103334400
2024 3178 103420800
3466 3119 103420800
3119 3466 103420800
2652 2931 103420800
3467 3437 103420800
3437 3467 103420800
2835 2303 103507200
3410 2923 103507200
2923 3410 103507200
3218 2931 103507200
2931 3218 103507200
2734 2498 103507200
2498 2734 103507200
2863 3461 103507200
3457 3437 103507200
3437 3457 103507200
1738 3468 103593600
2923 874 103593600
3201 874 103593600
874 1733 103593600
874 3201 103593600
874 2835 103593600
874 3408 103593600
3040 1547 103593600
2931 256 103593600
256 2931 103593600
2142 1963 103593600
1963 2142 103593600
3100 1063 103593600
2829 874 103680000
2498 1733 103680000
3160 1733 103680000
1733 2498 103680000
3469 126 103680000
3466 3293 103680000
3293 3466 103680000
3410 3466 103680000
3466 3410 103680000
3467 3470 103680000
3471 3408 103680000
3402 3408 103680000
3408 3471 103680000
3408 3402 103680000
3472 17 103766400
3473 17 103766400
17 3473 103766400
2024 3474 103766400
2024 3475 103766400
3391 2931 103766400
3237 2931 103766400
3476 1955 103766400
2019 1955 103766400
1955 3476 103766400
1955 2019 103766400
3476 2019 103766400
2019 3476 103766400
1229 3477 103766400
3264 0 103852800
0 3264 103852800
0 3478 103852800
17 3472 103852800
1633 566 103852800
3169 3191 103852800
2925 2754 103852800
552 3466 103852800
3466 552 103852800
3478 0 103939200
3119 0 103939200
2498 0 103939200
0 3119 103939200
3438 3191 103939200
2863 2706 103939200
3438 3100 103939200
3473 3168 103939200
3473 3291 103939200
3291 3473 103939200
1304 0 104025600
2721 0 104025600
0 1304 104025600
0 2721 104025600
3457 2931 104025600
2931 1301 104025600
1276 5 104025600
3001 3457 104112000
2024 3479 104112000
2024 3450 104112000
2024 3451 104112000
3480 2931 104112000
2825 3481 104112000
2825 3482 104112000
2825 44 104112000
3438 44 104112000
2765 44 104112000
3466 3483 104112000
3457 44 104112000
2925 0 104198400
3244 3001 104198400
922 44 104198400
3290 874 104198400
1640 2863 104198400
2144 2931 104198400
3244 2931 104198400
2931 2144 104198400
2931 3480 104198400
2931 3244 104198400
2931 3457 104198400
3149 3201 104198400
3201 3149 104198400
3367 44 104198400
2706 432 104198400
432 1905 104198400
2925 105 104198400
3483 3466 104198400
3244 3457 104198400
3001 2931 104284800
1357 373 104284800
2931 2925 104284800
2931 2883 104284800
2736 373 104284800
373 2736 104284800
3466 3149 104284800
2863 1753 104284800
2754 3244 104284800
2754 3457 104284800
3484 3408 104284800
3408 3484 104284800
3100 44 104284800
2778 44 104284800
1738 2661 104371200
2863 1640 104371200
3089 1640 104371200
1640 3089 104371200
3251 1753 104371200
3408 2736 104371200
2736 3408 104371200
3437 3001 104544000
874 1948 104544000
1856 2737 104544000
3290 3119 104544000
3485 2931 104544000
2931 3485 104544000
3079 1571 104544000
1571 3079 104544000
3408 2342 104544000
3486 3408 104544000
3408 3486 104544000
3395 2931 104630400
2931 373 104630400
2931 3395 104630400
2807 1597 104630400
2923 2931 104716800
2923 3487 104716800
3488 2931 104716800
2931 3488 104716800
2825 1263 104803200
2931 2923 104803200
2825 2569 104803200
2825 2765 104803200
1858 18 104976000
1547 874 104976000
1856 3055 104976000
1856 3489 104976000
1547 2087 104976000
3149 195 104976000
195 3149 104976000
195 1754 104976000
2863 432 104976000
3466 2706 104976000
2706 3466 104976000
2289 1129 104976000
2289 3490 104976000
874 3466 105062400
2931 3144 105062400
3466 874 105148800
2931 3426 105148800
3026 2737 105148800
3017 3466 105148800
3466 3017 105148800
1518 0 105231600
0 1518 105231600
3466 2829 105231600
2829 3466 105231600
3179 3466 105231600
3466 3179 105231600
3001 3461 105318000
432 1263 105318000
3466 1963 105318000
1963 3466 105318000
3466 3089 105318000
3089 3466 105318000
3466 2835 105318000
2835 3466 105318000
3001 2667 105404400
2024 1291 105404400
2024 44 105404400
1961 5 105404400
2925 2931 105404400
3010 2931 105404400
2765 3290 105404400
3290 2765 105404400
3491 3010 105404400
3010 3491 105404400
3491 2917 105404400
1401 18 105490800
922 2231 105490800
922 1933 105490800
2024 3251 105490800
1401 1118 105490800
1401 683 105490800
2706 2835 105490800
3290 2931 105577200
2931 3290 105577200
1246 1640 105663600
2829 3237 105663600
3466 3469 105663600
2303 2162 105750000
2923 3119 105750000
3119 2923 105750000
3119 2925 105750000
2923 1733 105750000
2835 2706 105750000
2231 922 105836400
2908 2931 105922800
2931 2908 105922800
3089 3201 105922800
3201 3089 105922800
1229 5 105922800
2917 3491 105922800
3470 3467 105922800
3066 1640 106009200
1640 3066 106009200
3466 2923 106009200
2923 3466 106009200
2931 3010 106009200
2931 3492 106009200
3262 1948 106009200
1948 3262 106009200
3470 3493 106009200
18 3494 106095600
18 3197 106095600
2024 2025 106095600
2024 2148 106095600
3066 3120 106095600
3120 3066 106095600
1647 1933 106095600
3420 892 106095600
892 3420 106095600
2024 1795 106182000
3331 3014 106182000
432 2923 106182000
2923 432 106182000
3066 2931 106182000
2931 3410 106182000
2931 3066 106182000
2925 1795 106182000
2024 3344 106268400
2024 1489 106268400
2024 1527 106268400
2024 1314 106268400
2024 1595 106268400
2024 1101 106268400
2931 1640 106268400
2024 1688 106354800
2024 1829 106354800
2024 2216 106354800
2024 2261 106354800
3119 3495 106354800
1640 2931 106354800
2917 2931 106354800
2931 2917 106354800
2931 2498 106354800
3066 3191 106354800
3066 2306 106354800
2306 3066 106354800
2024 3496 106441200
2024 2536 106441200
2024 2492 106441200
2024 2338 106441200
2024 2290 106441200
2024 2408 106441200
2024 1532 106441200
2024 1643 106441200
2024 2472 106441200
3440 3119 106441200
2398 2341 106441200
3497 3201 106441200
3201 3497 106441200
3440 2472 106441200
2024 1888 106527600
1263 2099 106527600
58 2778 106527600
3001 874 106614000
2923 3144 106614000
2931 2398 106614000
2736 1754 106614000
3033 3343 106614000
3033 3029 106614000
1547 3119 106700400
1547 2923 106700400
3144 2923 106700400
3144 2931 106700400
3492 2931 106700400
3498 3201 106700400
2825 3191 106700400
3191 58 106700400
3191 44 106700400
3481 2825 106700400
3482 2825 106700400
2388 2807 106700400
3149 3466 106700400
2303 3119 106786800
3119 3467 106786800
2825 446 106786800
3499 3500 106786800
3440 2923 106873200
446 2825 106873200
446 2807 106873200
1263 3393 106959600
3467 3119 106959600
342 2707 106959600
2707 342 106959600
2024 2528 107046000
3100 259 107046000
3357 3501 107046000
3100 5 107132400
3218 18 107218800
1263 1626 107218800
2652 2923 107218800
2923 2652 107218800
1948 3496 107218800
3440 2281 107218800
105 2925 107218800
3502 3293 107218800
3293 3502 107218800
3503 18 107305200
18 3503 107305200
3504 3014 107305200
3014 3504 107305200
2835 2923 107305200
2923 2835 107305200
3149 2931 107305200
3470 2931 107305200
2931 3149 107305200
2908 2892 107305200
2892 2908 107305200
2863 1750 107305200
3275 3470 107305200
3470 3275 107305200
1948 2923 107391600
460 1961 107391600
3466 1948 107391600
1948 3466 107391600
3100 3291 107391600
1246 1738 107478000
1738 1246 107478000
3505 3014 107478000
3014 3505 107478000
3498 3119 107478000
3119 3498 107478000
1961 460 107478000
3291 3100 107478000
2303 2445 107564400
3226 2923 107564400
2923 3226 107564400
2707 1961 107564400
1961 2707 107564400
2707 3066 107564400
1552 18 107650800
18 1552 107650800
3226 3014 107650800
3014 3226 107650800
3014 3506 107650800
58 3507 107650800
3258 2706 107650800
2706 3258 107650800
0 3290 107737200
922 3508 107737200
2706 2707 107737200
2707 2706 107737200
3293 2706 107737200
2706 3293 107737200
1738 874 107823600
1640 874 107823600
1246 874 107823600
3506 3014 107823600
1246 1948 107823600
1963 2298 107823600
2298 1963 107823600
2473 1733 107823600
1948 3281 107823600
1948 1933 107823600
58 1914 107823600
2445 2303 107910000
3014 2707 107910000
3100 1437 107910000
533 1199 107910000
1199 533 107910000
1738 2923 107996400
3509 1263 107996400
1547 3509 107996400
3509 446 107996400
446 3509 107996400
3232 2461 107996400
2461 3232 107996400
3509 1633 107996400
3509 3367 107996400
2892 3191 107996400
3191 2892 107996400
3509 1423 107996400
3509 3510 107996400
3509 58 107996400
3509 3499 107996400
3509 3429 107996400
3509 3428 107996400
3509 3500 107996400
3509 2388 107996400
3509 3438 107996400
3509 2825 107996400
3509 3290 107996400
3509 2807 107996400
3511 1263 108082800
1263 3509 108082800
1263 3512 108082800
3367 446 108082800
446 3512 108082800
58 2126 108082800
3481 3509 108082800
3510 3509 108082800
58 3509 108082800
2807 3512 108082800
2807 3397 108082800
3144 3149 108082800
3149 3144 108082800
2807 1263 108169200
3499 1263 108169200
3510 1263 108169200
1263 2715 108169200
2807 2135 108169200
2807 446 108169200
3510 446 108169200
3499 446 108169200
1633 3513 108169200
2807 1423 108169200
2807 2825 108169200
2825 3514 108169200
2807 58 108169200
2807 3500 108169200
2807 2388 108169200
2807 3290 108169200
2807 3481 108169200
3515 3293 108169200
1817 18 108255600
2892 3001 108255600
3001 2892 108255600
460 3014 108255600
3515 1263 108255600
3119 3168 108255600
2388 1633 108255600
2388 1597 108255600
3293 2807 108255600
2388 1933 108255600
1263 3516 108342000
1961 2923 108342000
2923 1961 108342000
446 2079 108342000
3517 2303 108428400
3518 1263 108428400
1961 2076 108428400
1633 3519 108428400
3514 2892 108428400
2892 3514 108428400
3519 2807 108428400
2807 3411 108428400
3519 58 108428400
58 3519 108428400
3500 3499 108428400
3191 1738 108514800
432 2306 108514800
2306 2827 108514800
3516 2892 108514800
2892 2807 108514800
3503 2825 108514800
2825 3503 108514800
3168 3149 108514800
3149 3168 108514800
2827 1571 108514800
1961 0 108601200
0 1961 108601200
1571 2827 108601200
1571 2844 108601200
1571 1915 108601200
3170 922 108687600
922 3170 108687600
1856 3520 108687600
1 3119 108687600
3119 1 108687600
3232 2923 108687600
1894 2923 108687600
2923 3232 108687600
2923 1894 108687600
2892 3521 108687600
3492 3170 108687600
3170 3492 108687600
2024 1776 108774000
2024 2543 108774000
3014 460 108774000
3522 2892 108774000
2892 3522 108774000
3170 2707 108774000
2707 3170 108774000
2707 1819 108774000
3100 3293 108774000
3293 3100 108774000
2024 2237 108860400
2024 2800 108860400
2024 1541 108860400
1263 1633 108860400
1263 2765 108860400
1263 3318 108860400
2827 3367 108860400
3367 58 108860400
3505 2707 108860400
2707 3505 108860400
3428 1263 108946800
1633 1263 108946800
2765 1263 108946800
3481 1263 108946800
1633 446 108946800
2765 446 108946800
58 446 108946800
3481 446 108946800
58 1633 108946800
3438 1633 108946800
2765 1633 108946800
3367 1633 108946800
1633 2765 108946800
1633 3438 108946800
1633 58 108946800
1633 3367 108946800
3438 3367 108946800
2765 3367 108946800
58 3367 108946800
3481 3367 108946800
3367 3438 108946800
58 22 108946800
2892 2765 108946800
3149 1963 108946800
1963 3149 108946800
3481 2807 108946800
3438 58 108946800
2765 58 108946800
3523 58 108946800
58 3523 108946800
58 2765 108946800
58 3438 108946800
58 31 108946800
2765 3438 108946800
3438 2765 108946800
3481 2765 108946800
2765 3318 108946800
2024 0 109033200
58 1263 109033200
3232 2707 109033200
2707 3232 109033200
3440 3505 109033200
3505 3440 109033200
18 3524 109119600
58 0 109119600
0 58 109119600
2303 2844 109119600
2024 3119 109119600
1263 44 109119600
3393 446 109119600
446 3367 109119600
446 1633 109119600
446 3393 109119600
446 58 109119600
446 3438 109119600
58 6 109119600
3393 1633 109119600
3393 3367 109119600
3367 3393 109119600
3367 3523 109119600
432 44 109119600
3525 2892 109119600
2892 3525 109119600
2825 3393 109119600
2807 3393 109119600
1312 2707 109119600
2707 1312 109119600
3393 58 109119600
58 3393 109119600
58 1103 109119600
58 39 109119600
58 44 109119600
3438 1849 109119600
3393 3438 109119600
3438 3393 109119600
2827 3393 109119600
2765 3393 109119600
3499 3393 109119600
3100 3393 109119600
3393 2765 109119600
3100 2715 109119600
3440 2844 109119600
3526 1263 109206000
1948 2525 109206000
3293 2892 109206000
2892 3293 109206000
2892 3527 109206000
3526 2807 109206000
2807 3526 109206000
58 566 109206000
58 3528 109206000
3526 3393 109206000
1312 1738 109378800
1738 1312 109378800
1738 1866 109378800
2024 1765 109378800
2827 1423 109378800
2827 3500 109378800
3281 3505 109378800
3281 44 109378800
2306 1738 109465200
2706 1738 109465200
1738 2306 109465200
1738 3496 109465200
1738 3281 109465200
3100 3368 109465200
3529 3522 109465200
3281 3496 109465200
2706 0 109551600
3001 3498 109551600
3505 1738 109551600
3496 1738 109551600
2024 3530 109551600
1357 3498 109551600
3505 3119 109551600
2736 2923 109551600
2923 2736 109551600
2807 3530 109551600
3498 2707 109551600
2707 3498 109551600
3072 3531 109551600
2706 3281 109551600
3505 3281 109551600
3397 3291 109551600
2024 1930 109638000
2925 3119 109638000
3119 2827 109638000
2827 1304 109638000
2398 2461 109638000
2461 2398 109638000
2827 2398 109638000
2398 2827 109638000
3532 3529 109638000
3517 3531 109638000
1547 3440 109724400
3293 1633 109724400
3533 2807 109724400
3149 3532 109724400
2827 3281 109724400
1263 3499 109810800
2825 3293 109810800
3532 1901 109810800
1901 3532 109810800
2342 3408 109810800
3100 3534 109810800
3535 2923 109897200
2923 3535 109897200
2923 3111 109897200
3536 446 109897200
3536 1948 109897200
3536 3367 109897200
3481 2892 109897200
3536 2892 109897200
3536 2825 109897200
3536 2807 109897200
2388 2765 109897200
3536 2765 109897200
1379 2927 109897200
2927 1379 109897200
3536 2827 109897200
3536 3521 109897200
3537 18 109983600
18 3537 109983600
2827 2303 109983600
3538 1738 109983600
1738 2892 109983600
1738 3538 109983600
2024 2033 109983600
2024 1983 109983600
2827 1263 109983600
2827 3119 109983600
961 798 109983600
2827 446 109983600
2827 1633 109983600
2827 3509 109983600
58 9 109983600
2115 3151 109983600
3151 2115 109983600
2827 0 110070000
3001 3496 110070000
2024 2721 110070000
2398 1304 110070000
3066 1304 110070000
1304 2398 110070000
1304 3066 110070000
1640 1246 110070000
2827 2298 110070000
3169 2923 110070000
2923 3169 110070000
1633 1921 110070000
3438 1423 110070000
3499 1423 110070000
3100 3438 110070000
2827 3168 110070000
3539 3503 110070000
3503 3539 110070000
3540 0 110156400
3017 2298 110156400
2298 3017 110156400
432 1733 110156400
2765 1423 110156400
2388 3100 110156400
3540 1856 110242800
1948 2398 110242800
2398 1948 110242800
3533 2734 110242800
2734 3533 110242800
2734 597 110242800
2024 2655 110329200
2825 357 110329200
3438 3428 110329200
3541 3542 110329200
3542 3541 110329200
3119 1357 110415600
2188 2923 110415600
2016 2923 110415600
2923 2188 110415600
2923 2016 110415600
2825 2298 110502000
2298 2825 110502000
2825 2829 110502000
2829 2825 110502000
3543 2892 110502000
2892 3543 110502000
2461 1948 110588400
18 3149 110674800
1738 3498 110674800
2024 3531 110674800
3119 432 110674800
2734 2892 110674800
3500 2892 110674800
2892 2734 110674800
2892 3500 110674800
3544 2707 110674800
62 3544 110674800
3500 2827 110674800
3544 3545 110674800
3545 3544 110674800
3546 2807 110761200
2034 3072 110761200
3072 2034 110761200
3438 3546 110761200
18 2892 110847600
2135 1452 110847600
224 3072 110847600
1229 3072 110847600
3072 224 110847600
3072 1229 110847600
3547 2498 110847600
2498 3547 110847600
224 1229 110847600
1738 2135 110934000
2892 2135 110934000
3087 2306 110934000
2306 3087 110934000
3548 2188 110934000
3144 2188 110934000
2188 3548 110934000
2188 3144 110934000
2024 404 111020400
3527 1263 111020400
2706 1246 111020400
3540 2736 111020400
2736 3540 111020400
3235 3072 111020400
3540 2863 111020400
2827 1738 111193200
2863 3540 111279600
3168 3505 111279600
3100 1626 111279600
2706 2135 111366000
2135 2706 111366000
3201 3498 111366000
2892 58 111366000
3549 2706 111366000
2706 3549 111366000
2024 3550 111452400
944 3072 111452400
3072 944 111452400
3550 3505 111452400
3505 3550 111452400
28 922 111538800
922 28 111538800
1304 2827 111538800
3437 3149 111538800
3149 3437 111538800
3551 58 111538800
58 3551 111538800
2498 195 111625200
3510 2892 111625200
2892 3510 111625200
3552 2807 111625200
2498 3149 111625200
3149 2498 111625200
2706 2958 111625200
3391 3437 111625200
3437 3391 111625200
3100 3552 111625200
3529 1738 111711600
1738 3529 111711600
2024 3123 111798000
2024 3298 111798000
3066 874 111798000
3001 3144 111884400
1571 3014 111884400
3014 1571 111884400
2892 1263 111884400
1263 3525 111884400
3119 3553 111884400
3144 3201 111884400
3100 3191 111884400
2892 3509 111884400
3100 2892 111884400
100 2892 111884400
2892 3100 111884400
2892 100 111884400
3100 58 111884400
3100 3290 111884400
3100 1849 111884400
3428 3525 111884400
3100 3554 111884400
2306 1518 111970800
2973 1738 112057200
128 3014 112057200
3014 128 112057200
3536 1263 112057200
2736 2301 112057200
3066 1312 112057200
3151 3549 112057200
3549 3151 112057200
2973 3014 112143600
2825 3014 112143600
3014 2973 112143600
3191 2079 112143600
2306 1963 112143600
3014 2825 112230000
2135 3119 112230000
2706 3066 112230000
3555 3066 112230000
3066 3555 112230000
3293 3556 112230000
3100 2079 112230000
1871 2079 112230000
2892 3119 112316400
3119 2892 112316400
1963 2398 112316400
2398 1963 112316400
3066 1948 112316400
1948 3066 112316400
2825 3397 112316400
3149 2905 112316400
2905 3149 112316400
1901 2736 112316400
2736 1901 112316400
3555 62 112316400
3100 2073 112316400
1263 1910 112402800
2892 28 112402800
28 2892 112402800
2825 1291 112402800
3072 3079 112402800
3555 3513 112402800
2024 3173 112489200
3100 1357 112489200
3100 1594 112489200
3079 3072 112489200
2016 3014 112575600
3014 2016 112575600
2398 3119 112575600
3258 3119 112575600
3119 2398 112575600
3119 3258 112575600
2706 1961 112575600
3160 2398 112575600
2398 3160 112575600
2825 3367 112575600
2825 3438 112575600
2310 3557 112575600
3500 2079 112575600
2827 3428 112575600
2827 3526 112575600
2024 3325 112662000
2440 2498 112662000
3550 2398 112662000
2398 3550 112662000
2892 2306 112662000
0 2925 112748400
1948 2925 112748400
2925 1276 112748400
3558 3505 112748400
2310 2135 112834800
3437 2736 112834800
2736 3437 112834800
167 3559 112834800
26 2498 112834800
2498 26 112834800
100 26 112834800
26 100 112834800
1263 3560 112921200
373 2135 112921200
2892 373 112921200
2892 3561 112921200
3562 3549 112921200
3549 3562 112921200
3329 18 113007600
3559 18 113007600
18 3329 113007600
18 3559 113007600
2024 64 113007600
3559 3014 113007600
3014 3559 113007600
2461 2863 113007600
1633 3561 113007600
3149 1948 113007600
1948 3149 113007600
1948 3562 113007600
3329 3563 113007600
3563 3329 113007600
3559 167 113007600
2498 2706 113007600
2706 2498 113007600
3564 3549 113007600
3549 3564 113007600
3562 3564 113007600
3564 3562 113007600
1597 1263 113094000
2706 210 113094000
2461 2118 113094000
2461 1933 113094000
3149 3565 113094000
3565 3017 113094000
3017 3565 113094000
1871 18 113180400
2024 3277 113180400
2498 2 113180400
2 2498 113180400
2398 3014 113180400
3014 2398 113180400
2498 2440 113180400
2892 2079 113180400
3563 2706 113180400
2715 3566 113180400
2498 3201 113266800
3201 2498 113266800
922 1227 113353200
3014 2863 113353200
1871 446 113353200
3558 3201 113353200
432 3542 113353200
432 2706 113353200
2807 3567 113353200
18 1871 113439600
18 3564 113439600
1955 0 113439600
3568 1263 113439600
1263 3568 113439600
3367 3119 113439600
3119 3367 113439600
3089 1227 113439600
3568 1633 113439600
2398 2498 113439600
3568 3367 113439600
3568 3191 113439600
3438 2825 113439600
3568 2825 113439600
3568 58 113439600
2706 3563 113439600
3568 3438 113439600
3438 3568 113439600
3569 2498 113439600
2498 3569 113439600
3291 3570 113439600
3568 3100 113439600
2892 0 113526000
3001 1227 113526000
3149 2298 113526000
2298 3149 113526000
3367 3481 113526000
3570 3291 113526000
2310 0 113612400
3566 1263 113612400
100 3119 113612400
3119 100 113612400
1955 2310 113612400
2310 1955 113612400
3566 3571 113612400
3566 3500 113612400
2868 3014 113698800
1894 3014 113698800
3089 3014 113698800
3014 2868 113698800
3014 1894 113698800
3014 3089 113698800
3572 1263 113698800
2715 1263 113698800
1263 3566 113698800
3201 3144 113698800
2707 3544 113698800
2715 3572 113698800
3572 3500 113698800
1792 3001 113785200
3001 1792 113785200
3149 3014 113785200
1263 2892 113871600
446 3510 113871600
3099 2931 113871600
2825 3510 113871600
3515 3510 113871600
3573 3201 113958000
3367 3574 113958000
1682 3575 113958000
3576 2498 113958000
2498 3576 113958000
2931 3237 114044400
2931 2736 114044400
2931 3575 114044400
3438 3574 114044400
2498 3505 114044400
1263 3577 114130800
1304 3119 114130800
3119 1304 114130800
2931 2461 114130800
3367 3513 114130800
2310 1933 114130800
2310 44 114130800
2310 1291 114130800
3566 3577 114130800
2931 1678 114217200
2931 3201 114217200
2388 451 114217200
3510 2825 114217200
3574 2807 114217200
2807 3577 114217200
3060 1437 114217200
2024 1945 114303600
3514 1263 114303600
2931 1733 114303600
2931 1227 114303600
3510 2461 114303600
2461 3510 114303600
2931 2306 114303600
2931 3120 114303600
1948 1945 114303600
1545 1945 114303600
3481 3578 114303600
2827 3579 114303600
100 3001 114390000
3001 100 114390000
1263 3438 114390000
3576 2298 114390000
2298 3576 114390000
2931 432 114390000
2736 2398 114390000
2398 2736 114390000
2201 1682 114390000
1682 2201 114390000
3548 3563 114390000
3563 3548 114390000
3438 3577 114390000
3440 1952 114390000
1952 3440 114390000
2931 28 114476400
3563 373 114476400
3580 2607 114476400
3581 3293 114476400
3293 3581 114476400
18 3582 114562800
2931 2303 114562800
3583 3014 114562800
3014 3583 114562800
2931 3119 114562800
2931 1246 114562800
446 3577 114562800
3367 3584 114562800
3581 2306 114562800
3581 2736 114562800
2498 2736 114562800
2736 3581 114562800
2736 2498 114562800
2167 1933 114562800
2931 3089 114649200
2931 1699 114649200
2931 2060 114649200
3500 1633 114649200
1633 3500 114649200
3089 2398 114649200
2398 3089 114649200
3100 2825 114649200
3500 3572 114649200
3436 2498 114649200
2498 3436 114649200
3500 3577 114649200
3014 16 114735600
3014 450 114735600
2807 3584 114735600
1911 2498 114735600
2498 1911 114735600
3100 1906 114735600
3119 1263 114822000
450 3119 114822000
3119 450 114822000
3499 2825 114822000
2825 3499 114822000
3499 3510 114822000
3510 3499 114822000
3436 3014 114908400
16 3014 114908400
3014 2652 114908400
3014 3436 114908400
2863 3119 114908400
3119 2863 114908400
2863 2306 114908400
3585 2306 114908400
2892 3481 114908400
3505 3563 114908400
3563 3505 114908400
3550 3089 114908400
3541 3089 114908400
2827 3290 114908400
3585 2863 114908400
2863 3585 114908400
2715 3586 114908400
3437 3510 114908400
3510 3437 114908400
3541 3550 114908400
3550 3541 114908400
3587 3588 114908400
2825 3586 114994800
3584 373 114994800
373 1892 114994800
2734 2736 114994800
2736 2734 114994800
3584 62 114994800
3584 2734 114994800
3559 2827 114994800
3588 3587 114994800
2765 0 115081200
2024 1892 115081200
2931 1856 115081200
3563 2461 115081200
3089 2931 115081200
2931 2892 115081200
3129 3201 115081200
3201 3129 115081200
3589 2892 115081200
2892 3589 115081200
3499 2765 115081200
2765 3499 115081200
3584 3505 115081200
3129 1892 115081200
474 2375 115167600
1263 3590 115340400
3584 2461 115340400
3089 3584 115340400
3518 3584 115340400
126 2154 115426800
3584 98 115426800
3282 3072 115426800
3584 105 115426800
2024 2736 115513200
3169 3014 115513200
2154 3014 115513200
3014 3169 115513200
3014 2154 115513200
3119 3505 115513200
3089 3120 115513200
3120 3089 115513200
2154 126 115513200
3089 2892 115513200
2892 3089 115513200
3072 3282 115513200
3072 3134 115513200
3591 3144 115513200
3144 3591 115513200
3505 2498 115513200
3500 3515 115513200
1948 3001 115599600
3001 1948 115599600
2024 185 115599600
3500 1263 115599600
1263 3500 115599600
3275 2931 115599600
2931 3470 115599600
2931 3275 115599600
2652 3563 115599600
3563 2652 115599600
3581 3592 115599600
1640 2923 115686000
2923 3563 115686000
2807 3533 115686000
2312 3395 115686000
3294 18 115772400
2931 3001 115858800
3573 2298 115858800
3563 2923 115858800
2931 3191 115858800
2807 3438 115858800
2736 3542 115858800
2060 1652 115858800
2832 2060 115858800
2060 2832 115858800
3525 3593 115858800
2931 2 115945200
2 2931 115945200
2461 1892 116031600
3541 2498 116031600
2498 3541 116031600
3470 1892 116031600
2024 3149 116118000
2473 3014 116118000
2473 2298 116118000
2298 2473 116118000
3581 2461 116118000
3563 1894 116118000
1894 3563 116118000
1263 737 116204400
2923 2298 116204400
2298 2923 116204400
3594 3581 116204400
3581 3594 116204400
3573 3160 116204400
3160 3573 116204400
3573 3001 116290800
3550 3001 116290800
3585 2461 116290800
3585 373 116290800
3467 2845 116290800
3395 2827 116290800
3585 2435 116290800
2024 2712 116377200
3119 2461 116377200
16 2298 116377200
2298 16 116377200
2827 2825 116377200
2863 2736 116377200
3595 3563 116377200
3563 3595 116377200
3585 2827 116377200
3087 18 116463600
1948 2498 116463600
3585 3505 116463600
3505 3585 116463600
2024 2053 116550000
2931 3408 116550000
2736 2863 116550000
3596 2827 116550000
2827 3596 116550000
2498 3001 116636400
2506 3001 116636400
3001 2506 116636400
2498 28 116636400
2931 2707 116636400
2498 1948 116636400
2306 3581 116636400
2498 189 116636400
2827 2498 116636400
2498 2827 116636400
3017 2060 116636400
2060 3017 116636400
2931 2298 116722800
2298 2498 116722800
3100 3572 116722800
3100 3571 116722800
3597 3001 116809200
2825 2827 116809200
2827 1276 116809200
3438 3481 116809200
3573 2498 116809200
2498 3573 116809200
2024 137 116895600
450 3014 116895600
3179 2892 116895600
2892 3179 116895600
3598 3599 116895600
2024 2329 116982000
1263 62 116982000
2461 3119 116982000
1682 2461 116982000
2931 3600 116982000
2931 3563 116982000
3563 1963 116982000
1963 3563 116982000
3258 3563 116982000
3563 3258 116982000
3518 990 116982000
3282 2163 116982000
3573 3563 117068400
2471 3563 117068400
3563 2471 117068400
3573 2060 117068400
1682 3119 117154800
3119 1682 117154800
2498 2298 117154800
2060 1291 117154800
3367 3601 117241200
3600 18 117327600
3505 2298 117327600
2298 3505 117327600
3600 2931 117327600
3563 3201 117327600
3600 3563 117327600
3563 3298 117327600
3598 2827 117327600
3500 0 117414000
2024 2652 117414000
1263 2827 117414000
1961 3602 117414000
1961 2706 117414000
2461 3470 117414000
2931 1948 117414000
2807 3603 117414000
3604 3169 117414000
3169 3604 117414000
3510 2827 117414000
3160 2612 117414000
2899 3514 117414000
3514 2899 117414000
1738 1915 117500400
2024 2584 117500400
2712 874 117500400
3014 3541 117500400
1263 1753 117500400
3470 2461 117500400
2652 2306 117500400
2825 1753 117500400
2040 2016 117500400
2016 2040 117500400
2712 3573 117500400
2712 1753 117500400
2060 2576 117500400
1948 2931 117586800
3573 2931 117586800
2931 2827 117586800
3470 3201 117586800
3201 3558 117586800
2652 3119 117673200
3119 2652 117673200
1647 1547 117673200
3201 2652 117673200
3144 3001 117759600
3201 3119 117846000
373 2829 117846000
2829 373 117846000
2807 3605 117846000
3470 2584 117846000
1547 1647 117932400
2461 2584 117932400
2686 1948 117932400
3470 1682 117932400
1682 3470 117932400
2686 3563 117932400
3563 2686 117932400
2388 3428 117932400
3438 1263 118018800
3438 446 118018800
3563 1948 118018800
1948 3563 118018800
1948 2686 118018800
2807 3367 118018800
2825 2807 118018800
3606 3563 118018800
3563 3606 118018800
3438 3500 118018800
3100 990 118018800
3606 3440 118018800
3440 3606 118018800
28 3001 118105200
28 1738 118105200
3201 28 118105200
3201 2827 118105200
2106 2445 118105200
3563 3119 118191600
3119 3563 118191600
2306 2863 118191600
3563 2736 118191600
2736 3563 118191600
3168 3563 118191600
3563 3168 118191600
3151 2734 118191600
2734 3151 118191600
3607 18 118278000
2440 3001 118278000
2024 3604 118278000
2931 3505 118278000
2931 0 118364400
2 3608 118364400
2306 874 118364400
1276 874 118364400
28 874 118364400
3119 3201 118364400
1423 446 118364400
2931 2754 118364400
2931 5 118364400
1423 3367 118364400
1423 3438 118364400
1423 3500 118364400
1423 3499 118364400
2825 2388 118364400
2060 3608 118364400
3573 3609 118364400
3609 3573 118364400
1682 3001 118450800
3563 3001 118450800
3586 1263 118450800
2931 2135 118450800
2931 1961 118450800
2931 2963 118450800
3586 2825 118450800
3563 1682 118450800
3586 3500 118450800
1921 3470 118450800
3089 3001 118537200
3120 3001 118537200
3001 3120 118537200
922 3119 118537200
2471 3014 118537200
3014 43 118537200
3014 2471 118537200
2931 1263 118537200
1263 1092 118537200
446 1063 118537200
2931 1915 118537200
2931 2844 118537200
3505 3201 118537200
3563 2826 118537200
2826 3563 118537200
1682 3563 118537200
3510 3610 118537200
3611 1465 118537200
1465 3611 118537200
2827 2844 118537200
3290 0 118623600
3119 922 118623600
2863 3014 118623600
3293 1263 118623600
1263 3293 118623600
2706 2931 118623600
2931 105 118623600
2931 2706 118623600
2931 2163 118623600
3112 3201 118623600
2827 3201 118623600
3201 3112 118623600
3509 3577 118623600
3509 2892 118623600
3509 3293 118623600
3583 1263 118710000
1263 3583 118710000
2931 2863 118710000
3089 2736 118710000
2736 3089 118710000
3612 3613 118710000
3609 3613 118710000
3613 3612 118710000
3001 3609 118796400
3001 3612 118796400
3001 3614 118796400
3001 3615 118796400
3001 3613 118796400
3001 3616 118796400
460 2931 118796400
3616 2931 118796400
3613 2931 118796400
2931 460 118796400
2931 3616 118796400
2931 3613 118796400
2931 3614 118796400
2931 3615 118796400
2931 3612 118796400
2931 3609 118796400
2827 2306 118796400
1423 3428 118796400
3615 3613 118796400
3614 3613 118796400
3613 3615 118796400
3613 3614 118796400
2925 3612 118796400
2925 3614 118796400
2925 3615 118796400
2925 3616 118796400
3616 2827 118796400
3617 1263 118882800
2079 1263 118882800
2827 6 118882800
3168 2931 118882800
2931 3168 118882800
2079 2825 118882800
2079 1748 118882800
2079 2200 118882800
2079 3500 118882800
2079 1966 118882800
2079 3100 118882800
3201 3001 118969200
3001 3618 118969200
3001 2827 118969200
3001 3619 118969200
2686 1738 118969200
3100 445 118969200
3100 1092 118969200
3100 10 118969200
3526 3367 118969200
2855 1423 118969200
1423 2855 118969200
3100 14 118969200
3470 2141 118969200
2141 3470 118969200
3100 3481 118969200
3619 2827 118969200
2079 2461 119055600
1379 2652 119055600
2827 2079 119055600
2079 3599 119055600
2079 2827 119055600
3620 3599 119055600
3001 3410 119142000
3001 3558 119142000
3001 3486 119142000
2931 2440 119142000
2440 2931 119142000
1963 1948 119142000
1948 1963 119142000
1948 3558 119142000
1423 2388 119142000
2825 2079 119142000
2827 3518 119142000
2925 3558 119142000
3119 3440 119228400
3119 990 119228400
3290 3201 119228400
3201 3290 119228400
26 3149 119228400
3149 26 119228400
2388 3621 119228400
1647 3470 119228400
3440 3518 119228400
3573 3622 119228400
3622 3573 119228400
3001 2440 119314800
2931 311 119314800
2079 3509 119314800
2388 2892 119314800
3550 3149 119314800
3149 3550 119314800
2388 3623 119314800
2652 1379 119314800
3518 3440 119314800
3624 3573 119314800
922 2440 119401200
3367 3625 119401200
2024 3328 119487600
2079 1733 119487600
3510 1961 119487600
1961 3510 119487600
2931 3099 119487600
2931 3624 119487600
1948 3099 119487600
3367 3626 119487600
3293 2826 119487600
2826 3293 119487600
3099 2306 119487600
2306 3099 119487600
2079 1412 119487600
1817 3253 119487600
2079 2082 119487600
3573 3550 119487600
3550 3573 119487600
3627 3626 119487600
3573 3099 119487600
3099 3573 119487600
3573 3624 119487600
2163 3001 119574000
2440 922 119574000
2135 2367 119574000
311 2931 119574000
3039 18 119746800
18 3039 119746800
2863 922 119746800
2187 2931 119746800
2931 2471 119746800
2306 3628 119746800
618 3563 119746800
3563 618 119746800
2734 3492 119746800
3367 3629 119833200
2306 2844 119833200
3510 3149 119833200
3149 3510 119833200
3630 2707 119833200
2707 3630 119833200
2863 1933 119833200
2863 1915 119833200
2863 2844 119833200
2863 3628 119833200
3492 2734 119833200
3397 3631 119833200
3515 0 119919600
3594 1738 119919600
1738 3594 119919600
2135 1227 119919600
3515 446 119919600
2825 3594 119919600
3293 2863 119919600
3515 3500 119919600
3594 2137 119919600
2137 3594 119919600
3470 1921 119919600
2079 525 119919600
2079 2569 119919600
2642 3594 119919600
3515 3629 119919600
1738 3573 120006000
3119 3594 120006000
1423 3191 120006000
3563 3149 120006000
3149 3563 120006000
3583 3514 120006000
3516 3515 120006000
3515 3516 120006000
3201 3573 120092400
3550 2188 120092400
2188 3550 120092400
3632 3572 120092400
3632 3566 120092400
2715 3632 120092400
3632 2715 120092400
3632 2271 120092400
3632 3633 120092400
3633 2715 120092400
2715 3633 120092400
3634 3510 120092400
3100 3510 120092400
3635 3634 120092400
3634 3635 120092400
18 2734 120178800
2892 1738 120178800
2707 1963 120178800
1963 2707 120178800
373 3563 120178800
3500 2807 120178800
3636 3632 120178800
3633 3632 120178800
3632 3636 120178800
3636 2715 120178800
3633 3636 120178800
3636 3633 120178800
0 105 120265200
2707 2829 120265200
2829 2707 120265200
105 2807 120265200
796 2707 120265200
2707 796 120265200
3119 2135 120351600
3510 2931 120351600
3510 3290 120351600
3290 3510 120351600
2715 3637 120351600
3510 3634 120351600
3636 3637 120351600
3633 3637 120351600
1263 3584 120438000
3001 3078 120524400
3001 3573 120524400
3563 3573 120524400
2060 3573 120524400
3510 3078 120524400
3510 3573 120524400
3583 3638 120524400
3014 3510 120610800
1894 2931 120610800
3510 3583 120610800
1868 1738 120697200
3510 3014 120697200
3201 2398 120697200
2398 3201 120697200
1868 3639 120697200
3510 3640 120697200
2024 2440 120783600
2827 2892 120783600
2892 2827 120783600
2765 2807 120783600
2607 3641 120783600
2931 1738 120870000
2461 3642 120870000
2471 2931 120870000
3169 2931 120870000
2931 3169 120870000
2931 3643 120870000
2931 3078 120870000
2931 1753 120870000
2931 44 120870000
2931 3573 120870000
3191 3573 120870000
3644 3169 120870000
3169 3644 120870000
3634 3151 120870000
3151 3634 120870000
2925 3642 120870000
2892 18 120956400
3563 2829 120956400
2829 3563 120956400
2931 3510 120956400
1633 3645 120956400
1547 1868 121042800
2473 2931 121042800
1868 3646 121042800
3583 3647 121042800
3470 1738 121129200
1738 3470 121129200
2024 3648 121129200
3525 3649 121129200
2707 3001 121215600
922 2801 121215600
3470 3573 121215600
62 3119 121302000
3119 62 121302000
3644 2931 121302000
2931 3644 121302000
1263 3647 121388400
2931 2187 121388400
432 2707 121388400
2825 3647 121388400
3650 3636 121388400
3636 3650 121388400
373 445 121474800
445 373 121474800
2306 1961 121474800
1961 2306 121474800
2707 432 121474800
432 2863 121474800
2925 3651 121474800
3290 3014 121561200
3014 3290 121561200
3517 1633 121561200
1633 3517 121561200
3652 3563 121561200
1868 3653 121561200
1948 28 121647600
2707 1948 121647600
1948 2306 121647600
1948 2707 121647600
2707 3149 121647600
3149 2707 121647600
3160 2707 121647600
2707 3160 121647600
3160 3168 121647600
3168 3160 121647600
2163 3282 121647600
2925 618 121647600
618 2925 121647600
922 1753 121734000
3647 1263 121734000
3089 3119 121734000
3654 2306 121734000
2306 3654 121734000
3647 2825 121734000
3647 3583 121734000
3647 497 121734000
1963 3014 121820400
3014 1963 121820400
2707 3201 121820400
3201 2707 121820400
3566 2825 121820400
2825 3599 121820400
3566 3586 121820400
3566 3632 121820400
3655 2405 121820400
1961 1738 121906800
3525 1263 121906800
3201 2440 121906800
3510 2440 121906800
2440 3201 121906800
2440 3510 121906800
3293 2707 121906800
2707 3293 121906800
3499 3290 121906800
3525 3428 121906800
3089 3510 122079600
3656 3581 122079600
3581 3656 122079600
3644 18 122166000
1263 3657 122166000
1754 195 122166000
3510 3089 122166000
3290 2388 122166000
3583 3657 122166000
3531 3657 122166000
3149 3119 122252400
3119 3149 122252400
3633 3650 122252400
3590 1263 122338800
3089 1963 122338800
1963 3089 122338800
3541 3014 122425200
1856 3470 122425200
2306 1227 122425200
1545 2707 122425200
2707 1545 122425200
18 3644 122511600
3658 18 122598000
18 3658 122598000
796 43 122598000
3201 43 122598000
43 796 122598000
43 3201 122598000
3201 3470 122598000
3367 3552 122598000
2825 3509 122598000
2623 18 122684400
3201 3505 122684400
3659 2892 122684400
2892 3659 122684400
2807 3552 122684400
0 18 122770800
0 62 122770800
0 874 122770800
0 44 122770800
0 1291 122770800
2801 922 122770800
1263 3517 122770800
3160 2829 122770800
2829 3160 122770800
2807 62 122770800
3563 3652 122770800
105 3590 122770800
1738 0 122857200
3660 796 122857200
796 3660 122857200
3470 373 122943600
373 3470 122943600
3440 2863 122943600
2863 3569 122943600
2863 3440 122943600
3440 3569 122943600
2801 3563 123030000
1263 2073 123116400
3201 1961 123116400
1961 3201 123116400
3518 2825 123116400
3583 2825 123116400
2825 3518 123116400
3563 2801 123116400
2827 3661 123116400
3149 1640 123289200
1640 3149 123289200
2545 2607 123375600
2827 892 123375600
2545 2927 123375600
2931 18 123462000
18 2233 123462000
1856 2308 123462000
3563 2892 123462000
2892 3563 123462000
2807 2827 123462000
3661 3572 123462000
3566 3572 123462000
3571 3572 123462000
3572 3661 123462000
3572 2715 123462000
3572 3566 123462000
3572 3571 123462000
3572 3586 123462000
3572 2827 123462000
3661 3566 123462000
3571 3566 123462000
3566 3661 123462000
3566 2715 123462000
3661 3571 123462000
2827 3571 123462000
3661 3586 123462000
46 2440 123548400
2440 46 123548400
46 1963 123548400
1963 46 123548400
2827 2388 123548400
2827 2715 123548400
2827 3599 123548400
2827 3584 123548400
1263 3662 123634800
3119 874 123721200
2707 3014 123721200
3577 1263 123721200
1263 3663 123721200
3495 3119 123721200
1547 1304 123721200
2707 2308 123721200
2306 2707 123721200
26 2707 123721200
2707 26 123721200
2707 3664 123721200
3665 2707 123807600
2707 3665 123807600
3201 2829 123894000
2829 3201 123894000
3160 1682 123980400
2715 3661 123980400
3517 1263 124066800
1948 2652 124066800
3517 2825 124066800
3516 3290 124066800
3438 3518 124066800
3070 2652 124066800
2652 3070 124066800
3510 3518 124066800
3517 3518 124066800
3583 3518 124066800
2827 3517 124066800
1823 18 124153200
18 2623 124153200
3500 446 124153200
1633 3666 124153200
3571 3500 124153200
2807 3667 124239600
2388 3518 124239600
3666 3546 124239600
1263 3667 124326000
446 2388 124326000
1948 1849 124326000
2807 3668 124326000
2827 3657 124412400
2827 3629 124412400
3669 446 124498800
3583 3509 124498800
3100 1263 124585200
1263 3100 124585200
2137 1304 124585200
1304 2137 124585200
2734 2923 124585200
2923 2734 124585200
3100 446 124585200
3100 1633 124585200
3100 62 124585200
2388 3290 124585200
3290 3670 124585200
3518 3671 124585200
1738 1948 124671600
3014 2298 124671600
3191 28 124671600
3500 3367 124671600
432 3290 124671600
3500 2825 124671600
3594 2707 124671600
2707 3594 124671600
3500 3290 124671600
3438 3290 124671600
3515 3290 124671600
3500 3518 124671600
3669 2825 124758000
2825 3669 124758000
2874 3672 124758000
3149 18 124930800
2388 2825 124930800
43 3014 125017200
1263 3514 125017200
3586 3572 125017200
3586 3566 125017200
3586 3571 125017200
3586 2715 125017200
3586 3661 125017200
796 0 125103600
3673 1263 125103600
1263 3673 125103600
2931 3416 125103600
3673 3514 125103600
3514 3673 125103600
3070 2829 125190000
2829 3070 125190000
2931 1849 125190000
2931 62 125190000
2863 3584 125190000
2040 3285 125190000
3674 3201 125276400
3201 3674 125276400
3674 1963 125276400
1963 3674 125276400
3674 3144 125276400
3144 3674 125276400
3500 3438 125276400
46 1437 125276400
1437 46 125276400
3571 3518 125276400
3674 3070 125276400
3070 3674 125276400
2707 3119 125362800
2388 3571 125362800
3518 3571 125362800
3571 2388 125362800
2388 3510 125362800
3518 3500 125362800
3518 2827 125362800
3674 3160 125362800
3160 3674 125362800
3675 3100 125362800
3667 3367 125449200
3667 2807 125449200
3564 18 125535600
3675 18 125535600
1263 3191 125535600
3160 1894 125535600
1894 3160 125535600
2707 2892 125535600
2892 2707 125535600
2931 1682 125622000
2765 3191 125622000
2388 3676 125622000
432 3201 125708400
3677 18 125798400
18 3677 125798400
2652 3014 125798400
3014 3170 125798400
3119 3290 125798400
446 3671 125798400
2652 3201 125798400
46 1948 125798400
2652 1948 125798400
1948 46 125798400
2825 3584 125798400
3438 3517 125798400
2652 46 125798400
3293 3584 125798400
1263 3571 125884800
3540 3119 125884800
3119 3540 125884800
2826 3678 125884800
3679 3571 125884800
3571 3679 125884800
3540 46 125884800
46 3540 125884800
3679 3500 125884800
46 0 125971200
1545 3014 125971200
3014 1545 125971200
1948 3119 125971200
3119 1948 125971200
46 2652 125971200
1545 3160 125971200
3583 1856 126057600
3680 3566 126057600
3566 3680 126057600
3566 3518 126057600
1856 3001 126144000
1961 3119 126144000
3681 3564 126144000
3564 3681 126144000
3119 2298 126230400
3517 446 126230400
2807 1633 126230400
432 1948 126230400
3517 2827 126230400
2135 2863 126316800
3580 2927 126403200
2927 3580 126403200
3669 373 126489600
3160 3149 126489600
3149 3160 126489600
3682 3599 126489600
2827 3682 126489600
3682 2827 126489600
3510 0 126576000
3510 1633 126576000
3510 1423 126576000
3510 2807 126576000
2707 3487 126576000
43 18 126662400
18 43 126662400
1263 3682 126662400
2829 2736 126662400
1963 2931 126662400
2931 1963 126662400
2736 3201 126662400
3201 2736 126662400
18 3675 126748800
1263 5 126835200
3290 1948 126835200
3168 2707 126835200
2707 3168 126835200
3500 3510 126835200
2707 1246 126921600
1246 2707 126921600
2931 1894 126921600
3683 3599 126921600
2931 43 127008000
43 2931 127008000
3293 3201 127008000
3201 3293 127008000
3572 3680 127008000
2827 3566 127008000
3518 2388 127008000
2734 18 127180800
432 1547 127180800
1547 432 127180800
3674 3014 127267200
3014 3674 127267200
2734 3201 127267200
3201 2734 127267200
1948 3060 127267200
3684 3599 127267200
2707 1547 127353600
1547 2707 127353600
3518 3572 127353600
3518 3661 127353600
3066 1738 127440000
1738 3066 127440000
3089 43 127440000
43 3089 127440000
3066 3055 127440000
3402 46 127440000
46 3402 127440000
2827 3598 127526400
2827 3683 127526400
3168 3014 127612800
3014 3168 127612800
3674 3001 127699200
3685 18 127785600
18 3686 127785600
3687 2306 127785600
2306 3687 127785600
2141 2707 127785600
2707 2141 127785600
3687 2106 127785600
3688 3687 127785600
3687 3688 127785600
3688 18 127872000
18 3685 127872000
2892 874 127872000
1263 1423 127872000
1263 2855 127872000
1263 2807 127872000
1263 2825 127872000
1263 3518 127872000
1263 3617 127872000
1263 3481 127872000
1263 3510 127872000
1263 1948 127872000
1263 3629 127872000
1263 3531 127872000
1263 943 127872000
2707 1733 127872000
2440 2923 127872000
2923 2440 127872000
2707 2461 127872000
1423 1633 127872000
2892 3518 127872000
1423 2807 127872000
2807 3531 127872000
46 2707 127872000
2707 46 127872000
3526 2827 127872000
445 3119 127958400
2807 3669 128131200
46 3089 128131200
3089 46 128131200
1547 1423 128217600
1547 2652 128217600
3669 1423 128217600
1423 3669 128217600
3669 2807 128217600
3358 2147 128217600
2707 2306 128304000
46 26 128304000
26 46 128304000
2707 874 128390400
3675 1263 128390400
1263 3689 128476800
2829 2440 128476800
2829 43 128476800
3675 2931 128476800
2931 3675 128476800
3290 3682 128476800
2925 874 128563200
3690 2440 128563200
2440 3690 128563200
43 2829 128563200
1948 1263 128736000
1263 3691 128736000
2306 2440 128736000
2440 2306 128736000
2827 3691 128736000
432 874 128822400
2835 2440 128822400
2440 2835 128822400
3686 18 128908800
46 18 128908800
18 46 128908800
1263 922 128908800
2825 922 128908800
3692 1263 128908800
2827 1246 128908800
1961 1849 128908800
2835 2398 128908800
2398 2835 128908800
3010 1948 128908800
1948 3010 128908800
2825 2446 128908800
3010 2106 128908800
2827 3692 128908800
3692 2827 128908800
1856 3693 128995200
1856 3583 128995200
2306 3119 128995200
3686 3119 128995200
3119 3686 128995200
46 1733 128995200
3694 46 128995200
46 3694 128995200
3695 3692 128995200
3692 3695 128995200
2734 3014 129081600
2807 3574 129081600
100 18 129168000
1948 874 129168000
2931 2652 129168000
2652 432 129168000
432 2652 129168000
2306 2652 129168000
2863 874 129254400
1263 3692 129254400
3169 1948 129254400
1948 3169 129254400
2863 373 129254400
373 2863 129254400
2931 874 129340800
2931 3696 129340800
46 43 129427200
43 46 129427200
2801 3014 129513600
3667 62 129513600
2827 62 129513600
18 1862 129600000
432 3119 129600000
432 2 129686400
3119 1961 129686400
432 1100 129686400
3367 62 129686400
432 1753 129686400
3517 62 129686400
3014 2801 129859200
2706 1948 129859200
1948 2706 129859200
26 1948 129945600
1948 26 129945600
3697 26 129945600
26 3697 129945600
1948 446 130032000
446 1948 130032000
3438 1948 130032000
3510 1948 130032000
3667 1948 130032000
2827 1948 130032000
18 3698 130118400
18 3699 130118400
18 100 130118400
18 3688 130118400
1263 1227 130118400
2973 2829 130118400
1948 3510 130118400
1948 2827 130118400
3700 3201 130204800
2310 3201 130204800
3201 3700 130204800
3201 2310 130204800
3701 1948 130204800
1948 3701 130204800
1948 1733 130291200
3160 3120 130291200
2807 1754 130291200
2137 922 130377600
922 2137 130377600
2863 3160 130377600
1738 2973 130464000
46 2931 130464000
3674 46 130464000
46 3674 130464000
2835 1894 130550400
1894 2835 130550400
2827 3702 130550400
3099 2923 130636800
46 2923 130636800
2923 3099 130636800
2923 46 130636800
126 3469 130636800
3682 3290 130636800
373 1738 130723200
1738 373 130723200
1948 2440 130723200
2187 1948 130723200
1948 2187 130723200
373 2826 130723200
2826 373 130723200
3160 2306 130723200
2306 3160 130723200
2829 922 130809600
922 2829 130809600
3487 2923 130809600
2461 3703 130809600
3599 3598 130809600
3599 2827 130809600
3599 3702 130809600
3599 3684 130809600
3599 3682 130809600
3599 3683 130809600
18 3704 130896000
100 1948 130896000
1948 100 130896000
3518 737 130896000
922 3705 130982400
2079 2892 130982400
2079 1849 130982400
2652 3066 130982400
3066 2652 130982400
2079 780 130982400
18 3294 131068800
3168 3119 131068800
3160 2863 131068800
3160 3706 131068800
3707 18 131155200
18 3707 131155200
2825 2652 132451200
2827 2652 132451200
3010 1263 132624000
3010 3367 132624000
3367 135 132624000
3010 2825 132624000
3010 2807 132624000
2807 135 132624000
2827 135 132624000
2807 3708 132796800
1263 3119 132883200
3675 446 132969600
3510 3709 132969600
1423 2827 133228800
3668 3293 133228800
2825 3010 133315200
1423 3516 133401600
3526 105 133401600
1263 3422 133488000
1263 3710 133747200
3710 446 133747200
3367 3710 133747200
3010 3667 133747200
3010 1633 133833600
1633 2388 133833600
1263 3675 133920000
1263 3221 133920000
2827 2807 133920000
2827 3221 133920000
3572 3679 134179200
1263 3711 134265600
1263 3661 134265600
2827 58 134870400
2827 3712 134870400
3675 1633 134956800
2827 3010 134956800
3293 3668 134956800
1263 3713 135129600
2827 3713 135129600
2827 3714 135302400
3500 3714 135388800
2892 3715 135475200
1263 3716 136166400
2807 3716 136166400
3675 2825 136339200
2807 3717 136339200
1263 3718 136425600
2827 3718 136425600
58 2715 136767600
3293 3290 137026800
1263 3719 137113200
1263 3720 137113200
1263 3721 137372400
2827 3721 137372400
3010 2827 137718000
2807 3722 137977200
3290 3723 138150000
1263 3724 138236400
3290 3724 138236400
3719 1263 138495600
3719 1633 138495600
1423 3509 138495600
1423 3667 138495600
1423 3719 138495600
1423 3510 138495600
1423 3290 138495600
1263 3725 138927600
1263 3574 139186800
1263 3726 139532400
1263 3605 139532400
3605 3574 139532400
3726 2892 140310000
58 1423 140482800
58 2807 140482800
58 3428 140482800
58 3577 140482800
1263 3727 140569200
3438 2807 140569200
3726 3527 140569200
3290 3367 140655600
3367 3509 140655600
3367 2807 140655600
3367 1423 140655600
3367 2827 140655600
3367 3290 140655600
3367 3577 140655600
3367 3428 140655600
3726 3509 140655600
1423 3393 140655600
1423 58 140655600
1423 3577 140655600
3726 3438 140655600
2807 0 140742000
2807 3509 140742000
2807 3428 140742000
3728 3500 140742000
3500 3726 140742000
3728 3726 140742000
3574 1263 140828400
3728 1263 140828400
1263 3728 140828400
1263 3729 140828400
3574 3367 140828400
3527 2892 140828400
3574 3438 140828400
3726 3571 140828400
3571 3726 140828400
3574 3667 140828400
3527 3726 140828400
2827 3726 140828400
3726 2827 140828400
3574 3605 140828400
3726 1263 140914800
1263 2306 140914800
3509 3393 140914800
3509 3574 140914800
3509 3667 140914800
3509 2827 140914800
3509 3518 140914800
3726 58 140914800
3679 3572 140914800
3679 3567 140914800
3675 3119 141001200
3571 58 141001200
3668 3667 141001200
3667 3605 141087600
3393 3509 141346800
3393 1423 141346800
3393 2807 141346800
3393 3577 141346800
3393 3721 141346800
3667 3730 141346800
1263 87 141692400
2827 3731 141692400
1263 432 141778800
3675 3367 141778800
3675 1423 141778800
3675 2807 141778800
1263 3732 141865200
1263 1750 141865200
3719 3509 142038000
3719 3367 142210800
3719 3724 142210800
1263 135 142297200
2825 3733 142297200
3518 3733 142297200
2827 3487 142297200
3733 1263 142383600
3726 3519 142383600
1263 3734 142642800
1263 3735 142729200
2807 3734 142815600
2827 3667 142815600
2827 3736 142815600
3518 1633 142902000
3518 3367 142902000
2807 3737 142902000
3010 3738 142902000
1263 2310 142988400
3667 2310 142988400
3668 1633 143074800
58 2892 143074800
58 3726 143074800
3010 3730 143247600
2827 2024 143334000
1227 1263 143334000
2827 3739 143334000
1263 28 143679600
2827 28 143679600
1263 3730 143766000
1263 3740 143938800
3411 62 143938800
3721 3010 143938800
3667 3741 143938800
2827 3742 143938800
2827 3741 143938800
1263 3741 144025200
3743 1263 144111600
3667 3743 144111600
1263 3598 144370800
1633 3598 144370800
3721 3744 145148400
3721 3393 145234800
3721 1951 145234800
2827 3745 145234800
3667 3746 145407600
3675 3747 145407600
3518 3393 145580400
1263 3748 145753200
1263 3737 145753200
1633 3746 145753200
3726 3748 145753200
1633 3747 145839600
1263 3411 145926000
2825 3744 146012400
3719 1423 146098800
3742 2827 146098800
3719 3733 146098800
3574 1633 146185200
3574 2825 146185200
3605 3726 146358000
2827 737 146530800
2827 2539 146530800
1263 3742 146703600
1423 3742 146703600
3742 3574 146703600
1263 3634 146790000
1263 3712 146876400
3367 3749 147135600
3749 2807 147135600
2807 3749 147135600
3746 3667 147308400
3574 3750 147308400
3746 3742 147308400
3605 3411 147394800
3605 2827 147394800
3743 2825 147913200
3743 3572 147913200
3743 3571 147913200
3743 3500 147913200
3743 2827 147913200
3746 3411 148086000
2827 2855 148258800
3743 3719 148431600
1263 3751 148604400
3749 1263 148690800
1263 3749 148690800
3749 3367 148690800
58 3571 148777200
2855 2827 148950000
3191 3367 149209200
3367 3411 149209200
3367 3191 149209200
3367 3742 149209200
3367 3667 149209200
3742 2825 149382000
2807 3752 149554800
1263 3526 149727600
3510 3726 149727600
1263 3753 149900400
3438 3753 149900400
1263 3754 150505200
2825 3754 150505200
3010 3721 150850800
3367 3010 151196400
1263 3610 151369200
3675 3667 151369200
1263 3755 151455600
3719 3755 151455600
2825 3574 151542000
2825 62 151542000
3500 3667 151714800
1263 3756 151801200
2825 3756 151801200
1263 3757 151887600
1633 3668 151887600
3742 1423 151974000
3742 3500 151974000
1263 3758 152406000
3742 3667 152406000
1633 3574 152492400
3500 3574 152492400
3719 3667 152492400
3719 3730 152492400
3719 3518 152751600
3742 2892 153097200
3742 3438 153270000
3759 1633 153356400
1633 3759 153356400
3367 3668 153529200
3668 3367 153615600
3668 105 153615600
3742 1263 153702000
446 3760 153702000
1263 3761 153788400
2825 3762 153788400
1263 3763 153874800
3605 2807 154047600
3719 2388 154306800
1263 3764 154652400
3527 3764 154652400
3438 3527 154911600
3500 3765 155170800
3367 3766 155516400
1263 3767 155602800
3767 1263 155689200
3767 3500 155862000
2825 3500 155948400
3668 446 156034800
2825 3768 156207600
3769 1263 156380400
1263 3769 156380400
3769 3010 156380400
3742 3769 156380400
3719 3768 156380400
3617 446 156812400
3770 3742 156898800
3742 3770 156898800
2825 3517 157071600
1263 3771 157158000
3742 3771 157158000
3367 3772 157334400
3719 3500 158284800
3500 3742 158630400
3767 446 158803200
3719 2825 159062400
3767 1633 159494400
3527 3773 159667200
3719 3725 159926400
3725 3719 160272000
2827 3774 160444800
1263 155 160531200
3668 62 160617600
2827 3610 160790400
1263 3515 160963200
3500 3768 161049600
3500 990 161049600
3743 2807 161136000
3743 3667 161136000
3743 3428 161136000
3743 3742 161136000
3743 3668 161136000
1263 3458 161222400
3773 3527 161222400
3743 3598 161222400
3743 3367 161308800
3367 3743 161308800
3742 3743 161308800
3500 3762 161568000
3742 135 161654400
1263 3775 161740800
2807 3742 161913600
3742 2807 162086400
3668 1276 162086400
3668 155 162086400
3668 3776 162086400
3776 3668 162086400
3668 3584 162086400
3668 3509 162172800
3668 3571 162259200
3668 1263 162345600
1263 3668 162345600
3668 1948 162345600
3500 1423 162345600
3668 2825 162345600
3668 2807 162345600
3775 1263 162604800
3742 3527 162950400
2855 1633 163123200
2855 3610 163123200
1263 3733 163296000
1263 3762 163555200
1263 3777 163555200
2827 3778 163555200
1263 3779 163641600
2825 3779 163641600
3742 2388 163728000
3500 3780 163728000
3605 3634 163728000
3634 3605 163728000
2807 3781 163814400
1263 3782 164246400
3782 1423 164246400
